,full,no_csa,no_rpa,single_alpha,gbm,no_agents_all_alphas
2021-01-04,0.0,0.0,0.0,0.0,0.0,0.0
2021-01-05,0.0,0.0,0.0,0.0,0.0,0.0
2021-01-06,0.0009999999999999998,0.0009999999999999998,0.0009999999999999998,0.0009999999999999998,0.0009999999999999998,0.0009999999999999998
2021-01-07,0.00047587804046214107,0.0007810223951577519,0.0006266101031193053,2.6107526121072743e-05,0.00032620453082367426,0.00017572107143518686
2021-01-08,0.0003196927882576423,0.0007862260014910224,0.0006306193558034002,1.909239598571276e-05,0.0003167712302499323,0.0001671483253773709
2021-01-11,0.000317976662258262,0.0007763848220937862,0.0006299867315927607,1.6232038012505974e-05,0.0003192417533317122,0.0003221213925676336
2021-01-12,0.00031713990504323483,0.0007821004641098756,0.00047147603982742974,2.0366041521467316e-05,0.00016826949047429957,0.000316214319949544
2021-01-13,0.00032267304115322947,0.0007752049774107499,0.00032356202787319806,1.5786534062609035e-05,0.0003238283930282862,0.00016796494789225567
2021-01-14,0.00030950381744501444,0.0007761969418540286,0.0006173676105547782,1.5075279809078621e-05,0.0003161256630830864,0.00016365730591770758
2021-01-15,0.0003201667308941765,0.0007771416989998664,0.0003319848151566345,9.524831322805544e-06,0.0003207173265720253,0.000166518804867394
2021-01-19,0.00046497460158044827,0.0007757743635115002,0.0004701255195630665,0.00016429649436693362,0.0007769278410096677,0.00016415013067346102
2021-01-20,0.0007707751243372083,0.00046606193260942624,0.00031881165780752314,0.0001694880538337316,0.00031776334845328607,0.0003222102820669445
2021-01-21,0.00016300744041354735,0.0007884727952141939,0.0006298049605256583,0.00016753723111169385,0.000475670412147482,0.0003175191508941464
2021-01-22,0.0003153881462704311,0.0007760479718067349,0.0004694271098756043,0.00016873598362413396,0.00031364483919896674,0.00031954537162015085
2021-01-25,0.0001598160866666389,0.0007751301519573213,0.00016345570033047074,0.00016582561309135403,0.0006205999345710161,0.00016357070096151456
2021-01-26,0.0004753944984306983,0.0007756189069868544,0.00048521187572221966,0.00016480464131293356,0.000629423441616812,0.0003190430129003276
2021-01-27,0.0006259812550897653,0.0007826050629802492,0.0004742584931907234,1.4564459387680667e-05,0.0003178417584757056,1.2587347922696113e-05
2021-01-28,0.0007922881792770962,0.0007863164195092532,0.00048623849882497357,0.00016943395964402972,0.0004782257669044133,0.0003369454180028228
2021-01-29,0.000776288206789856,0.0007913625053280414,0.0007726700573043202,2.0308352375524155e-05,0.0006273472925763257,0.0004929398470611458
2021-02-01,0.0003156824136489194,0.0007771784541578857,0.0004737032685573249,1.3848542024896395e-05,0.0006277906954669731,0.0004755157144678088
2021-02-02,0.000473444739432521,0.0007814691265693185,0.00047706384461480367,0.00016425232578814276,0.0007751208792308878,0.0004726183378890906
2021-02-03,0.000619666396506687,0.0007804910113504777,0.0004711253665574768,6.721292992810865e-06,0.000627067050743093,0.0001638089347068421
2021-02-04,0.0007816334304862296,0.000777086379954307,0.0007785633144882955,1.2039123692097073e-05,0.0006263462104246346,0.00016276467527867489
2021-02-05,0.0007734274009932509,0.0007807218976200635,0.00031633702197804035,2.3039488354264394e-05,0.0006239118849600987,0.00031885217739785016
2021-02-08,0.0007802730397770308,0.0007738052252533518,0.00047087116867405393,9.854948276480383e-06,0.0006259174543493717,0.0004710911937613718
2021-02-09,0.00048204239272427873,0.00032178835725847995,0.0001649341265495553,1.2624211042409849e-05,0.0004789750561782836,0.0003195477184359708
2021-02-10,0.0003247148608883043,0.0007770615166547037,0.00017081830439739815,1.1245729268224508e-05,0.0004755152933130705,0.00031161422095715393
2021-02-11,0.00031817064665862053,0.0007800075129136439,0.0006225615858717024,1.2546390256427466e-05,0.0004718458557895983,0.0003128749451672908
2021-02-12,0.00047559058852050936,0.0006252318796673821,0.0003312874547451453,1.2885336437233122e-05,0.00032250683004010644,0.00016785152645526857
2021-02-16,0.0003181850285349176,0.0007753019679831301,0.0004727539622697589,1.2073632913612867e-05,0.00031215884343763006,0.00016087360041488574
2021-02-17,0.0003154321351740082,0.0007788093212324554,0.0001740582984917555,0.0001707674188947021,0.0004776022397161304,0.00016604549640654472
2021-02-18,0.0004688164955254324,0.0007748199718705089,0.00016132052228490563,1.3600883614017942e-05,0.00016589373592176636,0.00031530992334887604
2021-02-19,0.0004692420819212152,0.0007840222183492811,0.00047213138896847113,6.847042583094557e-06,0.00016595595543453844,1.2663713053387815e-05
2021-02-22,0.0004686599584986556,0.0006312684254136349,0.0007764800243040303,1.1203630927061809e-05,0.0006274977376409998,0.0007732770370241112
2021-02-23,0.00047903952592946546,0.0007816066348229851,0.0006228790883514295,2.66003823651106e-05,0.0006297253961597152,0.0006234378987095112
2021-02-24,0.00031797374302069156,0.0007721245609045461,0.0007731152556396225,0.00017020818365760115,0.0006258769111707995,0.0004702045173335322
2021-02-25,0.00047642026204174857,0.0007868577297160359,0.000624058938456791,1.4594447616662704e-05,0.0006325247303092642,0.0006204428040190555
2021-02-26,0.0007875305481486451,0.0007836695235143538,0.0006273024782831111,1.719188693858213e-05,0.00047688406298758207,0.0006270699246275968
2021-03-01,0.0007749536148966829,0.0007793604635658825,0.0004683754507395003,1.7558240970598425e-05,0.00032020867595221417,0.0006224576963101086
2021-03-02,0.000777855437473902,0.0007799279144074563,0.0007812068563497849,0.00016715279523992765,0.0007768759091795426,0.00031891920671856916
2021-03-03,0.0007767247533305221,0.0007782130253779024,0.0006205561227327177,1.1125249734923126e-05,0.0003154106635903636,0.0007767403068030767
2021-03-04,0.0001814106774220364,0.0007792376861787993,0.0006374451575311233,1.9543541017439604e-05,0.0003204985429991849,0.00031474965583763666
2021-03-05,0.0007846722273310372,0.0007752399157166075,0.000627731365164272,1.3881910087882893e-05,0.0006245897732952253,0.00032955382440089
2021-03-08,0.0007782254267620905,0.00047842274694342535,0.0003147181528876014,1.8286049413118343e-05,0.00047212401250660863,0.00031738663105877285
2021-03-09,0.0006425797271123165,0.0003334824466340703,0.00048495014265710157,0.00017728251126044047,0.00047015300753899114,0.0001823853457325551
2021-03-10,0.0003288204295740105,0.0007829430456570124,0.0006289926332211894,4.205964785316088e-05,0.0007853621814633798,0.00048125915190788237
2021-03-11,0.0007860581126910079,0.0007781886935135146,0.000481912063721232,0.00016301230895111635,0.00032293230406121794,0.00032620840389780147
2021-03-12,0.000323991669955023,0.0006274477204753869,0.0006247978496087722,0.0001705991043045556,0.0003172234468091592,0.0001640364598638071
2021-03-15,0.00031770556975584265,0.0007780387280877237,0.00032181884867682784,0.00016877393187443275,0.0003136280852856097,0.0003169635942726177
2021-03-16,0.0003150131646178931,0.0007765211471204748,0.0004744958711104962,0.0001637852828634625,0.0003181093872683648,0.00031698506689293866
2021-03-17,0.0004663005577895218,0.0007792527476169005,0.000778838837027632,1.6838033990023565e-05,0.00047275977514794703,0.00032037602096409264
2021-03-18,0.0007786792030027892,0.0006243507815813915,0.00047164037703651215,0.00016749685653346592,0.0003196081476517014,0.00046831564655894946
2021-03-19,0.0001723888648027807,0.0007819596766983823,0.00047681702311199744,1.6821118530355714e-05,0.0006231782069299259,0.0003245998117293607
2021-03-22,0.0004650051142533212,0.0006204615567568253,0.0006269424918057435,0.0001636738988574954,0.000471224480435718,0.0004651756431671918
2021-03-23,0.00032091910504819814,0.0007732342671239776,0.0003197823341802648,1.564168326914589e-05,0.00031997092948215215,0.0006250386063366835
2021-03-24,0.00032506956460525083,0.0007747000349297083,0.0006239257528364437,0.00016866512202388457,0.0003224130825472271,0.0003146361455732179
2021-03-25,0.0006288320372456185,0.000776955496795801,0.0004701698203008186,1.046197246006543e-05,0.00031969025082555376,0.0004733012400632194
2021-03-26,0.0004692096520208759,0.0007747370024397996,0.0003169134121245069,2.0477155496380946e-05,0.00031827259217708084,0.000468343854496403
2021-03-29,0.0003233190936690397,0.0006246263121161555,0.00047088078159448896,0.0001647560654929427,0.0006226418670499792,0.0003187046540207185
2021-03-30,0.0004735244386140778,0.0003133599296278602,0.0006255803237934531,8.93745633188972e-06,0.0004706650723249169,0.0006221821091135897
2021-03-31,0.00017150487862728142,0.0006189883892431139,0.00047823628759084447,0.00017190009603103662,0.00047609905711966453,0.0003146791936361316
2021-04-01,0.0003171401276978565,0.0007799044412156762,0.0006202184623442387,0.0001728857517136662,0.0004676293265779367,0.000315231614214937
2021-04-05,0.00018060031171199974,0.0007766804793121467,0.0009323402557512986,0.00047263312218454826,0.00032869743209306275,0.0003233581426384812
2021-04-06,0.0007712254716107666,0.0007790548047027795,0.00046232326507298575,1.7789999782749823e-05,0.0004681361851254745,0.00016678087268066127
2021-04-07,0.00031291532221746244,0.0009261558916500498,0.0007734910903411171,0.00016500786602000097,0.0003145771793001806,0.0004698243067005291
2021-04-08,0.00016092610162479182,0.0007723073064983477,0.0007748085830814455,0.00016521139903811965,0.0003135135859227357,0.00016546115237303495
2021-04-09,0.0003186304117155397,0.0007819284938013329,0.0006265760061393859,1.0098788645360263e-05,0.00032064942778060033,0.00016558874893213515
2021-04-12,0.00031339803064647515,0.0007720441649374344,0.0006245145905168705,1.0571791557625499e-05,0.00016835015237782794,0.0006265604405393068
2021-04-13,0.00031250994079005506,0.0007736480683486339,0.000618345853615946,0.00016407927933486727,0.00016729537505693788,0.0004686458123085402
2021-04-14,0.0003164481014759533,0.0007738385754462584,0.0006209269166595442,0.00017109821368162248,0.0003110175396351873,0.0003138699758352855
2021-04-15,0.00016805750934006664,0.000774655531246875,0.0007840817637088558,1.0671160569172597e-05,0.00047194901371297026,0.00046732727943042646
2021-04-16,0.00015994518185539648,0.0007713275757263326,0.0006209837567505695,1.326395529599253e-05,0.00016261566033929503,0.00046596147115174775
2021-04-19,0.00016075467896649597,0.0007701448597042266,0.00031374994876064594,0.00016188819860385383,0.00031347944703211366,0.00046573341809482837
2021-04-20,0.0001696903046129723,0.0007707852000744932,0.0003229951116225899,1.4214249341162971e-05,0.0003189124964045929,0.0003144840743192959
2021-04-21,1.1718635660036613e-05,0.0007766766804698678,0.0007813133988473674,9.559189765319275e-06,0.00032270768304529056,0.0001677450828441394
2021-04-22,0.0003142736373016363,0.0007767715720954849,0.0007790545016055414,1.1330790175457225e-05,0.00031617961171111013,0.0003143541082712609
2021-04-23,0.0003209431034204238,0.0007763673693352418,0.00031814800714484193,0.00016117513044462003,0.00016585691470208963,0.0001689007024865727
2021-04-26,0.0004657043607239312,0.0007753369498591882,0.00046807661913994406,8.642254019157455e-06,0.00016336353271617464,0.0001641412688109371
2021-04-27,0.00047170233331780256,0.0007844689038191075,0.0006204522810983714,9.676178901904655e-06,0.0006202680751840913,0.000325446738708288
2021-04-28,0.0004661921975561162,0.0007782282458136944,0.0007721402047714491,1.2831466533880121e-05,0.0007726635039965606,0.0006222888371345004
2021-04-29,0.00016131653837269636,0.0007769980422280293,0.0006209926786708691,2.2321921497016783e-05,0.000312700081661181,0.00031360791383559767
2021-04-30,0.000315642566653773,0.0007754988175197628,0.00031854320753788327,0.00016245465717493087,0.0004747689140243301,0.00046527557475122504
2021-05-03,0.0004764030377397658,0.0007737510923209116,0.00032234064815330735,1.7324189008249656e-05,0.00016453384984128452,0.0004744287473438419
2021-05-04,0.0004750006748567124,0.0007762293561615232,0.0003191571986476094,0.00016428477048701853,0.0007816019152465616,0.0004734123683997277
2021-05-05,0.00031404296445223563,0.0007736060179015347,0.0004765074479006598,1.4854416771719655e-05,0.0006253278780183882,0.00047275122140684147
2021-05-06,0.00031444194691807926,0.0007721974274515255,0.0006230434188057677,1.9081700757951777e-05,0.0006258390046024705,0.0003189320621612113
2021-05-07,0.0003167976959549845,0.000772101537357945,0.00047128125905112006,0.00032249246313624026,0.0006293563117445725,0.00046873856640752295
2021-05-10,0.0001627476719514414,0.0007805144088560004,0.0007750514004530244,0.00016174425998503915,0.000781095938393267,0.0006283713518636679
2021-05-11,0.0004766057637396024,0.0007877868240406448,0.00033069667462693196,1.6100177949756295e-05,0.0006183094632521015,0.0003271026944188982
2021-05-12,0.0006202912054684084,0.0007747023438327661,0.000775445776379002,1.5221466700372083e-05,0.0007721376681237868,0.0006236594339995146
2021-05-13,0.0006261095968290908,0.0007761066272056467,0.00031960152543789836,0.0001628326109552449,0.0007850685637482037,0.000323558010826189
2021-05-14,0.0007740725137437856,0.0007871465038912514,0.0003167122244685202,1.292774079236815e-05,0.0006224715564674125,0.00031980456854669613
2021-05-17,0.0004667742411103232,0.0007749695534687007,0.00046619379062439934,9.159220953391652e-06,0.00031722439434829974,0.0003281425536004012
2021-05-18,0.0004674006337756218,0.0007802043092925261,0.0003128315953496623,9.056313685396818e-06,0.00046856036729468943,0.0003214040956801822
2021-05-19,0.00016347635659657772,0.0007722311592370725,0.0004632683050367263,0.000161190388276532,0.0007720872578457848,0.000320043074373882
2021-05-20,0.0006228909586848578,0.0007817821709551208,0.0007762566152538926,1.5125141412791186e-05,0.0006167852553265247,0.0004744922810950887
2021-05-21,0.0006196152848000671,0.0007740120278204344,0.00016338408426373258,0.0001709345321989334,0.0003132429147951657,0.0004719958953807443
2021-05-24,0.0004666103294070588,0.000778031389634305,0.0007756162967552599,0.0001675494270397959,0.0007735952380267749,0.0003255002582920097
2021-05-25,0.0004661637835680251,0.000775244663601536,0.00046895553378770405,0.00016681280102005176,0.00016207184452441862,0.00032132573223348523
2021-05-26,0.0004658064481616112,0.0006189682163665129,0.0004669586956780955,9.467864142001736e-06,0.0004690712767542805,0.0003196532920111448
2021-05-27,0.0006208835946849981,0.0006196851278423795,0.000773347980002559,0.00016002096209978661,0.0006245614041515156,0.00016280127492895058
2021-05-28,0.00046832518204239604,0.0007764337116366964,0.0007746144459620187,0.0001642126825855885,0.0006236025124541083,0.00016184374985838158
2021-06-01,0.00015867395672997708,0.000772116081005289,0.0003147778547970355,0.000164983034625651,0.000466211773873688,0.00046639462214561955
2021-06-02,0.0006187337629627207,0.0007740736304094868,0.00031708725865192623,1.3586113946305962e-05,0.0007744798630783829,0.0003156835440068505
2021-06-03,0.00031217868727468316,0.0007791955600389735,0.0006235935810694371,1.035821372340244e-05,0.0004684024843651545,0.00046648782063631896
2021-06-04,0.0004726092473906235,0.0003189369256941719,0.0003204178003718792,1.0484990570665222e-05,0.0007759756196331063,0.0004693399684119493
2021-06-07,0.0003145890139049758,0.0006233530713188689,0.0006199190548682689,0.00016711042738036479,0.00046686705993928177,0.0004680803270581776
2021-06-08,0.00031140908917349906,0.0006200362123186851,0.0007725070791546692,1.0945584425304494e-05,0.0006177786741965155,0.0003148072000038239
2021-06-09,0.0006227299461249087,0.0007756049081463813,0.0004688673252422963,9.309009910846766e-06,0.0006245991123925469,0.0004692422039616638
2021-06-10,0.0006199954969834874,0.00077324311340972,0.00031149902041732914,6.656317415528259e-06,0.0003133580583544982,0.0004691947921145882
2021-06-11,0.000620809039863941,0.000780559328150227,0.0006254604295832485,1.3731879590165877e-05,0.0003212576284707181,0.00032011854973729
2021-06-14,0.0003116741952195393,0.000776776741031324,0.0003144687323028634,8.4832212084298e-06,0.0004665650739014853,0.0004654356615804771
2021-06-15,0.00031524510897392447,0.0007766453075243693,0.00046602706953588865,8.102720389659478e-06,0.0003128454518802241,0.00031554752700335475
2021-06-16,0.0007731727167466858,0.0007711414279256613,0.0006227199119854685,7.875885138226152e-06,0.00031191635527860523,0.00031207378846454415
2021-06-17,0.0003131019329030699,0.000469770633445129,4.851635661116738e-06,1.0154245740665189e-05,0.00046437449818841244,0.00015907971065932925
2021-06-18,0.00032050151354465607,0.0007885254807410466,0.00017682702374809987,2.4677605626416964e-05,0.0003133442487396814,0.000316279378718004
2021-06-21,0.0003162197481919334,0.0004642559363507109,0.0007729427758887272,1.2826301363407205e-05,0.000775433793646055,0.00031692619444133796
2021-06-22,0.0004668143481944265,0.0007735424343868092,0.0007741675729681044,1.4487845207179509e-05,0.0007771419777635375,0.00031514088500841854
2021-06-23,0.00046755696997282287,0.0007741727169357386,0.0006210253482450097,8.717614541139063e-06,0.0004677384144561406,0.0004661994041462619
2021-06-24,0.0001591422304214079,0.0006228591736945516,0.00015867372728277352,1.0657939918749152e-05,0.0006221224726585925,0.000314565389142689
2021-06-25,0.00015735796633422502,0.00046590519941939286,0.0004664438114294901,1.0700849952200206e-05,0.00015875109241085693,0.00015790334998466786
2021-06-28,0.00016134070534826753,0.0007733238698069851,0.0004694703436140134,1.0820991978012992e-05,0.0004677236442028257,0.00031378507626503933
2021-06-29,0.00016414141678659674,0.0007715588911220557,0.0004779439574287875,2.4388707126928004e-05,0.0003174748031310342,0.0003179715420654208
2021-06-30,0.000314840793010355,0.0007741630368152332,0.0006215645791053665,7.764362423148847e-06,0.0004703064875586051,0.0004676433595668299
2021-07-01,0.0,0.0,0.0,0.0,0.0,0.0
2021-07-02,0.0,0.0,0.0,0.0,0.0,0.0
2021-07-06,0.0009999999999999998,0.0009999999999999998,0.0009999999999999998,0.0009999999999999998,0.0009999999999999998,0.0009999999999999998
2021-07-07,1.2243759896241422e-05,0.0006293290014720279,0.0004741585385011225,1.6794580222786015e-05,0.0006238257790224414,0.0004730074751806179
2021-07-08,0.00016744642527334404,0.0004807558809955854,0.00047134804651531006,0.00017004535994111315,0.0006299379134134502,0.000164704372204859
2021-07-09,5.520452317493555e-06,0.00031346505055484354,0.0007726529118791491,1.2744605840889614e-05,0.0004664525777710745,0.00015827043411940813
2021-07-12,0.00031684432679288,0.0004665063314707529,0.000618446551777253,0.00032223080448052046,0.0006202788112691966,0.00016077849181788312
2021-07-13,0.0004674190672661526,0.00016360586940898032,0.0006250002193652843,0.0004719727790112188,0.00031428436220360653,0.0004724800001015855
2021-07-14,0.00016659549761043532,0.00031970645336186677,0.00047334852965112597,0.0004738735522815263,0.0003202888538252895,0.00047086740618344525
2021-07-15,0.0003149728670350356,0.00047856935958891434,0.00047044255099394785,0.0003204608706531691,0.00031521819754670944,0.00031572056456261743
2021-07-16,0.00016413817944872078,0.0006272200159946057,0.0006317384722213847,0.0006300505393429061,0.0004780983756656742,0.00031909260185290143
2021-07-19,0.00032167736231621157,0.0007846490324794706,0.0007824517560259575,0.0006227082650256682,0.000631851763973809,0.00032206811040555363
2021-07-20,0.00032385836155566887,0.0004773416694689489,0.0006348417734885479,0.00016815532284702715,0.00047037027117751736,0.00016692164756427894
2021-07-21,0.000623406405004194,0.00047356990687042215,0.0007831652020380312,2.4418417952291285e-05,0.0007806435336410722,0.0001675893163672122
2021-07-22,0.00017431079052727158,0.00016937919808649373,0.000780662468721051,0.0001657101343102718,0.0007759813444519871,0.0001719692758891885
2021-07-23,0.0004676031015937065,9.023062798887885e-06,0.0006237138008578837,0.00015886984506131505,0.0006227755586082292,0.0004671948471647176
2021-07-26,0.00016482228457031386,0.00047016127072677794,0.0007800171710705229,1.2403156131904375e-05,0.0006214635147708218,0.00031820839655961864
2021-07-27,0.0006263192858700415,0.00016677327436193595,0.0006257455759497219,0.00016472343521889218,0.00047322066110570555,0.0003173736674408933
2021-07-28,0.0004742390416610004,0.0003180393041536107,0.0004699564441543102,0.00016341869742377498,0.0007762186541283256,0.00031624346342823195
2021-07-29,0.0004681966546721549,0.0006217202953479319,0.000622297842078261,0.00016253993089561486,0.0007749237588979642,0.000317985875815014
2021-07-30,0.00016344068905637985,0.00046991323967974754,0.00047260689321444754,6.749643829321902e-06,0.0006227190455484052,0.0001628053089482297
2021-08-02,0.00032906999772314377,0.0001708416121253154,0.0004789660347191484,1.2136835183629958e-05,0.00032345078737287,0.0004733256340164977
2021-08-03,0.0001592714269701874,0.00031966163109306225,0.0007765426066450089,0.0001600572184162266,0.0004686229147837917,0.00015788815723384117
2021-08-04,0.0001629308324885748,0.00047513007491900415,0.0006264096046094551,0.0001748255000902516,0.0006254991360060755,0.0001639676386919069
2021-08-05,0.00032470105765792454,0.0006203740135113376,0.0007792297505221778,0.00016540921107300805,0.0004801786482511007,0.00031350184936295783
2021-08-06,0.0003218746889982192,0.0006252389672498481,0.00047422223566012835,2.3799291538618788e-05,0.0003104260299431801,0.00047600338157353705
2021-08-09,0.00031310547672464673,0.0007714595669571966,0.0003156623630651867,0.00016153761534750522,0.0003135035863490332,0.00046887661639587126
2021-08-10,0.00016025280546618547,0.0004710350908417395,0.0006256273586664191,0.00016265938935113236,0.0004655902279773833,0.0006239348184284711
2021-08-11,0.00017384283188953597,0.0004782248394848656,0.0004735652781565601,0.0003215726064173688,0.00032867309020927633,0.000473666445093264
2021-08-12,0.0003116670254532848,0.00047003316930708107,0.00046745935775032663,0.00046930945248501485,0.000618012426973173,0.00031643362795829406
2021-08-13,0.0004756379849600018,0.0003229121378085508,0.0003266037773488884,0.00031353413766786807,0.00047991765757742633,0.0004667809139716611
2021-08-16,0.00016566821491326988,0.0004738833475332828,0.0003165443780527146,0.0003126438175788123,0.0007797339839415629,9.205198476580385e-06
2021-08-17,0.00016215288835472451,0.0004729497118024419,0.00031536839788452877,0.00016354856680687432,0.0006225839879750364,0.0003179272668408086
2021-08-18,0.0006297070235030841,0.0006306351714584066,0.0004730488566822161,1.0291239691455386e-05,0.0004805233144952636,0.000477718314235623
2021-08-19,0.00046974207535585365,0.00047195795231458104,0.00046867775400008256,0.00015942180323425125,0.0007749170023055916,0.0003160310234095103
2021-08-20,0.00031674472072487235,0.0004779759943357094,0.0004760187204324197,0.00017274161288116744,0.00032408637627331986,0.00016480758385345324
2021-08-23,0.00031560869066918037,0.00046502377230692724,0.00031786917802728814,9.813738181394665e-06,0.0004658021529703654,0.00016096329845313742
2021-08-24,0.0003203573062231629,0.0003203000172450394,0.0004684708489327946,0.0006221997169857037,0.0004657483744752357,1.2504377163421357e-05
2021-08-25,0.0003273314469878507,0.0003221440892364983,0.0007783453484347797,0.0001660458241648156,0.0003203642796187914,0.00016218260950229374
2021-08-26,0.0001637881106204473,0.0006239079252304957,0.00047309035521951755,0.00016130927567221276,0.0007752460807936314,0.0003230304760561923
2021-08-27,0.00016463730911215032,0.00031671453422445797,0.0006248043733404175,0.00016096393008348042,0.0006254546042929902,0.0001630269914918938
2021-08-30,0.00016568225647382016,0.0006256734495935308,0.0004687478050905101,0.0001626331592552155,0.000319461444804272,0.00016330256619385576
2021-08-31,0.0004718226434045346,0.0007780192512664331,0.00046858590888152217,0.00016307296342473436,0.0003167562321895647,0.00016373601697532476
2021-09-01,0.0006200301866985543,0.00062169191125923,0.00046998735567678127,0.00016326773530990076,0.0006243898868654107,0.000316596394284077
2021-09-02,0.00047290586480909426,0.0004717263046838299,0.0007808832997059737,0.0001668972556111676,0.0003155548052430749,0.00031623861478574227
2021-09-03,0.0006237483281451733,0.0006322189992608268,0.0006179403863070747,0.00016705967283160938,0.0003116927821159287,0.00031481607366237496
2021-09-07,0.0003219206584393512,0.0006288465161776391,0.0006286290192312851,0.0003149505190228463,0.0001658565772594907,0.000316156319489874
2021-09-08,0.0003194514744518391,0.00046851119138790765,0.0007768612194212251,0.00016311554846817214,0.0003164279326611497,0.000318635750650548
2021-09-09,0.00047457682976978824,0.0004719287405307135,0.0007789533947826617,0.00032836410712401483,0.0006259024938352283,0.0004742663035216207
2021-09-10,0.00046515734320710846,0.0006202097402682678,0.0006282954046100358,0.0003166875967225671,0.00031712713113859223,0.0004737158002178911
2021-09-13,0.00031537077231724947,0.00046661187013564975,0.0006224674925241972,0.00031850901230102963,0.0006204320656887013,0.0004703869200537377
2021-09-14,0.00032109327244496757,0.00046963185772959647,0.0006231013801620203,0.00032276182959233506,0.0004703079604475546,0.00016317337675459168
2021-09-15,0.0003178848851004654,0.00031341498708091573,0.0006218681734864998,0.0003161018056397272,0.0004700321389978484,1.395082243747997e-05
2021-09-16,0.0003136216836532366,0.0007731783070303832,0.0007731973565768671,0.00016478881301143614,0.0006246696816260036,0.00031657019074007506
2021-09-17,0.0004691801593055236,0.00031328135152921866,0.0006187839653829506,0.0003102586964838369,0.00031312223097381287,0.00015946169617633355
2021-09-20,0.00031321020740325084,0.0006243258410106609,0.0003177133798577359,0.0001622786521967277,0.0007732033519460911,0.00016072435352285907
2021-09-21,0.0007753698649587381,0.0007757560015222094,0.0006246141076223091,0.000163636325943519,0.000774837333936783,0.00016304973167945603
2021-09-22,0.0007719474997125374,0.00046561919372378903,0.0006181137884157703,0.00016240160990666066,0.0007717346771756268,0.0003100390285127369
2021-09-23,0.0006215776035945552,0.00046989891369519503,0.0003178162630817134,0.0003201574299011292,0.0006223384237849813,0.00031654890097335803
2021-09-24,0.00046889004699290416,0.000619588913093958,0.0006197451082843149,0.0003191910113043072,0.00077772906992759,0.00031751411910123346
2021-09-27,0.00031270402923268964,0.0007702253293135872,0.00031832412315574074,0.00016116240302325711,0.0007745385516674636,0.00031319551052581487
2021-09-28,0.00016387983407228348,0.0003190945806892058,0.00047332303015782475,1.7607935288562167e-05,0.00047113966928711263,0.00016799302152871866
2021-09-29,0.0004731157926744122,0.0006259543041271499,0.0004724235301496239,1.0727548742945874e-05,0.00047468436431439073,0.0004714649757744649
2021-09-30,0.000319601857625134,0.0006289345046354697,0.00047092249052835483,3.0329620005618274e-05,0.00047214655425922614,0.0003198830299619315
2021-10-01,0.00031356567831943716,0.0006201408248638369,0.0003200718899121626,0.00046962194261957857,0.0007727334749826653,0.0003128624256470707
2021-10-04,0.00046499389543960855,0.0007759829954040366,0.00031969345012986184,2.087007688368732e-05,0.000772294822740438,0.0006257112811345421
2021-10-05,0.0004743658692918661,0.0004708912901433142,0.0003123348762650452,0.0003186112396098108,0.00046920467696967485,0.00046839752993308305
2021-10-06,0.00046761711537949137,0.0007730198901569898,0.0004644558318547227,0.0001684590087046077,0.0004628861428915339,0.0003158903365566197
2021-10-07,0.0003133316065959329,0.0009268917874947846,0.00016374369493644473,0.0001684967557522661,0.00046878950807036334,0.00046309494561034106
2021-10-08,0.0003152373905437999,0.0006264231294523586,0.0003188902920816743,0.00032137035021023784,0.0006234794298530898,0.0003102835305461528
2021-10-11,0.0007741291087349871,0.000778726852913391,0.0003130912494544298,0.0003134621450771802,0.00031776731731941634,0.000163349489550328
2021-10-12,0.00046860846943021787,0.0006216611446579525,0.0006194334447224043,0.00031970153450646685,0.0006191385101159823,0.00015783257661519095
2021-10-13,0.00031443951029977023,0.0007751700182776926,0.00031546377585356335,0.00016126937034997054,0.0004693271411474387,0.00031902224689457615
2021-10-14,0.0003133640616102503,0.00077828921745628,0.000321552988743261,0.0004660626637970519,0.0006188213273259655,0.0004671676907549176
2021-10-15,0.0001624216680844731,0.0006265914597545494,0.00047186077647204383,0.00016179128238943226,0.0003138414936020405,0.0001632245026134667
2021-10-18,0.0006186014995725984,0.0007731613892649563,0.0006240891665828432,0.0003136449594558208,0.0003167974096607627,0.0001574682537300362
2021-10-19,0.0001626195865455913,0.0006254168308956864,1.3782174760348418e-05,0.00016317986677454543,0.0006256628782903723,0.0004721354379418436
2021-10-20,0.0003154926746361355,0.00047306352384690056,0.00047228714032248264,6.928546400092384e-06,0.00031772037200540853,0.0001636239449759593
2021-10-21,0.00016249682090407625,0.00031413965511870907,0.0006221818939997829,0.00016193267994054527,0.00031385849151063734,0.0001596711652816477
2021-10-22,0.00032548547333998226,0.00016621876506464343,0.00031473154655489054,8.16004125526179e-06,9.818908155420983e-06,0.00046640073380000633
2021-10-25,0.00031206949653380376,0.00046900268178520717,0.0004671382024473834,0.0003188870990933499,0.00016066104894311685,0.00016641705486574276
2021-10-26,0.00047176075856817637,0.00016289932018246134,0.00031351544806132523,0.00016185088812435366,0.000317980929677859,0.00016249242548642485
2021-10-27,0.0004656055046617788,0.00031356777177316914,0.000620850436071663,0.0003173410449909122,0.0003108006048533892,0.00016307601900251284
2021-10-28,0.0003228551265640297,0.0003158594727363808,0.0006246692817506929,0.0001609378069420673,0.00032455138487385156,0.00016204053764725139
2021-10-29,0.00047406552518775393,0.0007838612807101091,0.000772884415045411,0.0001715620775565066,0.00016726178398172428,0.00048113244132599284
2021-11-01,0.00016779700424885403,0.000318950010437601,0.0006192028360363038,0.0003175890205218498,0.0004707282151484431,0.00048047242233297476
2021-11-02,0.0006199426450918431,0.0006242301499278964,0.00062135191009593,0.00047607490549993274,0.0007742535236194497,0.00046996643638386973
2021-11-03,0.0003199076972409048,0.00047267522671781947,0.0006313810932452598,0.0001629218227797971,0.0006183970193033055,0.0001673758530043469
2021-11-04,0.00047268433044297443,0.0006295161461804635,0.00046577565808383204,0.0003134402238150539,0.00047326786468143364,0.00031804322612104274
2021-11-05,0.0003222572522157163,0.0004730325728361052,0.00017414169251852985,0.0003106772845880829,0.000629380193180745,0.00016522117700243027
2021-11-08,0.0004719381989897048,0.0007807436132980303,0.00047443128460354823,0.00017918754316315874,0.000630196455673251,0.0004660102547466059
2021-11-09,0.00032231226864912893,0.0003205801211620263,0.0006248042790215694,0.00032232121036298,0.0006209806051573582,0.00016545694719623044
2021-11-10,0.00016729804730726064,0.00047518877175563724,0.0006211774117412725,0.00032346187554653885,0.0007800350973611691,0.000162231575288622
2021-11-11,0.0003215649261193021,0.0003215115349824891,0.00032259991072168596,0.00016544595503425433,0.00047512981138363077,0.0006273978846090023
2021-11-12,0.0004777298569218715,0.000320604327271433,0.0004727812323265118,1.220028342114364e-05,0.000480476666984452,0.00016710205404805016
2021-11-15,0.00031897034671051866,0.0007773176989924704,0.00031611151050472904,0.0001653611833899766,0.0007800588365034892,0.00030913809251152154
2021-11-16,0.0001624368408530872,0.0003142964568646198,0.00046859890296041816,0.00016558442631872428,0.0004684788988205049,0.00031724328262490204
2021-11-17,0.0003165719146962496,0.00047118879033902116,0.0006207239585133585,0.00016468362676245874,0.0007748047543714918,0.0003143256809250273
2021-11-18,0.00015962743455937633,0.00031418431816310866,0.0006220450217421336,0.00032258053702675184,0.00046677161196855856,0.00016712021895750419
2021-11-19,0.00031504468443367033,0.0004721700875978679,0.00046932482744308076,0.00016790147960674357,0.0004692539436866748,0.00016179163487141919
2021-11-22,0.00031963526607926005,0.0004754855444592252,0.00032591023212483357,0.0001727834262394337,0.0004819956525541795,0.0004683203419267094
2021-11-23,0.0004721819386449474,0.0004717581827639355,0.0006301523977086366,0.00032646618304487323,0.0003215285809794138,0.00047106886288500807
2021-11-24,0.0003133906233209726,0.0007854448985727567,0.0006273149589585796,0.00016587703318887768,0.0007760965425586757,0.0001786446270752468
2021-11-26,0.0006193600447691973,0.00031498450222685107,0.0006200365401982286,0.00016008451715284646,0.0006225297461150555,0.00016188077318447585
2021-11-29,0.00033128076124993964,0.0004830326973644544,0.0004822532649918749,0.0002015870414698643,0.0006369154703973704,0.0003124333316113895
2021-11-30,0.0003215289497717231,0.0003223265406292857,0.0004707810561116147,0.00017711942800754937,0.0007739817072437482,0.0004767311660722137
2021-12-01,0.0003189051484767165,0.0004705214150129068,0.0004672772091947231,0.000320078129877564,0.00047446495553386505,0.0006204953632473389
2021-12-02,0.0004800636416646382,0.0006302231968671242,0.0006297200403334015,0.00033853642510925575,0.0006334884566166372,0.0006262630688220653
2021-12-03,0.00031585310314838317,0.0004761699809224977,0.0003211616583915004,0.0003232872007359426,0.0007783967325506465,0.0004768826180780083
2021-12-06,0.0003168000919093199,0.0006234182324804097,0.00032367677270837543,0.0001692825472806459,0.0006230225523959573,0.0004664047814206402
2021-12-07,0.00016984814779711898,0.0004681728453245885,0.0003252728460857725,0.00019662033470407324,0.0007761390854076133,0.00016547372621867823
2021-12-08,0.0007765654897172194,0.0004716977138575805,0.0007817201128079116,1.8802824036034616e-05,0.0006281444874677174,0.00031575692002790487
2021-12-09,0.00046822042486698826,0.0007748426254684951,0.0007778368022699808,1.874687600012444e-05,0.00047026981556401443,0.000468405369656368
2021-12-10,0.000470339620304483,0.00031463143933077576,0.0004661453715789461,8.739954210170902e-06,0.0004655475090408853,0.00016470535465432643
2021-12-13,0.000626635909628369,0.0007719907406859317,0.0007798442365477251,0.00016660016825989133,0.0006241839174636991,9.062316543647462e-06
2021-12-14,0.00047598291647282294,0.0004791734082495564,0.0003274184813660792,0.00017493202470693814,0.0006250711648060571,0.0003182774753479493
2021-12-15,0.0003139777896976527,0.0004673357026404042,0.00046995562443639846,0.0003173641798737186,0.00047106200042361184,0.00031400120306154697
2021-12-16,0.000469693219811672,0.0006281829827049059,0.00032883089677598903,0.00017038760567197387,0.0004731287545688683,0.00046592869245703106
2021-12-17,0.00032210246565085273,0.0003202361585421005,0.0006315501205703191,1.249201920416837e-05,0.0004766516469404376,0.0001714790893168427
2021-12-20,0.000467972702579997,0.0004717725702534143,0.00016769993936012383,1.575363362895209e-05,0.0003194761302155135,0.0003134168395227089
2021-12-21,0.0004729564711321215,0.0003140440090597767,0.0004736147553654908,0.00017886803468238345,0.00047324346054165904,0.00046878250601743244
2021-12-22,0.00031855236367597816,0.0004693237134808936,0.0006255813391925081,0.00033129895917691465,0.000620430995546141,0.0004673633587344762
2021-12-23,7.131972121468017e-06,0.00016114693291758314,0.00032087026880797974,0.00032750693273398275,0.0003149601846143333,0.0003137369930519449
2021-12-27,0.00015994215545054184,0.0003126583404258985,0.00046680198141322416,0.00016406286002403192,0.0004655099233395326,0.0004662990635504049
2021-12-28,0.00016424524823988872,0.0007726668723361292,0.0003174363309337607,0.00031856746707006656,0.0006238427439959045,0.00016227457345287257
2021-12-29,0.0004668955482262044,0.0006217796074898648,0.00015920776805635194,1.0280898796303729e-05,0.0004681002489467533,0.0003140085845177649
2021-12-30,0.000310198114537817,0.0003146326449962767,0.00016004865558671267,0.0001580422925559612,0.00031154334488087246,0.0006192762242194639
2021-12-31,0.00016143851838442812,0.0006213163406608791,0.00031618756818054867,0.00016151532944521418,0.00016199841897853666,0.00031438780628241053
2022-01-03,0.0,0.0,0.0,0.0,0.0,0.0
2022-01-04,0.0,0.0,0.0,0.0,0.0,0.0
2022-01-05,0.0009999999999999998,0.0009999999999999998,0.0009999999999999998,0.0009999999999999998,0.0009999999999999998,0.0009999999999999998
2022-01-06,0.000781293199725999,0.000781121597809836,2.4002133614024895e-05,1.7559633846757517e-05,0.00078280775437065,0.0007780325457094811
2022-01-07,0.00016449145214497446,0.0007770421756397829,0.00017113245471811386,3.0780689069265955e-05,0.0004744473894128906,0.0004695543847582509
2022-01-10,0.00032313853534431455,0.0007838012752825822,0.00048033824918794103,1.0025230096513808e-05,0.0004786351224316619,1.2641721398078787e-05
2022-01-11,0.00046931619374238,0.0007786868755825789,0.00031864960187648176,1.5519561921831445e-05,0.0003179097631893603,0.00016735446116737313
2022-01-12,0.0003170274415270052,0.0007741065745153613,0.00016160918341077626,7.510019178490063e-06,0.0001618050686630129,0.0004636354191297575
2022-01-13,0.00046675269877467855,0.0007777485595185133,0.00032001260079693157,4.423310793197355e-06,0.0003142488433818621,0.00046823437379616485
2022-01-14,0.00032044495617150257,0.0007819776717266194,0.00031764437326943355,9.292242702037614e-06,0.00032873623334021547,0.0004738897395904629
2022-01-18,0.0004674134219413929,0.0007825874644600396,0.00016253767600492874,6.522552520437153e-06,0.00047447875609541557,0.0006207453279386806
2022-01-19,0.0004672522569584805,0.0004686179142749527,0.0001720605755274864,6.706294475460048e-06,0.0003243936289652402,0.0006262296142472755
2022-01-20,0.000471762482407588,0.0006210279133734387,0.00016103354286281735,1.0292914007593912e-05,0.0004786805552751768,0.0006284584251952719
2022-01-21,0.0004730144032265621,0.0007753219800554759,0.00031486986403547295,7.616990909004806e-06,0.0006240879822028429,0.00031436118000822917
2022-01-24,0.00016571320052444124,0.0007825013387680521,1.557845226800089e-05,1.1805818919927963e-05,0.0004960640819517786,0.0003180705066792698
2022-01-25,0.00032011037043672835,0.0001698258776924358,1.4750619569360676e-05,1.132222973630785e-05,0.0006277542718780367,0.0004718998738633923
2022-01-26,0.00032683077420632276,0.000628882443537031,0.0004714652959348495,9.719440200326765e-06,0.0006389689687781824,0.0004678042445948428
2022-01-27,0.0006213685170052839,0.00047571148394216545,0.0003152443061305519,1.2073932739943435e-05,0.0006218402976341999,0.0003143828329893261
2022-01-28,0.0006270429704251726,0.0007884994867808478,0.00016853907010240036,0.00016780036218300279,0.0004878795139793693,0.000477698613515223
2022-01-31,0.0007801026130113698,0.00046772107491864035,0.0003181307128212465,1.4932671073249387e-05,0.0004693907082952058,0.0007771324389658418
2022-02-01,0.0004734184727145399,0.00047236090335221173,0.00017223530046277014,1.0213978399602711e-05,0.000777541072639489,0.0007798272358951836
2022-02-02,0.0003204461845018849,0.0006251836356761472,0.00016469945673406854,9.881844121130177e-06,0.0004783064124910713,0.00047100159379015656
2022-02-03,0.0007744637497305127,0.0007804073351774024,2.2497491141622653e-05,1.0130613614712221e-05,0.0003228289669680902,0.0006242898670430952
2022-02-04,0.0001769821629687104,0.000624970276063028,0.00017550254352464994,1.1714876277844746e-05,0.0006284795344262044,0.0007809104310479851
2022-02-07,0.00017983769167233805,0.0007803332196465017,0.00031658508578110746,7.703000156414147e-06,0.0004707102735540709,0.0006189376774723038
2022-02-08,0.0004760251390313713,0.0007845136979153008,0.00016060894590734642,6.223591548774415e-06,0.0007749358852002299,0.00046543978016353886
2022-02-09,0.0006287653040943883,0.0007795253189647272,0.0003180590207476656,1.0748616195167288e-05,0.000777211802633426,0.0003174358530602102
2022-02-10,0.00047293210853336943,0.0007782421040155457,0.0001632564719607431,8.913501645719135e-06,0.0007708385020890739,0.0003201722282522206
2022-02-11,0.0006229139286591299,0.0007787020045816555,9.127644475150868e-06,0.00016070576171683647,0.0006234823077566012,0.00031449988191806303
2022-02-14,0.0006468785784900676,0.0007838985356301233,0.000172244169520076,1.0043892159451201e-05,0.00047985813195279147,0.00046693115126429945
2022-02-15,0.00046771714817461953,0.0007751809454636128,0.0001618790645042818,5.54373539224734e-06,0.0007735545291565622,0.0004658571271917616
2022-02-16,0.00047957989035097757,0.0007695491269643912,0.00016461300242433553,8.399071132671272e-06,0.0004745484251070735,0.0003242528718657364
2022-02-17,0.0007728633036816487,0.0007746552655206797,0.00016369336668392483,9.699016077734074e-06,0.0006216088415609461,0.0006241142952799929
2022-02-18,0.0006286377462832355,0.0006187750660763309,0.00016423043243602624,5.336940342953053e-06,0.00032068403058894713,0.00031935799558977494
2022-02-22,0.0007759505878578913,0.0006309254222754645,0.0004683853047997363,4.1250733107855295e-06,0.0006266638906170574,0.0007752082525576852
2022-02-23,0.0006233650175641285,0.0007822623459002019,0.00016769292124170558,6.120935030132265e-06,0.0003151114298342469,0.00032264813572225524
2022-02-24,0.0003159401441091341,0.0007760827483851225,0.000317659269531236,8.161817181244397e-06,8.560564348897168e-06,0.0003179816501462989
2022-02-25,0.0003290157993392314,0.0007774045811482118,3.0980388103954896e-05,1.249398809303949e-05,0.0007833441354879416,0.00032566773173396603
2022-02-28,0.0004672510237029347,0.0007777075372822577,0.00016355114979072248,0.00016327400151203646,0.0007754900902990859,0.0007749652291826563
2022-03-01,0.00016193433206631962,0.0007845129209722142,0.0005287058873267978,1.5643240707060162e-05,0.0007757537203015885,0.0004685171831018259
2022-03-02,0.0003314849126395484,0.0007766180037491245,1.566731044566573e-05,1.5563888651061537e-05,0.0007888682519631366,0.00016808429489531936
2022-03-03,0.00016387986682524764,0.0007830212137256571,0.0003213829955358278,1.2123156131908272e-05,0.0007846068490329497,0.0004664565047408521
2022-03-04,0.0001685629950671355,0.0007784985481307196,0.00017380791372763844,6.833185629223179e-06,0.00016817454768721008,0.0006275436935599514
2022-03-07,0.00033006250595111705,0.0007790437293207972,0.0001741678409521085,1.7212224396543353e-05,0.00018014542104745267,0.0004736562590981834
2022-03-08,0.0004969147869197403,0.0007895096667451224,0.0001815444750471133,1.5177305177375616e-05,0.0004820152576024208,0.0006263833847222668
2022-03-09,0.00031965022616700493,0.0007824904029502448,0.00016932634398183477,1.56187360693609e-05,0.0006220436890144459,0.00032938532445099853
2022-03-10,0.000473417022174719,0.0006229312484452777,0.00017028422184427855,1.043913168781105e-05,0.0007809633265787539,0.0007778919399681971
2022-03-11,0.0001674907004392367,0.0007722822308206336,0.0001694202277386003,8.31814487187281e-06,0.0006240202347586814,0.000466037207953012
2022-03-14,0.00016281922657984126,0.0007764852975220511,0.000176932921440889,9.590466444746912e-06,0.0004731766074304586,0.00031599001187144414
2022-03-15,0.00017227147049940066,0.0007832086147578874,0.00017911947995576707,1.17603588142359e-05,0.0003211539793291381,0.0003188413197138918
2022-03-16,0.00017882229338045535,0.0007733482585107137,0.00016197540671117127,1.104040494795261e-05,0.00032432902413370354,0.00016335726948193678
2022-03-17,0.00017223341640731254,0.0007792283684475992,0.00018237142894785493,6.9939536929567724e-06,0.00047720757089718006,0.00032174135326122963
2022-03-18,0.0003168691591171473,0.0007730677977390354,1.0827353976521861e-05,1.2342505586250247e-05,0.0006283704621937991,0.00031195477084681355
2022-03-21,0.0006245912986141687,0.0007757608835793063,1.61930016040915e-05,1.2550378703747728e-05,0.0003164702086892625,0.0003213821232435852
2022-03-22,0.000622844480317654,0.0007725063499039786,0.00016426575889415295,1.2329732170425837e-05,0.0003240389570066427,0.0003206175860624001
2022-03-23,0.0006256162052176898,0.0007719477895677992,0.0003175096899130108,1.0431619659107021e-05,0.00046861156726731544,0.0001608827506353653
2022-03-24,0.0006241927115852398,0.0007743585125781179,0.00032635939367913174,9.948031304997676e-06,0.00031789951707819153,0.00016491214335980287
2022-03-25,0.0007910914881481543,0.0007753290409642186,0.00017133538196937833,5.691431556496027e-06,0.00032173640622069135,0.0003160334067698331
2022-03-28,0.000474975828138224,0.0007751838197113176,0.0003208300921432161,5.242830303115523e-06,0.0004711520537233902,1.2934686819084675e-05
2022-03-29,0.00031473801092443774,0.0006210514776034205,0.00016542542201772399,1.0781496151057863e-05,0.0004715732985107175,0.0003155736616744493
2022-03-30,0.000479146238177245,0.0007764719249888402,1.6568398211330895e-05,1.2558752640986284e-05,0.0006238698124859539,0.0003144966895279722
2022-03-31,0.0006251643184230559,0.0007796880909608896,0.00016544155156572677,9.574839880880648e-06,0.000316864409762367,0.0004789857997770431
2022-04-01,0.0006324215248574871,0.0007809692075062675,0.00016487055547342579,5.938247450716847e-06,0.00031624317674422485,0.00047821160412774103
2022-04-04,0.00047448127474905143,0.0007707597886343827,0.0003302016446949221,7.235084581178317e-06,0.0007785430216915621,0.0006207987874152948
2022-04-05,0.00047015204613701353,0.0007763766584247023,0.00031392414828717544,8.835878442829446e-06,0.0006211469554774808,0.00047475832509049243
2022-04-06,0.0006250310182709835,0.0007823688299331341,0.0003268343927879375,1.4058278997371721e-05,0.0007842504668618401,0.00031702248403097733
2022-04-07,0.0007795825062330688,0.0007770581238071119,0.0004717421282721736,1.9974312127443702e-05,0.00016968597444481207,0.000629486816583663
2022-04-08,0.00031711469593137135,0.0007782811021527454,0.00031377021317901264,8.074597421047062e-06,0.00031751430471787677,0.00031378463995393035
2022-04-11,0.0004821979646589196,0.0007751271417499146,0.00016998047135125156,7.774396515941431e-06,0.000322811280181629,0.0004731651343634537
2022-04-12,0.00032200099601351886,0.0007778893968856736,8.562749195259428e-06,9.204999474025768e-06,0.0004840081767696348,0.00031945163505101617
2022-04-13,0.0004745551922781811,0.0007722595783944748,0.00016297934880031716,1.0016985819244303e-05,0.0003185171128990695,0.00047089485795283814
2022-04-14,0.0004768527022238037,0.0007712615319079746,0.0001614862422171519,7.932571595512778e-06,0.0003217050956621326,0.0001589715353177306
2022-04-18,0.00047633677482225296,0.0007761296975388785,0.00016416555046762195,5.74996739187196e-06,0.0006230013303064905,0.0004670541344946235
2022-04-19,0.00047520976676991664,0.0007756014165860534,0.0001674613035753062,7.290332906350866e-06,0.0006291745474916603,0.0006200622075980976
2022-04-20,1.1620559370890487e-05,0.0007756458328015503,0.0001610949936763096,9.607825558993171e-06,0.00047243010400729136,0.0006213456494589672
2022-04-21,0.0004706358741298281,0.0007692307692307691,0.0003186873321056314,7.498719639760093e-06,0.0003595005446303363,0.0006234665995966434
2022-04-22,0.00031906134187106107,0.0007797189213860017,1.590058038972958e-05,1.1889680296350041e-05,0.0006290262212973686,0.0003172908217844638
2022-04-25,0.0006203803823492247,0.0007741111485910657,0.00046791641924303755,1.3130209239437335e-05,0.0007766396107154687,0.0006188073599830607
2022-04-26,0.0003110449342559605,0.0007783722766301846,0.0003191950795003263,9.459845637488279e-06,0.00047514684783864854,0.0006266127178345661
2022-04-27,0.0003262543175142088,0.0007750153889336587,1.4605054674214454e-05,7.757752621408418e-06,0.000476021770425582,0.00032171227892030876
2022-04-28,0.00046877000308267894,0.000781595283669871,0.00016045234089318515,1.6006756515102237e-05,0.0006213699380882172,0.00046844923965043346
2022-04-29,0.00032359030022696277,0.000784405900481369,0.00018925887430692296,9.829147399879681e-06,0.0007843770571422409,0.00047988427285363555
2022-05-02,0.0003288659851060785,0.0007717711534801739,0.00031831415669291465,2.517931416545439e-05,0.00031226231191583994,0.0006201998903571724
2022-05-03,0.0007810458125726074,0.0007770458426587287,0.0003281329053335727,9.385042772778796e-06,0.0004693857277386609,0.0006216064389089098
2022-05-04,0.0003225131379309323,0.0007751611734637801,0.000320924870152181,1.565124765681229e-05,0.0003097225141048791,0.0006218904037699257
2022-05-05,0.0007821213921850802,0.0007786587870835585,0.0001805530852775522,1.3630863030072743e-05,0.0003128672673820142,0.0004715082437201633
2022-05-06,0.0006288553670490855,0.0007759026666235429,0.00017091855075094823,1.2873522022221237e-05,0.0007816920764775699,0.0004790699662643096
2022-05-09,0.0006197605814486209,0.0007920155849746937,0.00031239936801282935,1.3289207319657158e-05,0.0006355843621662424,0.0009286442212980943
2022-05-10,0.0007935016737972039,0.0007969371052228076,1.1587786869580952e-05,1.5183656690607561e-05,0.00046817742566650173,0.00032580365373945287
2022-05-11,0.0007736840186407106,0.0007737129692023858,0.0001690079925358855,2.38903939914563e-05,0.0007840274751321311,0.0003164026844514891
2022-05-12,0.0007842647288139695,0.0007852430147765162,0.0004712943042832004,1.1662789055431611e-05,0.0006300832125759593,0.0006281752810846815
2022-05-13,0.00047734055332360247,0.0007748961714130427,0.00016371977032045236,9.049602922347369e-06,0.0007827948078807787,0.0003306440362394168
2022-05-16,0.0003247153298809983,0.0007908638956162224,0.00031816746777124465,8.208342396209392e-06,0.0004806757423314002,1.5174617356436575e-05
2022-05-17,0.00016042774209211642,0.0007845140466727683,0.0001647049453078099,7.087203561840353e-06,0.00031874893244900965,0.00047353499032399415
2022-05-18,0.0003190338543146194,0.0007864612543019205,0.0001620680346067145,1.1121481770392932e-05,0.00032036005521015416,0.0006254305692938774
2022-05-19,0.0007781541765713487,0.0007831244305721312,0.00017331753829752505,1.305583770482463e-05,0.00047300493719263737,0.0006402435919900272
2022-05-20,0.0007793352342897766,0.0007784412282963312,0.00031973675100469923,1.2649169342164159e-05,0.0004712784798387109,0.0006351632858700158
2022-05-23,0.0004755651573925709,0.0007815319534123027,0.00032272896542665826,1.1942459929044469e-05,0.0006249550774653032,0.0004696803514307115
2022-05-24,0.00047040779037022256,0.0007772159931335444,0.00016503033622367424,9.487096414883517e-06,0.0007833628179611896,0.0006275202276612227
2022-05-25,0.0004763352189898247,0.0006358883214352418,0.00032354555227664993,1.6627335815565804e-05,0.0004865702571851387,0.0003274501253419871
2022-05-26,0.0007784658018836885,0.0007777157014173497,0.00016949141261881964,1.2511408213110017e-05,0.0004695788639111064,0.00048279288457016436
2022-05-27,0.0004823888040316957,0.0007788493149256722,1.536913709298933e-05,1.5045801173980175e-05,0.0004868441485718555,0.0001711643497038777
2022-05-31,0.0007721559566309369,0.0007757785336675182,0.0003249797383774501,7.021377577681467e-06,0.00031450903809329277,0.0006286404562332855
2022-06-01,0.0006234372498494634,0.0007756328594460833,0.00031325000118820914,7.878813144740287e-06,0.0006230915017634907,0.00016415891011857563
2022-06-02,0.0007744165797473473,0.0009328868003354934,0.00047422929703079346,7.92308147031298e-06,0.00046917829169322133,0.00046829070375919795
2022-06-03,0.0007831745123523551,0.0007836077207678845,0.0003276362226107015,1.0379465259649043e-05,0.00046868120591160134,0.0006246502941813133
2022-06-06,0.000624619585848831,0.0007803838830611792,0.0003227266027349263,8.956201274473385e-06,0.00031852490975397174,0.0003134219537305151
2022-06-07,0.0006175139126195589,0.000774475300663105,0.00016839033447898724,1.2069763395591862e-05,0.00031291669605368983,0.0003142367166049447
2022-06-08,0.0006243008304399658,0.00062080325739564,0.00016558875174651285,7.152546487018935e-06,0.0004696211835283818,0.00016297621748199127
2022-06-09,0.00031512278446630006,0.0007729679375771768,8.385762909836183e-06,1.2591025835172506e-05,0.0004739164995328794,0.0003162049478466961
2022-06-10,0.0007784849912922336,0.0007798173245554307,0.00031855660043905254,6.899951777382479e-06,0.0007872691129181469,0.00046993163476389155
2022-06-13,0.0007903418386220134,0.0007837025279506882,0.00047593143875694464,1.2970690131010432e-05,0.0006300631014196583,0.00047449057610318067
2022-06-14,0.00048568847749419,0.0007770692920968474,0.0001655040798126588,8.014478834453706e-06,0.0006366334613107333,0.00031577734109522064
2022-06-15,0.00017017147827886635,0.0007830290884920814,0.00016838434327789883,1.4096911218844613e-05,0.0003243273802388757,0.00031604807306262093
2022-06-16,0.000319025215978578,0.0007792018679994054,0.00015992316386924737,9.315102769732159e-06,0.000628955888428572,0.0006244810730278473
2022-06-17,0.00033748326310227474,0.0007795820553676133,0.0003209577803646785,1.7592097681434674e-05,0.0007827562384217486,0.0003227573206987209
2022-06-21,0.0004791030029832135,0.0007746240568580963,0.00031750546554154974,1.7223825320451942e-05,0.00047697444519349954,0.0004696999081563079
2022-06-22,0.00046455812966685777,0.0007762688828929607,0.0003216554847894648,1.727947738771414e-05,0.00047011929205850354,0.00047036587541036495
2022-06-23,0.0006285799915960304,0.0007785476730262546,0.0001648972406462865,1.658845836678202e-05,0.0004743538056214944,0.0006209318020393856
2022-06-24,0.00047701781344967306,0.0007894593919926909,0.00033060262453062534,1.6566200851806477e-05,0.0003245505393368765,0.00017110925576531132
2022-06-27,0.00047644671004789813,0.000783366627737075,0.0003207232097009391,1.3571909176458606e-05,0.0006288549134903687,0.000466647834100622
2022-06-28,0.00046794489706920004,0.0007818747467864895,0.0003131124391228987,1.3215392291642148e-05,0.00031567252218212195,0.00016113027673978704
2022-06-29,0.00017880398828694734,0.0007846240788070468,0.00016411175175938585,1.3317389707064434e-05,0.0003228147110037933,0.0003142807201607909
2022-06-30,0.00033310083530447757,0.0007860172565894437,0.0001677867415590145,1.2925781566255304e-05,0.0006432436722836579,0.00031877147550092415
2022-07-01,0.0,0.0,0.0,0.0,0.0,0.0
2022-07-05,0.0,0.0,0.0,0.0,0.0,0.0
2022-07-06,0.0009999999999999998,0.0009999999999999998,0.0009999999999999998,0.0009999999999999998,0.0009999999999999998,0.0009999999999999998
2022-07-07,0.00031716490306506624,0.0004702414878969536,0.00048524379684902633,0.00046483319228494117,0.00031370345282032174,0.00047373899940151627
2022-07-08,0.0004744531277065215,0.0003244271015000199,0.00031966248017034485,0.0001596746507302048,0.0006312071415647107,0.00032667312802407217
2022-07-11,0.0006198337427485589,0.00046734883554667484,0.0003137880753412764,0.00046650196288432444,0.0006187488149173749,0.00031159857633386475
2022-07-12,0.00031570080324071665,0.0004677786394551296,0.0004702284199249112,6.614790168513365e-06,0.00047340331516493805,0.0006204542694421482
2022-07-13,0.00031078453484117665,0.00047201912824761544,0.00031854547373655426,0.0003137852598083166,0.00031123158294907034,0.0006239968560100942
2022-07-14,0.0003149568278890358,0.00031376354003852957,0.0004634037566622665,0.00031269000692874834,0.000623212300847361,0.00046791840647196834
2022-07-15,0.00047240205640098704,0.0003228015786220087,0.0004765645488640148,0.00031812896814828137,0.00046753073926964693,0.000626540380596559
2022-07-18,0.0007696170539068646,0.0004683405373314444,0.00046631239583897486,0.0006230465056719754,0.00046400970724030363,0.00031155682094081885
2022-07-19,0.00046578368051621564,0.0003117327315762775,0.0006251719931387014,0.00015862654595624588,0.00047052473217017523,0.00046566741493173227
2022-07-20,0.00047005207561509534,0.0003219157329600212,0.0003147057113551282,0.00031135498184837893,0.00047221702146937937,0.00046543843578763014
2022-07-21,0.00046827966386574633,0.0003218474749001522,0.0004716466418891708,0.00015777512403881101,0.0004662653815367989,0.0006191552443097529
2022-07-22,0.0003177485210475353,0.0006282075250998224,0.0004761245657229818,0.00031032737365521587,0.0006172143503623089,0.00047364912683222845
2022-07-25,0.00016542401127838047,0.0007846346549317915,0.0007776630893123806,0.0003114616771370435,0.0006257506968207204,0.0004746903959622191
2022-07-26,0.0003132362240869439,0.00032819909539555814,0.0006239955523858847,0.0006173034954915593,0.00062142866758969,0.0001636735706097408
2022-07-27,0.0004765932753085801,0.0006190035707567747,0.0006259588439790903,4.257167653485508e-06,0.0006308849956884135,0.0003268434714711467
2022-07-28,0.0004694094636064717,0.0007740344723557419,0.00031277502758348324,0.00015689099130153367,0.0003300059158161492,0.00047043011140897767
2022-07-29,0.0007785638883890703,0.0006291254723246037,0.00031841493000601024,0.0004709185006874713,0.0007847419483367588,0.00047056400833631377
2022-08-01,0.0006250348519352748,0.00031711694941336703,0.00032217035214444553,0.0007825176073549066,0.0007764201746920925,0.00031868578008539995
2022-08-02,0.00031089376341621736,0.00016335443772630043,0.0004699878032359286,0.00046723956052667433,0.0007728935309543042,0.0004646287508868306
2022-08-03,0.0003174266908052795,0.0003180154194301912,0.00031913012086711817,0.0006243926610975197,0.0006198532670799804,0.0007776500704740537
2022-08-04,0.0003255287355647733,0.00031652923549593565,0.000316788212197823,0.0004683769853477972,0.000780221488912841,0.00031709384893549727
2022-08-05,0.0006189906604750482,0.0006186595895327983,0.00033510595646364584,0.00046852259615615176,0.0007721390350612005,0.00016145473300788004
2022-08-08,0.0006242699313782362,0.0006264071635576674,0.0003177225792473268,0.0004633591019592414,0.0006256641922952129,0.0003176447750394674
2022-08-09,0.0006262759895665894,0.0006221845512861348,0.0004682233024802796,0.00015692179862690226,0.00047076767580126085,0.0004679946851764691
2022-08-10,0.0006390566599293014,0.00047936775186359164,0.0004810033998578941,0.0001602511837195464,0.0003236666069028542,0.00047361923050728974
2022-08-11,0.0003168560642823444,0.00047218113070851206,0.00047138411660091055,0.00016086203603386568,0.0007755119280797492,0.0004673332782578623
2022-08-12,0.0004725392527909874,0.0006260499520736839,0.00031867932623392154,0.00015957111734540884,0.0004666860505687321,0.00031272203606098664
2022-08-15,0.0006234769870214667,0.0004671069590949266,0.0003209093578766136,0.0003141724910270365,0.0006219524919470926,0.00046899642693958157
2022-08-16,0.00046837049171582503,0.00046585173530393177,0.00047004303641374345,0.0004666478783845623,0.0004678466436688567,0.00016076703887879512
2022-08-17,0.00047268492810135685,0.0007742831606767347,0.0006240707910682568,0.00031316358262184176,0.00031610497710307574,0.0004705688240582436
2022-08-18,0.0007751605356063402,0.0003208180778111683,0.00046501229473740224,0.00046250200921215,0.00031359235598950373,0.0004692643282836679
2022-08-19,0.0007715837272968002,0.0006177550853237887,0.0006191279327301916,0.0006164549269623074,0.00031731610844145893,0.00047231373181907477
2022-08-22,0.0007784105976254279,0.00047221783655865084,0.00017049916166982654,0.0004636347878636937,0.00047364033731652226,0.00047114003553776006
2022-08-23,0.0009295476063327012,0.0003174435413527563,0.0003170869290954173,0.00046411977202915917,0.000624494465364501,0.0006193493266662868
2022-08-24,0.0007731166629589374,0.000316212988882811,0.0003196913113972651,0.00046956433972581693,0.0004642298844649134,0.0007741348706159601
2022-08-25,0.0004657014932493714,0.0006191089275720731,0.0003170454323982587,0.0003096205952072404,0.00046470929294722615,0.0006206556405472238
2022-08-26,0.0004680417014372239,0.00016508000713945674,0.0004730046489957683,0.0003124897618886196,0.0006230102859550733,0.0006248384685407599
2022-08-29,0.00047822763692593275,0.0001597754371819744,0.0004741030665093336,0.0007711959080512474,0.0006257720138003022,0.0006196565200738892
2022-08-30,0.0004688804947288805,0.0006200366929849506,0.00031772871356134026,0.0007701600096358736,0.0006210439886699913,0.0007761037531562385
2022-08-31,0.0006252052719770631,0.00046711002473437044,0.0007710595832363831,0.00015718778357531058,0.0006219297571826972,0.00046449906844892865
2022-09-01,0.00048119154687324944,0.0007738655505492985,0.0006276322589141053,0.0004639333753848373,0.0007727437547227891,0.0006169957529094897
2022-09-02,0.00047025869711987553,0.00016598270479131926,0.000621234879899479,0.0003213581447783369,0.0007836524647397109,0.00046592943708873306
2022-09-06,0.0007735566082252446,0.0007715862565714277,0.0006246610998070041,0.0006170370399765439,0.0007746305628111627,0.0004645463618672028
2022-09-07,0.0006227863561151934,0.00031527407253857334,0.0004729249263984574,0.0006231714467809293,0.00031208898226254926,0.0006189779162092053
2022-09-08,0.00047000058445106934,0.00046964475525717225,0.00032235068023738075,0.00031267226635375866,0.0004691148908000498,0.0006239360292807423
2022-09-09,0.0006210155204953249,0.00030999201090525986,0.00047349301409515887,0.0007771993671544656,0.00031533872116923996,0.0006220519670639361
2022-09-12,0.000467426841122398,0.00016522015803489666,0.0004725316253780555,0.00031318927426379864,0.000318154479002093,0.0003133697009650829
2022-09-13,0.0006230186706463867,0.0004712142501869876,0.0006191127321123516,0.0003174838501358244,0.00046870687888626666,0.0006205498639255394
2022-09-14,0.0004717712990540531,0.0003174580921220206,0.00032555724949331964,0.00031454281239847755,0.0004672627143597424,0.0006269413301003207
2022-09-15,0.0006265026097724794,0.0004687257675046268,0.00047984925349069807,0.0007773498302356508,0.0006355855148045945,0.0004672237310847545
2022-09-16,0.00031792000619960053,0.0007770480795677081,0.0007726953901119215,0.00047698629882034693,0.0003138171885793798,0.00031422195633479564
2022-09-19,0.0006199400462717394,0.0003136230262759761,0.0006215448716208867,0.00046664109778035316,0.0003179023175394567,0.0003144784628080979
2022-09-20,0.0004670700962851008,0.0004690218903157192,0.00046966652180545126,0.00015767327196771502,0.0004686685928324964,0.0006220252652559393
2022-09-21,0.0006235286335803185,0.00016724816270559696,0.0007754542049887234,0.00031114033043995535,0.0004680032045302705,0.00046941198063805826
2022-09-22,0.000468217909547231,0.0003112203674519863,0.00031520902013594293,0.00016783728894840676,0.0004666383668171937,0.0003100396926313346
2022-09-23,0.00031762594205033106,0.00032111380988373255,0.00031532027532731385,0.000776083517718404,0.0006231637714296926,0.0003163665687150223
2022-09-26,0.00031908121894321325,0.0007748175683000959,0.0001740006479189684,0.0003129402441250209,0.0003179224356547496,0.00046702420728697493
2022-09-27,0.0004716684665999507,0.0007765485524071313,0.0003190821814603653,0.00031190491351540075,0.0004675192733114157,0.0006241831114429173
2022-09-28,0.0003179241057599333,0.00047154571505735385,0.00016601162516645396,0.00046698945662812166,0.0004750927801918796,0.000466659339367944
2022-09-29,0.00046522868954695424,0.0006241225740814098,0.00047770456205651436,0.0006184377376251875,0.00031317579653217817,0.00031279776318923123
2022-09-30,0.0006210286020382812,0.0006251176315554193,0.0006296328034892167,0.00015929308974605734,0.00031392353545743146,0.00032119558676114713
2022-10-03,0.0004721937241676159,0.000470481014037423,0.00046352065609070036,0.00046609571467892057,0.00031773450562270914,0.0003138732307901946
2022-10-04,0.00016693563588007838,0.0004701870486809324,0.0004710496002545618,0.00046862941724319196,0.00047356050353557244,0.00046726515890837525
2022-10-05,0.00031643226167439044,0.0004735074937844507,0.00033308414788855463,0.0003141429826511335,0.0006209597232645846,0.0003192912463882927
2022-10-06,0.00031385864808778567,0.00031811278376696437,0.0007785924105443456,0.000619678202537758,0.00031297018464050827,0.00031445349839535723
2022-10-07,0.00047103784335212506,0.00046740883965119584,0.0007775596657465915,0.00016037677395314192,0.0003143550127803145,0.0003137266003030498
2022-10-10,0.00047372037946917544,0.0004671550503749296,0.0006189813571393758,0.0006173250853115747,0.0003218396219543113,0.000317470874125315
2022-10-11,0.00048023625858734895,0.0006223995135916416,0.0006459532953141595,0.00016346352101644576,0.00032254828425701075,0.00016846139394763066
2022-10-12,0.0003271568095252024,0.00047336430119687326,0.00048284171615030943,0.000467358248543858,0.0003263105604007239,0.00047022996931376956
2022-10-13,0.0003190464558210976,0.0003194298166659087,0.0006335388311706968,0.00046648726698244794,0.0006260160890023564,0.0006185926211496113
2022-10-14,0.0006209701994063015,0.0001611753758506016,0.00047216993264204143,0.0001591145839311663,0.0003156813002536211,0.00047057138200707173
2022-10-17,0.0006275490865222631,0.00016875919790570448,0.000780735593916883,0.0007707158754580364,0.0004809216802046927,0.0006236648917304962
2022-10-18,0.00047371997838525475,0.00047022874132366115,0.0004717676532543165,0.0004681900326320462,0.0007769025839596918,0.00047251062614519845
2022-10-19,0.0006198830717047609,0.00016203386030413057,0.0003187430755870346,0.00015851965524477096,0.0006193638963302811,0.0007773903763856067
2022-10-20,0.0003190813176228961,0.0007756108533577302,0.0007763667044162068,6.535610830210578e-06,0.00047080526813066185,0.0004763414692054365
2022-10-21,0.0003232144774450151,0.0006199216439865398,0.0006266997402783141,0.0003134190541712872,0.0006299096333233349,0.0006284524061154904
2022-10-24,0.0006215572775296502,0.00031859398134584984,0.0006201297105427094,0.00016082187587440294,0.0004737850987808788,0.000472251684377789
2022-10-25,0.0006260960385352812,0.0006242041040301027,0.00047285661727807665,0.0003131102006982452,0.0006211085903632423,0.0007704161447962995
2022-10-26,0.0004697216722646822,0.00047743355389988373,0.0006255085328776186,0.00016171722059810727,0.0003178108001997047,0.0006242852151698167
2022-10-27,0.00047391974856516477,0.0003325087979424128,0.0006286174858975768,0.0003138084340190479,0.0006251756904795832,0.0006234309306972543
2022-10-28,0.00047037152175340304,0.0006235102385320373,0.000787681344120701,5.912855217392654e-06,0.0007707691428612329,0.0006180023617374967
2022-10-31,0.00032552069538493376,0.0004700372184837194,0.00047229924096597225,0.00016261812084926653,0.00016536548475225356,0.00032686882027341756
2022-11-01,0.0003123553768066528,0.0006197903136825709,0.00047670668189174356,0.00046540930213980093,0.00046334402957015115,0.0003130755706664817
2022-11-02,0.00046761973027404844,0.00032377598584859205,0.00046964364029452926,0.0001601037521091398,0.0006227805765668225,0.0003218853693008316
2022-11-03,0.0004685507027772799,0.0006225453662902617,0.000465767016159207,0.00031460193209814527,0.0007764525058770148,0.00046672313798757503
2022-11-04,0.0004699590002813045,0.0006221600866635167,0.0006276730487740219,0.00046429874732772605,0.0004708319644990757,0.0006254035465676603
2022-11-07,0.00032564437524923196,0.0007796454954493636,0.0006286560258145713,0.00016090097370956662,0.00047939837519007515,0.00032391460926838527
2022-11-08,0.0001644716711222447,0.0006187126292484965,0.0006275651709544766,0.00015818711741508572,0.00046965414097484607,0.00031580025206684963
2022-11-09,0.00032173670474540926,0.0007765924740135497,0.00048054212257915037,0.00015889189238615473,0.0004712839245956742,0.00016142400197008267
2022-11-10,0.00047823754604935207,0.00061861525896846,0.0004734440921296418,0.00015809517516985076,0.0007699506804429584,0.00016850152698688668
2022-11-11,0.0006227115409784968,0.0003234845609130834,0.0003179511478154973,1.4037653965938381e-05,0.00033426707872932776,0.0003177668630017696
2022-11-14,0.0006185659205634892,0.0006279898279934822,0.0006259813082715862,0.0006251456407107529,0.0007817936690180559,0.0007710570753015187
2022-11-15,0.00047501709845953945,0.0006250716701733422,0.0004828930996725158,0.0009291388145697482,0.0007763888725042758,0.0006285835028490209
2022-11-16,0.00016518721142506565,0.0004705615137297593,0.00046586482662810925,0.00016485588883960684,0.0007756676309117365,0.0003132163446873735
2022-11-17,0.0003475871174148235,0.0004677409022260852,0.00047929414861315147,0.0003106781793516635,0.0006311764715213789,0.0004808912860601117
2022-11-18,0.0004822968565705246,0.0003178078131044794,0.0003329721876914404,0.00031247439684318004,0.0006239634297336835,0.0003172642292882148
2022-11-21,0.000624452548653148,0.00031278223935634106,0.0004681933793974011,0.000465824965581385,0.0004682340641321258,0.0004692325431627468
2022-11-22,0.0007745161320004197,0.0004678712729875592,0.0004702772083596855,0.0006210774813315618,0.0007738222249376053,0.0003224024797110467
2022-11-23,0.0007816158934656782,0.0003117177326992829,0.00047007167720973904,0.0004643650119281495,0.00031511318643871923,0.00047882735674234007
2022-11-25,0.0007733193046619643,0.0007747633919155912,0.00016385749578002456,0.00031009810897489185,0.00046454316669302276,0.0007743305751591767
2022-11-28,0.00046833065321893834,0.0004647401919384225,0.00031359570783692233,0.00015670161133752236,0.00046765624844183877,0.0007729946093946562
2022-11-29,0.0004695917566543723,0.00031625354377168237,0.0003180090090536188,0.000158816175047851,0.0006227621833475513,0.0004745036272020993
2022-11-30,0.0007742197283942711,0.00046777451403302183,0.0003158212881507586,0.0003149995665977982,0.0007724441977810872,0.0006217050345403815
2022-12-01,0.0006273395675698291,0.0003180015531110541,0.00047767223126064107,0.00015661461605267091,0.00031804429535383836,0.00047379077455171734
2022-12-02,0.0006184545639142718,0.0006182884844499997,0.0007836730506134711,0.00046464680515451395,0.0004766821915592609,0.00047347357056412955
2022-12-05,0.0004683833537300055,0.00046529959377707766,0.0004667960552333611,0.0003114031463341165,0.0006197198439972751,0.0004687077122228353
2022-12-06,0.0007734511732633745,0.00016467363890754948,0.00047749727534448204,0.00031399977656317566,0.0004751296775843719,0.0006198954920702663
2022-12-07,0.0004661411097465395,0.000468487480512449,0.00031674539972339756,0.0004642918232270386,0.0006204912818661706,0.0003154229596923581
2022-12-08,0.0006212528460885674,0.00047051761376471255,0.0007720499310636288,0.00015962073250155731,0.00031160376015704254,0.0003160756976999337
2022-12-09,0.000773873608330587,0.0007879870472931691,0.0004731873709006226,0.000158490929000552,0.0006223142767716241,0.0006240123407996608
2022-12-12,0.0006171797667596238,0.0006209327518716452,0.0001609019719902993,0.00031258819041074884,0.0004670591797278785,0.0006215889615458816
2022-12-13,0.00077275879380067,0.0007722092676526875,0.0003169248483087256,0.0006170522185929183,0.0001613724589350295,0.0007720550750488321
2022-12-14,0.0004722830235717822,0.0007753313702159836,0.0003195225782914039,0.00046574580259794676,0.0004688118822379198,0.00031235830225688585
2022-12-15,0.0007729631435445847,0.00046690954334981365,0.00031330101128095375,0.0006161010850268214,0.0004661336836052185,0.0003169787572357441
2022-12-16,0.0006234621846697676,0.0006283590879561942,0.0003264614299490494,0.0001603007269437199,0.00031987768995372673,0.00016750268122025518
2022-12-19,0.0007725827741390255,0.0006258594366494039,0.0003191514632427625,0.00016330561705593145,0.0007730293780819723,0.00016144964176918505
2022-12-20,0.0007762993592297238,0.0007771886715239709,0.0006200767104900332,0.000465527978950772,0.00031667758639114123,0.00046847832373274724
2022-12-21,0.00046772099382391295,0.0004651858808078434,0.00047070941167496266,0.0003133294898134076,0.00046583171523905954,0.000465289203249651
2022-12-22,0.00031604475656259656,0.0004754359143477725,0.0004703469445058319,0.00031363189318601054,0.0004668624293212044,0.0004694479971149541
2022-12-23,0.00017534596740958772,0.00031493566110302076,0.0006274178695585889,0.0003112385172789249,0.0006317308924606215,0.0003246150885117473
2022-12-27,0.00046627654910943333,0.0006184816468551517,0.0007723871045146259,0.0001562817158260048,0.0006179157575006769,0.00046607444180251116
2022-12-28,0.0006202629027779621,0.00016850743453017888,0.00046763277064221313,0.00015744837613139987,0.00031582224029944305,0.000313731720419221
2022-12-29,0.0004665751944807762,0.00046677197380187447,0.0003161101903461643,0.000156520283132862,0.00031120772460769224,0.00031383863435494264
2022-12-30,0.0007762230265548277,0.0003172211010766681,0.00031651026516893026,0.0003095757617163172,0.00016656433515615843,0.0004713564966399861
2023-01-03,0.0,0.0,0.0,0.0,0.0,0.0
2023-01-04,0.0,0.0,0.0,0.0,0.0,0.0
2023-01-05,0.0009999999999999998,0.0009999999999999998,0.0009999999999999998,0.0009999999999999998,0.0009999999999999998,0.0009999999999999998
2023-01-06,0.00016948862823856455,0.000623527316053292,0.00031549935935728894,1.0327627561019057e-05,0.0006222850751349268,0.0004713318067304988
2023-01-09,0.0003136359020473218,0.0001591846070386366,0.0001709378417460567,1.014416703565392e-05,0.0007758770534895724,0.0004629688251905173
2023-01-10,0.00016809887767291898,0.0006211807559593172,0.0004725874009005425,1.841730362079462e-05,0.0006286256946570202,0.0003132903023593856
2023-01-11,0.0003224251797180229,0.00032146986897755523,8.480659337267313e-06,1.3196896098674027e-05,0.0004730750588055667,0.00046951405639351673
2023-01-12,0.00017474565699685885,0.00016713512540613795,0.0003140398340553223,1.0426678951173774e-05,0.0006263726648584043,0.00016304008536488135
2023-01-13,0.00032534061947930094,0.0004797283038218992,0.00016419021090634055,1.9830806554522394e-05,0.0006277856256906423,0.00047438680913035666
2023-01-17,0.0001608444484538556,0.00031706015238758847,0.00016058153432537935,1.4136110710495614e-05,0.0006267306092382885,0.00031159617551485436
2023-01-18,0.00016642129287198292,0.00046642559406206985,1.2650642977887302e-05,1.855512136011378e-05,0.0004687083758507974,0.00031153153918178546
2023-01-19,0.0001661505119400848,0.0003138647797979892,9.180245368537746e-06,1.3982811080373733e-05,0.0003157828882099441,0.00016382641770083288
2023-01-20,0.00015944933690101903,0.00031528770074077566,0.00016959896710026922,1.635107020610445e-05,0.0004668819239150381,0.00046942272622837067
2023-01-23,0.00016437921358522539,0.0004679094420679534,0.000162978554435255,1.5776489288797144e-05,0.00031379613602859006,0.0004721382005592503
2023-01-24,0.0001629427477662644,0.0001623860071987444,1.5660135181333384e-05,9.469602454348746e-06,0.00016858282280985272,0.00016370891662999628
2023-01-25,0.00031310586611575273,0.00046770836293338354,0.0001627089324058114,9.395579612498526e-06,0.0004699252741316821,0.00031144083683743904
2023-01-26,0.00031316209397234555,0.0003141200921394957,0.00016429429347061906,8.181685162266292e-06,0.0004657616434845103,0.00031513305337993805
2023-01-27,0.00016438757290837463,0.0003172437879650315,1.5564425618853155e-05,1.5014014783482119e-05,0.000780441003290663,0.00032093685515946377
2023-01-30,0.0001702627896050491,0.0003154596887258892,1.61259449162537e-05,1.588972986823657e-05,0.00047618786162726144,0.0003115109566894767
2023-01-31,0.0004710580280968662,0.00016022014671493708,0.00016306901735645818,0.00016531545087808587,0.0007794608546335606,0.0003167782053555188
2023-02-01,0.00016272214136301013,0.00031430265784869135,0.00016589942334759177,1.186648600322357e-05,0.00046962721330554523,0.00016092368061347933
2023-02-02,0.00016560255675630476,0.0004683709670138486,1.4520255350576799e-05,1.6969319492574215e-05,0.0006292087231079578,0.0006267204881037873
2023-02-03,0.00031792825317569345,0.0003143877278745192,0.00016319400319759288,2.3933812704090063e-05,0.0004741626071131688,0.000632329009444809
2023-02-06,0.0004663561450421568,0.00046631234863852357,1.1086729541020843e-05,1.2132555406598869e-05,0.0007742767347492974,0.00031211874429956535
2023-02-07,0.0006202503885708276,0.00047337408848680733,1.6889281488624938e-05,9.46659762085382e-06,0.0006237714170806509,0.00032131512632593075
2023-02-08,0.00016393150654312084,0.000313427128477261,0.00031876328462862174,1.988070638175432e-05,0.0006266992534070969,0.0006178732800755683
2023-02-09,0.00031644721154633663,1.0357279451282467e-05,2.816795954485882e-05,2.966636458603675e-05,0.0006210661874305153,0.0003194408844770431
2023-02-10,0.0004737957435030257,1.544689131522127e-05,1.1904014160365836e-05,1.8381486373546654e-05,0.000627196141430743,0.00017116142792084277
2023-02-13,0.0004705196020255537,0.0003242196498308974,0.000164229740943358,1.3911037228020118e-05,0.0004816053245359645,0.0003162224604780018
2023-02-14,0.00016023104708997278,1.163869469001534e-05,0.00016101654509229201,1.1243801035605808e-05,0.0006228996165458886,0.0003145413567075545
2023-02-15,0.00016819848930468094,0.00016350187495422374,0.00016396345718686894,1.1774041337684533e-05,0.0006223772089425699,0.0004717805993339259
2023-02-16,0.0001613104647797463,0.00016316393482763603,0.0003120492892859004,1.2507059983168742e-05,0.00046923218831390693,0.0003229337048527825
2023-02-17,0.00046963720820547084,0.0003234450855642856,9.179596573273274e-06,0.0001621841447406488,0.00032300148709606146,0.000320894824787922
2023-02-21,0.00031174139513367365,0.0003146609972657131,0.0001638953488765664,0.00016510619530994363,0.0007746267592983137,0.0003136182492153299
2023-02-22,0.00031501782648752025,0.000621613415697302,0.0003182128951386315,1.8093557686927594e-05,0.0006237631908654204,0.00047660010333615705
2023-02-23,0.0006240033207908722,0.0007744195125053911,0.00031756395886206254,0.00016321834842093609,0.0007764586562483515,0.00031359174628211916
2023-02-24,0.00031961748478475706,0.0007804150221765926,0.00048110289069812253,1.3206140025134247e-05,0.0007743057178709565,0.0001662311169152644
2023-02-27,0.0003138075652011142,0.00046884250418515556,0.00031547896596571736,0.00016200228073869603,0.0007740674714327735,0.000619461539952106
2023-02-28,1.0801443965218579e-05,0.00031765415672387894,0.00031899881856074666,0.00016796757712745736,0.0007789486618792533,0.00046479252317048665
2023-03-01,8.643775214501118e-06,0.0006223259896420085,0.00031665317970866946,2.4688141277237384e-05,0.0007748590366694666,0.00031434751047458874
2023-03-02,1.2132945286641633e-05,0.000313739777784662,0.00016829955470139897,0.00016789992538213485,0.0007721927392256396,0.00016642526238631512
2023-03-03,0.00016545095950449938,0.0003191228827088576,0.0003152681068281638,1.1453703520865403e-05,0.0007730298688076555,0.00016124901811800764
2023-03-06,0.00016196386703859548,0.000618827212725831,0.00016604865961338363,1.2437868432711898e-05,0.0007759736048631087,0.0003119513274579426
2023-03-07,0.000165632198141621,0.00031321975509493314,0.00016076331076978948,1.6995056352327802e-05,0.0006223416578367596,0.00016171167650126618
2023-03-08,0.00047673043308354464,0.0003151946511372391,0.00016392300664321512,9.431053179567897e-06,0.0003217219132570948,0.00016199716366850278
2023-03-09,0.00016457674999697565,0.00031965748800260094,0.00016765454374262823,1.2526634037441405e-05,0.0006291829194635464,0.0001605343133564698
2023-03-10,9.389693796843152e-06,0.0003189739944092578,1.0500512278551255e-05,1.7853165444543363e-05,0.0007794060367195394,0.00030949849970459716
2023-03-13,0.00016647276543213253,0.00031503616523590014,0.00015930440496997499,0.00016632023864769513,0.0006197796932312933,0.0006215192621401256
2023-03-14,1.6100775244247854e-05,0.00016557105875961015,1.5208282559527941e-05,2.2354236507811223e-05,0.0007815247267720278,0.00031919755681687745
2023-03-15,0.00015884501359439697,0.00032522726728259903,0.0003158784784006253,1.2611340587296544e-05,0.0007762094523438758,0.0007711585728730402
2023-03-16,1.4486449760527417e-05,0.0001680196319321142,0.00016962312725908086,1.4238274494978568e-05,0.0007915159986141019,0.00032195180139997655
2023-03-17,0.00017365653767376744,0.00046999300498142373,0.00016843430494999144,1.5983555646957915e-05,0.0007820251368330878,0.00046422218378867924
2023-03-20,0.0004715525858115388,0.00015986001444981025,0.0004684628194657081,1.6976946671310154e-05,0.000775767093774069,0.00016303349571285524
2023-03-21,0.00031570727342257276,0.0003199618879180025,7.567193616566395e-06,9.937055741863099e-06,0.0007789714601897896,0.0003116648951949903
2023-03-22,0.00031673309603577604,0.0004730775617420566,0.0001694137942464894,1.9575800616969634e-05,0.0007739783121031294,0.0003188669564889261
2023-03-23,0.0003214956104303679,0.0003188416613164613,0.00016158962983652702,1.402134936159144e-05,0.0007774436456636522,0.00031584210520937175
2023-03-24,0.0004774712087328586,1.801812828619957e-05,0.00016664893117164886,1.2871966004595655e-05,0.0007753297225631606,0.0003167716486399202
2023-03-27,0.00016397276327264,0.0001630536958931052,0.00016603387311792326,1.2844820651340738e-05,0.0007795940074393024,0.000773068501829224
2023-03-28,1.159961307988254e-05,0.00031389591784572435,0.0003164352075756468,1.5295154176786215e-05,0.0007757335397313925,0.0006179562685898494
2023-03-29,0.0003165120790532597,0.0006222532149687982,1.0932171054154949e-05,1.1334594661203012e-05,0.0007702684143555307,0.0004674121757600527
2023-03-30,0.00031857841975358635,1.2527974736936037e-05,0.00016767109466665395,1.2848345920855402e-05,0.00031352352317776577,0.00031288856896344894
2023-03-31,0.0004646725180308278,0.00015991503352095267,0.0001627907879319483,1.092497327492921e-05,0.0006202619337730361,0.00046581408900555834
2023-04-03,0.00031469903158591546,0.00016112669255602684,0.00015739155155823905,1.0984477209472029e-05,0.0003126176987190803,0.000468282846776035
2023-04-04,0.0006253353854778591,0.00047207806523411657,0.0003201645097918174,9.132571619670265e-06,0.00016305643402356906,0.00016079556483221418
2023-04-05,0.0006208705672164811,0.0006173068191883459,0.00016362532904306139,7.502069315785453e-06,0.0003146982793650219,0.00016987139147188764
2023-04-06,0.00032259745920890825,0.0004761901526737356,1.0187479700518351e-05,9.190934594820815e-06,0.0006291105882881105,0.0006305023413752842
2023-04-10,0.00031296913239859883,0.00031518263626737007,0.00031943200131299634,8.73591866382857e-06,0.00046298964016036896,0.0003170073801457012
2023-04-11,0.00015682272206005195,0.00031480376584897067,0.0003168221443914948,9.681329699530909e-06,0.0001648036818121337,0.0006197119231637826
2023-04-12,8.135599755233952e-06,0.00047773587057164984,0.00016777845899942226,1.862338083575836e-05,0.0003181793929845507,0.00031337160513056323
2023-04-13,0.0003134390543854291,0.0003270071861245069,0.00016293755322856752,1.3385870560336382e-05,0.00018193832623462715,0.0003121167633058339
2023-04-14,0.00031670340658792115,0.0004712823940284382,0.00031280256982511623,7.71359515083686e-06,0.00016004745226476155,0.0004651383227894067
2023-04-17,0.00031478146096637285,0.00047085789693094145,7.963345930155477e-06,0.00016208726530445491,0.00046557555854253804,0.000314775459016126
2023-04-18,0.000620229593929539,0.00046437196022997164,1.0827951622233254e-05,1.2307563131026321e-05,0.00016643244721156275,0.00016106980152927775
2023-04-19,0.0003152978759941822,0.0006190162704330149,0.00016308761295631032,8.32595265815074e-06,0.00016162748749102852,0.0003116189742631249
2023-04-20,0.00031326604410593373,0.00031999870035855375,0.00016234574868280295,1.0338322194339944e-05,0.00016902633023454727,0.00047310035077109214
2023-04-21,0.00031379164807780036,0.0007821000831231005,0.00047149367534029667,1.7788805155526347e-05,0.00017118344790734163,0.00047106420145927476
2023-04-24,0.00030914740289972163,0.0006196437875875624,0.0001625207248508882,4.516342945516894e-06,0.0003279649478107556,0.00032648519714699226
2023-04-25,0.00046907878465384726,0.00031404312517389145,7.42516903295326e-06,5.061777273310225e-06,0.0003163861144603674,0.0004676417356557354
2023-04-26,0.0003212695291165012,0.000319387969952349,0.00016339413357004467,8.692733419649823e-06,0.00016566388490284387,0.00017095370175296542
2023-04-27,0.0003141399767337942,0.0006205267837135081,0.00016178093703976787,7.510140323372438e-06,8.776488431260124e-06,0.0004718235713604103
2023-04-28,8.873533092156356e-06,0.0006193988646338209,0.0003243113006484955,1.5239592147664738e-05,0.00016878088460107695,0.0004816266687513538
2023-05-01,0.00016693319730541975,0.00031514616114259274,0.00016650414499229109,1.2547980114026941e-05,0.0004739270220854416,0.0004671201306293508
2023-05-02,0.00016159693307986334,0.00016436655144296106,1.1832255832457269e-05,1.9888544939813153e-05,0.0003200198809260401,0.00031722510304891155
2023-05-03,0.0003167296922037407,0.00016437843127298883,0.00017564537679892742,1.666211262716917e-05,0.0003132279156795266,0.0004711235940635854
2023-05-04,0.0003136401633833223,0.0003128110999848563,0.00016730328393394989,1.1986843482391277e-05,0.00031635253809557504,0.0004706309987178884
2023-05-05,0.00016866720552217936,0.00031734985178472357,0.00017614785409325183,1.5483364257038527e-05,0.0006264732980486354,0.00017713232173625833
2023-05-08,0.00031504124708893444,0.0003175485017686057,0.0001671414661557003,1.6313175195785025e-05,0.00016207739165771275,0.0003129899079418388
2023-05-09,0.0003124109636584213,0.00047045878777051423,0.00016497827512808522,1.6156679558739646e-05,0.0004717933415006861,0.0004685112958248236
2023-05-10,0.000467705037834068,0.0004638970183054583,1.0452525692264223e-05,9.395495983009094e-06,0.00046507034887159805,0.00016708994307637308
2023-05-11,0.00016627821750707562,0.00046751317862897925,6.799985264606789e-06,1.438063211983094e-05,0.0006250612382336664,0.000469452195552961
2023-05-12,0.00016257734714636017,0.00031613043497986313,0.00016151271843693393,1.0553213931580957e-05,0.0006198085073131376,0.0003152505014241191
2023-05-15,0.0003215438879040465,0.00016769145309310956,0.0001600735089555791,1.2777577003030963e-05,0.0004728473466467218,0.0007752108475612696
2023-05-16,0.00016673373826097448,0.0003158343612346031,0.00016624773637011203,1.4690983033843836e-05,0.00046852390913015087,0.0006240074024522345
2023-05-17,0.0006226788715914129,0.000319878411342434,0.0001698873991754781,1.1287780542038842e-05,0.0006185262962996485,0.00047280074809077943
2023-05-18,0.0003181615751619018,0.0004763435118694077,0.00017086264721253541,1.6529593418608534e-05,0.0004722809117097479,0.00046587040350747576
2023-05-19,0.00031806736919515546,0.00031971325897567213,1.402271438319004e-05,1.1288761578528261e-05,0.0003228755540124868,0.00047093719813011436
2023-05-22,0.00016253056425498267,0.00031755167770227284,0.00016638576469539147,1.3118758079973716e-05,0.0004657346522714616,0.00047268694402019984
2023-05-23,0.0001631455210514374,0.0001657350166669711,0.0003197771395634742,0.00017012311507414685,0.00046963898787096356,0.0004694276570710109
2023-05-24,0.00046847454445545004,0.00016128843724424146,0.00031873379209598274,1.4571643768646073e-05,0.0004691759991582149,0.00031744464161973413
2023-05-25,0.00047573118123453445,1.3336903435192864e-05,0.00031425713827869977,1.0954339061245113e-05,0.0006242361770309724,0.0006212748811898324
2023-05-26,0.00063338197918792,0.00017210402624509894,0.0001942359437422694,2.2709927532218483e-05,0.0006281633182618603,0.0006218683515147772
2023-05-30,0.0001692101205345269,0.00017308873941009569,0.00017160495529855988,0.00017350617862160452,0.000477101173092727,0.0004694025815334719
2023-05-31,0.00016398057098954852,0.00016793061402621805,0.0006273279132456834,0.0001637448885859852,0.0004750273962771198,0.00031280450054060866
2023-06-01,1.8169911174723524e-05,0.0004715555274942257,0.0001660059886926542,1.179975615969689e-05,0.0004807568877577845,0.0003244041080875753
2023-06-02,0.0003201949001920984,0.0003177602314527959,0.00016856012814703435,1.8775371177630548e-05,0.0006239389931707524,0.0006183741764291834
2023-06-05,0.00031853337146099745,0.0004709677443515014,0.00032323379867989146,1.862661756591004e-05,0.0006309619641593866,0.00046936558729063004
2023-06-06,0.0003192227681273084,0.00016085485060470434,0.00016347698591970516,7.939839634933458e-06,0.00016491854054203996,0.0004662814554912579
2023-06-07,0.0004705698457177286,0.00016368413813085735,0.00017315350194432942,0.00016725336902048048,0.00047111240431986257,0.0004728187415180992
2023-06-08,0.0004633434642849154,0.0006252525342652183,0.00017682202698303384,1.4479852051531821e-05,0.00032251462818538596,0.0003286837648915986
2023-06-09,9.931386439992043e-06,0.00016490170283960914,1.5226487595955351e-05,1.3379666946785121e-05,0.00046746599356960736,0.00016685690074003982
2023-06-12,0.0004663915436549142,0.0006233054992043626,0.0003156885986139612,1.0707561326160117e-05,0.00047332642198171735,0.000620632438214288
2023-06-13,0.00046791171792143763,0.00016080636972709323,0.0001660139249524123,2.2437272862069493e-05,0.00016742904743427577,0.00031620787427893233
2023-06-14,0.00016455689615678436,0.0004690047307453188,0.00032189015086789296,0.00016559729113445828,0.00046891247984392733,0.0004664490561278091
2023-06-15,0.00047254916412616953,0.00047338501317128844,0.0001696714844039956,8.444434453581201e-06,0.0007751095792850742,0.0004676848961404058
2023-06-16,0.00031310025509935534,0.0001597171487590186,0.000165952840348033,1.0060160344101427e-05,0.0003171944298924154,0.00015938080785188625
2023-06-20,0.0006186561410197349,0.0003160066365947346,0.00031624401625938845,4.85995565420036e-06,0.00061681075697538,0.0004704558492611314
2023-06-21,0.0006187258487586678,0.0004695587724864127,1.3114840833575101e-05,9.787012170762429e-06,0.0004648555779580365,0.0001609376981194285
2023-06-22,0.00031531672673073684,0.0003159414313370515,0.00016658181726894808,1.0823662095890667e-05,0.0007784574494283673,0.000314287949300958
2023-06-23,0.00031983740721879846,0.00047032520362149776,0.00016738023568885495,9.186565162241325e-06,0.00047274133894587624,0.0001633867473640088
2023-06-26,0.0004676957664823541,0.0001584700567593829,0.0001629083918432394,0.00016222594954850726,0.00031640426076021654,0.00046763413133324574
2023-06-27,0.0006227132832060202,0.0007740523041825042,0.00031855635121003274,1.525908855304181e-05,0.0003138331192027242,0.00031539622408467525
2023-06-28,0.0004708178533678076,0.0004728565562167838,0.00017037521714055172,2.0672192963984494e-05,0.0006259627023981513,0.0004742757669129605
2023-06-29,0.0003167497572615278,0.0004658977203413619,0.00016833344628795226,1.6661955559424805e-05,0.0001620270600730374,0.000316770438643574
2023-06-30,0.00046981485492100284,0.0004724038554434822,0.0003175607086765826,9.825649779803907e-06,0.00031337866577092543,7.440568846288937e-06
2023-07-03,0.0,0.0,0.0,0.0,0.0,0.0
2023-07-05,0.0,0.0,0.0,0.0,0.0,0.0
2023-07-06,0.0009999999999999998,0.0009999999999999998,0.0009999999999999998,0.0009999999999999998,0.0009999999999999998,0.0009999999999999998
2023-07-07,0.0006176841515604093,0.00016242340836207593,0.0003160549356241504,4.400126447220779e-06,0.0003142438451387579,0.00046788084155647034
2023-07-10,0.0004682138036345168,0.0003236426154841695,0.00032722607194488116,7.376561116527819e-06,0.00032646874145706003,0.0004662324221091555
2023-07-11,0.0007725978565617444,1.1721957930899488e-05,0.0003173141893973635,1.121549580479661e-05,1.1083382136033117e-05,0.0004720313537226361
2023-07-12,0.0006212556586559838,0.000164672030125782,0.0003158731330420418,5.7772092791457115e-06,0.00031417948770378945,0.0003142438854949427
2023-07-13,0.0004684241562024159,0.00015885730606056298,0.0003162903513036431,0.000165389462439658,0.00048205083981877055,0.000771495686049172
2023-07-14,0.00046801269979054145,0.00016483138017431165,0.0003156931339926385,1.2544816446724088e-05,0.00046961038507736585,0.0004656014809456989
2023-07-17,0.0003190100531374131,0.00016727342338980055,0.00031736276873466383,0.00016307332262690454,0.0006235477960331516,0.0001620917919691685
2023-07-18,0.0007753591855329995,9.447650130745513e-06,0.0003157359909084506,8.66839137323254e-06,0.0006315535979677877,0.00031564695434456897
2023-07-19,0.0004673271404877975,0.00031704686400225226,0.0001668870853344571,1.3996070749652215e-05,0.0003176443237188117,0.00031621357290769733
2023-07-20,0.0006213502004079077,0.00016083719127902264,0.00046832735141080805,9.192902258771966e-06,0.0006274740295907211,0.00016420705526424412
2023-07-21,0.0007740728444071817,0.00017377231404672034,0.0003242114828116343,1.0267499875213859e-05,0.0006265033234614082,0.00047243550640033475
2023-07-24,0.00031306791415945505,8.165393721616523e-06,0.0003160582320823533,1.3328929651786239e-05,0.00031305675402906123,0.00031550995743246643
2023-07-25,0.0003171215070543997,0.0003198841813030252,0.0003148007467343286,0.00016222896036006452,0.00016317680131781653,0.00047027992012343154
2023-07-26,0.00047311841353787524,1.1508703321044408e-05,0.00031888534178901856,8.003051701506753e-06,0.00032912958152404783,0.00046757087898766515
2023-07-27,0.0006218980568565692,0.0003151007197369561,0.00016463030469786189,0.00015912588847864206,0.00047319517222162757,0.00031560936348478395
2023-07-28,0.00046856725517061795,2.94515723956975e-05,0.00015820271638384808,3.002275452639144e-05,0.0003223479788600607,0.0006265510109380673
2023-07-31,0.0007758543764805147,0.00047020408783143825,0.00046895896745853245,1.0033004331522502e-05,0.0001616416171708124,0.00031247246923607415
2023-08-01,0.0006210428348613562,0.00031238796560021883,0.0001624325563620501,1.0094742929736111e-05,0.00046606321850157964,0.0001627193868498133
2023-08-02,0.0006211331719473901,0.00017539578027203168,0.0001669929061240294,9.586066860832701e-06,0.00016175287303832068,0.0004645453309998371
2023-08-03,0.00046792775081840043,0.00032569823696304556,0.0004718184223713849,1.1285959148634895e-05,0.00062034475915332,0.000774731411905365
2023-08-04,0.000474544601453302,0.00017226533321620163,0.0004760368136285575,0.00016815079856441712,0.0007721128588979055,0.000628991886489894
2023-08-07,0.0006243215425640491,0.000497181400779689,0.00031344949107390006,0.00016101165771693562,0.0007793994356332886,0.0003162860353204521
2023-08-08,0.00046393294143720826,0.000314599007508825,0.00030987198146442907,0.0001576569464741001,0.0007709489254792395,0.00047085384547757963
2023-08-09,0.00015921636767642184,0.00031560936727914753,0.00046438672775363845,0.00016418757803007394,0.0007752276714882664,0.0004768277764929374
2023-08-10,0.0003171181519231736,0.0006215869676230009,0.0003165505059065257,1.0349979602320799e-05,0.000315549740218641,0.0006204642875909963
2023-08-11,0.00015750833357494831,0.0003210879286717301,0.00015805913248600415,6.548306454247408e-06,0.0007726119422031292,0.0004655605175023685
2023-08-14,0.00016190832856317083,0.0004689793527949866,0.0004670540608576453,8.599358962131973e-06,0.0006258480943858546,0.0003152716690832918
2023-08-15,0.00016006890493005987,5.981152180798671e-06,0.0006202970819321678,0.00016579651122205314,0.0006219076982640611,0.0006208993058333797
2023-08-16,0.000160415926785084,0.0003162147724321931,0.0004707435556775424,1.0326701224074572e-05,0.0004666741737640039,0.0004665842866087483
2023-08-17,0.00016299696943615009,9.91184205676532e-06,0.0003233067732306596,4.739024566796868e-06,0.00047185684357302593,0.0007758966601339111
2023-08-18,0.0003204550569658933,0.00031946028785489127,0.00047060411774823505,9.834467846538214e-06,0.0004745697790227166,0.0006264812592976668
2023-08-21,0.0004672156339786474,0.00031544003249315726,0.00031333022393703874,0.0001613024584980924,0.0007754343579403994,0.0007712532029271399
2023-08-22,0.0003149714463886683,8.528319336963421e-06,0.0003162262096795799,0.00016511640110430703,0.00031620079743845375,0.0004673315512807987
2023-08-23,0.00046420601835000613,0.0003139188171217333,0.00047358603725432144,6.825611939755824e-06,0.0006177510363513443,0.00031927730327314913
2023-08-24,0.0003130524229173207,8.934167229327536e-06,0.0004681523284331732,6.964437269142574e-06,0.00046707763898746915,0.0007743725244713299
2023-08-25,0.0004705144603031573,0.00016299038891430396,0.0003128957326792535,7.958756381365741e-06,0.00047135142132666773,0.0006233052506213176
2023-08-28,0.00016484112530877813,0.00031546855362566664,0.0003120374415590091,9.294536395828251e-06,0.0003117499736057192,0.0004645260721679118
2023-08-29,0.0006189521375520197,0.00016303835240732335,0.0001585174041679387,7.276221278109521e-06,0.00016055867271960272,0.0003182426850783058
2023-08-30,0.0001662560300938867,0.0001629457894588263,0.0001608107769777212,8.737788503923871e-06,0.00031851188103736183,0.00047026584898516227
2023-08-31,0.00015957832278951377,0.00031748361195019074,0.0003112399532415255,8.20788946613743e-06,0.0004684151882020112,0.00016092424571121999
2023-09-01,0.000316191059192358,0.0003137967806031066,0.0003200866061719936,0.00016299712276972953,0.0004668637448072541,0.0003151777749673416
2023-09-05,0.00016455426311022254,0.0003195342482713464,0.0006192844018050236,0.0001619414538563579,0.0003166407312434651,0.0007758295201483079
2023-09-06,0.00046921193960888747,0.00016003481074371474,0.0003171251757586098,0.00016179728176362665,0.0007738683012014022,0.0007791887776110452
2023-09-07,0.0006249455292323604,0.00015984791122929353,0.00047097261644111994,8.967652551755564e-06,0.0004655263030045191,0.0004643810988795042
2023-09-08,0.0006224148682238506,0.00016624392322693736,0.00047749510982989315,1.1107317767947642e-05,0.00032315431576625605,0.0006197102307518881
2023-09-11,0.0007753925236736778,1.4115747433948902e-05,1.3581343061700197e-05,1.0708104308573955e-05,0.00031941200680421207,0.00046517103747005696
2023-09-12,0.00047374346235001666,0.00016378890717636815,0.00031541838696973336,7.501731344713408e-06,0.0003197514222190162,0.0006170301357138474
2023-09-13,0.00032278959076983467,0.00031650043966254725,0.00047170905861494694,0.00015857415735244951,0.00047644542349802174,0.0004686110867212764
2023-09-14,0.00031241658232362426,0.0001644685171512449,0.00046921226553654327,1.1882619341077927e-05,0.0007706780230251691,0.00031438423157508313
2023-09-15,0.0004645756007070649,0.00016221455238617715,0.00031647964229532163,7.938382885041353e-06,0.0006236224381293307,0.0007731158602326094
2023-09-18,0.0003155121741121097,0.00016477058607385016,0.0006191688981615044,9.322555186065145e-06,0.0004651559301625435,0.0006216720503085519
2023-09-19,0.00031649452301563705,0.00031915648266191593,0.0006205838446458957,9.718521693505899e-06,0.0004699289895358193,0.00046788300352187343
2023-09-20,0.0004674161385444062,0.0003163927621072782,0.00046491056306709747,6.253043785891574e-06,0.00046783168457287624,0.0003128831938659349
2023-09-21,0.0006202424882022949,0.0003138506367537302,0.00016341475837278264,1.4566382122764745e-05,0.00046980907336693456,0.0003126966260165375
2023-09-22,0.0003157635572183504,0.00031629416866770643,0.00016699849078337836,1.1027509425208637e-05,0.0004747108126155827,0.00031729193749019857
2023-09-25,0.00046754827988350307,0.0003144825888207215,0.0006211016340537332,0.00016049813838058463,0.0007737164923961255,0.0006208401071898459
2023-09-26,0.00046720681228556293,0.0003124554974389779,0.00015874949462967106,8.136808119130715e-06,0.00046756210832525716,0.0004680390497331385
2023-09-27,0.000161667248036462,0.00016024051199064652,0.00031520923430813295,4.945875887116369e-06,0.000773232501156388,0.00031667331018851887
2023-09-28,0.0006236085328718002,0.000311709497459666,0.00046647981244463566,7.710067456316402e-06,0.00047189677591882384,0.00047261415752858317
2023-09-29,0.0006213927389107842,0.00031550022337222303,0.000317356922616069,5.9531266134791594e-06,0.0004689060045920134,0.0004680136553622737
2023-10-02,0.0003166701640057395,0.0004651840247345889,0.0003142025849162056,0.0001587418739554189,0.0006212994906751593,0.000159034017127358
2023-10-03,0.00047092938484319527,0.0003112098058778345,0.000318492688741403,0.00016687380203831925,0.0007757374079425617,0.000622190755675394
2023-10-04,0.00046637339240379545,0.0003177641356483573,0.0004716018711317326,0.00016594475252968755,0.00092814874223968,0.0004719991733800752
2023-10-05,0.00031594887979016816,0.00017323654545478494,0.0004723968148859227,8.33256246505941e-06,0.0003218259122568132,0.0007717236402847743
2023-10-06,0.0006224021688900332,0.00031336060516791556,0.00017015556962252768,8.215890850556712e-06,0.0004671956707515682,0.0004747299231953096
2023-10-09,0.00046935150580479243,0.00031149772548150575,0.0003238970746273861,9.939161726220531e-06,0.00047148552888578033,0.0007777784822489827
2023-10-10,0.00031689787343049564,8.70724999521083e-06,0.0004669769336074026,1.2203412539337848e-05,0.0003146186293834626,0.0007775005605749721
2023-10-11,0.00046869981052515886,0.00031661682053563914,0.0007773673573820824,0.00016016392012490504,0.0007754274836277821,0.00016114885519452138
2023-10-12,0.00046453469647604893,0.0004689893740490872,0.000318239163663062,8.486993717505261e-06,0.0004707463901298062,0.00047082944000034776
2023-10-13,0.0003201222017521082,0.00031500526244415347,0.0006196892679156082,1.0178398671026726e-05,0.0006224884527765923,0.000317505387156112
2023-10-16,0.00046964969522340444,0.00016472224440045323,0.0006191662213910087,1.9636469232392192e-05,0.00047408557080911955,0.00047342535360986543
2023-10-17,0.0007740624228777289,0.00016298943747157513,0.0006221253066691141,0.00015716453340125427,0.0004681564257655007,0.0006197638651137107
2023-10-18,0.00046651104008753997,0.0001572894202224127,0.0004703239524299087,0.00016626502284879384,0.00031530853578836673,0.0006204497658542378
2023-10-19,0.0003180324513801635,2.343266088935314e-05,0.00016549963480559543,1.716649034633025e-05,0.00032348726846732,0.0006248342877737391
2023-10-20,0.00047132304226853714,8.97850788499438e-06,0.0003239948559572884,0.00016070079155192107,0.0007816361905573963,0.0007704268027754071
2023-10-23,0.0004710847509381944,0.00016317672956454318,0.00047257309031723037,6.574443702067764e-06,0.0004700047335082908,0.0006231391561955684
2023-10-24,0.0003135086833935326,0.00016328025989878196,0.0007737461550410256,1.4411816074918774e-05,0.0006214711737002228,0.0001661735847975277
2023-10-25,0.00031677012620571484,0.00016138133872568044,0.00017011812479380187,1.2274543762841247e-05,0.00031672218346873773,0.00031408965030499966
2023-10-26,0.00047474501328999724,1.1048579522621657e-05,0.00032187967272073156,1.7697645283934278e-05,0.0006273468861735745,0.0006272132736159601
2023-10-27,0.0003247811874713573,1.6377023255488067e-05,0.00016288191478236702,2.0429470686305894e-05,0.0007842025480412359,0.0003420368568094476
2023-10-30,0.000621260707798841,0.00032011211787024677,0.0001646455991774531,8.87237091177706e-06,0.0007740856725493243,0.0007733152530636957
2023-10-31,0.0007809389948157815,0.00016274737539877815,0.00047154697223091875,2.569563286290093e-05,0.0007743788833262275,0.0007772001309055073
2023-11-01,0.0007787665070726523,0.00016240286019303572,0.0004677446395785181,0.00016307410485739718,0.0006261765892851255,0.0004666821212440213
2023-11-02,0.0006183435036103918,0.00031547148704747733,0.00015930466244504785,0.0001697994405953227,0.0004672350122471391,0.00046944103776853794
2023-11-03,0.00016772683280834059,0.0001660892570114639,0.0003162098940153781,0.00017194278889532224,0.0003199165450869463,0.0004863143894169145
2023-11-06,0.0007779253459239111,0.00016591390847742765,0.0004806413164406002,1.6541835740588872e-05,0.0007775053061143623,0.00048393324319110455
2023-11-07,0.0006254065296265208,0.00016339585794633026,0.00016729887386087992,8.676746530037985e-06,0.0007787675772654381,0.0003147458278694945
2023-11-08,0.0004705339581299616,0.00031752358973339466,0.00016541159863426303,7.131403827379992e-06,0.0006230511071503586,0.00016217543243059876
2023-11-09,0.0006237502811229475,0.00016859599469863786,0.00031937931299650844,0.00016301626941419756,0.00047099408794959815,0.0004677819194314777
2023-11-10,0.00031512894116564067,0.00031897472087714587,0.0006213952186141689,1.000434026327926e-05,0.0007734654137985886,0.0007803074021583018
2023-11-13,0.0001615398059982367,0.00016190338697312344,0.00046477484325718705,0.0001579314745510556,0.0007775024495944678,0.000620984710985954
2023-11-14,0.00016193147914734995,0.00016269754085685646,0.0006205964418773417,7.634539269447016e-06,0.0006215021926627257,0.0006195413423936431
2023-11-15,0.0003245853716215997,2.3971666298343117e-05,0.00017536239579791314,1.8016270854202224e-05,0.0003245646431440139,0.00032385378467704256
2023-11-16,0.00031227448503446585,0.0001738834051074489,0.0001643144730579589,7.685319634921541e-06,0.0006219472953590599,0.0003195321483865659
2023-11-17,0.0003210137922240916,1.585309287936469e-05,0.00032253028336266066,7.820831247148747e-06,0.0006294375914128862,0.0006388589470206383
2023-11-20,0.0004659967382163802,1.0120959611889413e-05,0.0003155878215758751,6.280100938929764e-06,0.0001623563908429138,0.000471646464422781
2023-11-21,0.0004684605681685011,0.00015922860520470861,0.00031313088852751296,6.881327993212797e-06,0.00031352681887384027,0.00015973700079210222
2023-11-22,0.00031364109223986535,1.2882430367085127e-05,0.00031770720730704943,7.722724624847022e-06,0.00016400554016918933,0.00031645249178160925
2023-11-24,0.0007727514750307608,3.939100764293033e-06,0.0004664589514288454,5.7501835228084275e-06,0.0004657166677249438,0.00046598102080828676
2023-11-27,0.0004639730265609901,3.456241181022113e-06,0.000620597961521633,4.99699685505392e-06,0.00031059173301282257,0.0003112299255956682
2023-11-28,0.0006225561640689622,0.00015828900626395966,0.00047659939547871436,7.579650556201856e-06,0.00031336817653681865,0.00016030110127558501
2023-11-29,0.00047011521612584114,7.272861113242074e-06,0.00031657334458832,6.253958145338065e-06,0.0003118755031569325,0.0001645815606642004
2023-11-30,0.0006251369469056963,1.677963304726944e-05,0.00016158907615438186,1.0071571598571027e-05,0.000470923157566306,0.000164642527392296
2023-12-01,0.000620681119425796,0.00016181717845517194,0.00016454129675043966,9.10111156574292e-06,0.000468278305538169,0.0001615159531319801
2023-12-04,0.00046965086269608954,0.0001675850649391344,0.0004681402346593349,1.1744093431012696e-05,0.00047591062315247685,0.00016576205847520766
2023-12-05,0.0004685624374212955,9.658296605278463e-06,0.00032070742373284167,8.438347567857399e-06,0.0004648113668493627,0.00016367892806101042
2023-12-06,0.0003102874871749758,0.00016492131932844937,0.0003209283199501333,9.094847863183167e-06,0.0001619311250232599,1.1089608930020866e-05
2023-12-07,0.00016937246252538238,1.5071628743760627e-05,0.0004723575868642386,1.0270429696283099e-05,9.242785853948929e-06,0.00047224399763939965
2023-12-08,0.00047295456731298043,0.00016204884142903596,0.0003154938349382752,1.2577602115694128e-05,0.00015884733423580466,0.00031155998976014997
2023-12-11,0.0004676575306039159,0.00016055767828756614,0.0006206215890334413,9.683016412085368e-06,0.0004637383051719029,0.00015845497083481912
2023-12-12,0.0004650048024667786,0.0001607150219441345,0.00031470376647595985,0.0001616169666254748,0.0004661161044416927,0.0003167824817900242
2023-12-13,0.0004704781212814506,1.0751529858239115e-05,0.00031754569586473614,6.51477507363582e-06,0.0003161479381305985,0.0001614549730259024
2023-12-14,0.00048047324360804566,0.00016189992406384664,0.00032650186541656836,2.0139745708201902e-05,0.0003295179889272799,0.00031339189159445245
2023-12-15,0.0007889437701243486,0.00033865965064026275,0.000635064406541567,2.0849798011998086e-05,0.0004940653959963869,0.0004905309727347971
2023-12-18,0.0007773490299364275,0.00016169922275815555,0.0007760634382334848,0.000163417789078824,0.000774997815659739,0.00031630765076517584
2023-12-19,0.0007710015832559111,2.2018337131699942e-05,0.00047164904075649154,0.00016179248377364645,0.00016256303297867354,0.00016294921933771703
2023-12-20,0.0006199699543373872,0.0001594812797998161,0.0003127074501329365,0.00016127212550609533,0.00046997418114002015,0.00046609458020812353
2023-12-21,0.0006211964318455136,9.285398584542596e-06,0.00031601741193195896,6.328058269909162e-06,0.0004693360234443638,0.0003148516036313651
2023-12-22,0.000620837948674671,0.00031732070470187856,0.0004671397065007944,6.555429496611504e-06,0.00046529824341012566,0.00031835799822847575
2023-12-26,0.0007719771237597975,0.000159637711549609,0.0003125468418694554,0.000159390777385502,0.00031142498539397224,0.00031112422577991443
2023-12-27,0.0006205477891644041,7.199608109872427e-06,0.0006197084973308908,3.266856007296773e-06,0.0003134580672878258,0.0003130238458316441
2023-12-28,0.0006202462216094786,3.9718767563061e-06,0.0003140798909359037,3.3896194960513074e-06,0.0006170700459416173,0.00015693756429458673
2023-12-29,0.0006195369779483061,4.925275627185463e-06,0.0003138126793992849,2.4407806705255136e-06,0.00015975175220745802,0.00015753651689964717
2024-01-02,0.0,0.0,0.0,0.0,0.0,0.0
2024-01-03,0.0,0.0,0.0,0.0,0.0,0.0
2024-01-04,0.0009999999999999998,0.0009999999999999998,0.0009999999999999998,0.0009999999999999998,0.0009999999999999998,0.0009999999999999998
2024-01-05,0.00015970197727312868,0.00046536934996008086,0.0007763510110292192,0.00016791902055428274,0.00046459097218253903,0.0006191614186852174
2024-01-08,0.0003179502812852979,0.0004666366477225361,0.000773168175958072,0.0003726181754281257,0.0003109936204092667,0.0004677507550682819
2024-01-09,0.00046612478716854,0.0003183384602149133,0.0007742025239121047,0.00016443710077432985,0.0004672284417192852,0.00046965572818368477
2024-01-10,0.00016295308553178903,0.00031701185041389015,0.0006228053374068776,0.0001725750319043395,0.00046488351155786435,0.00031412193712193696
2024-01-11,0.00031443730516671247,0.00046569721346328345,0.0007729632155945377,0.00015922210205191197,0.0007721887756088673,0.000314019046056647
2024-01-12,0.00016196691787650602,0.0006212851111751343,0.0007772131813264486,0.00016382484858919313,0.0007777081722637344,0.00046813745075700153
2024-01-16,0.00031327056307594583,0.00046605954470298617,0.0007748107483750602,0.0001669108967156965,0.0003127718525582656,0.00016599849431456364
2024-01-17,0.00016124131399388236,0.0006243750487968375,0.0007743144369779865,0.00047529676288732433,0.000320875838072165,0.00016144620586784085
2024-01-18,0.00031365967547749136,0.0006242388743777863,0.0007734187629407149,0.0006188768425902524,0.00046564260431709766,0.00016263182946138277
2024-01-19,0.0001623467849307509,0.00032178454546413147,0.0007743022340280338,0.00016919376809143428,0.000621727746519765,0.00016360827563234733
2024-01-22,0.0003114142993303987,0.0003193867511887683,0.0006242927349642233,0.00032226198879539567,0.0004689461815714269,0.0001632845875598246
2024-01-23,0.0004653318080631191,0.00016535577459798144,0.0004680117859262436,0.00047721126117810877,0.0007776887460083684,0.00016373144315333615
2024-01-24,0.00032283018735648766,0.00046998202582141405,0.0006221398711171351,0.00032096040093966847,0.0004712191824043331,0.0003179798966490682
2024-01-25,0.0001602746858043904,0.0003148171523149927,0.0003142387247591523,0.0003146266068352241,0.00062059061259896,0.0003114773678262935
2024-01-26,0.0003150978784857782,0.0004678203821769611,0.0007722413117610414,0.00033345965655787754,0.0006237022784333959,0.0003145317873019908
2024-01-29,0.00015893052688767205,0.000619939892716002,0.0007738582884359008,0.00047124783987263443,0.0006221930825274296,0.00016590590338682728
2024-01-30,0.00031222512021139256,0.0006211046666373223,0.0007761901915170936,0.00032470480131086894,0.0004707749627887427,0.0003124117492153198
2024-01-31,0.00047605639326965196,0.0006234332194246896,0.0007735265316674829,0.0001672421410461706,0.00047159065720178255,0.0003142063998850215
2024-02-01,0.00031530648723937906,0.00031575774536874357,0.00047018356027893457,1.4368300534959036e-05,0.00016142236279995998,0.0003170636113311001
2024-02-02,0.0004782790508568239,0.0007759357406969326,0.0007813523776077201,0.00031324672169692313,0.0007948176201980736,0.0003136147803311252
2024-02-05,0.00046667852261138217,0.0003159103796293024,0.0007731884400251251,0.0003164309323514636,0.00031598336325862884,0.0004692138124698091
2024-02-06,0.00046673354290422797,0.0004767524481709696,0.0006231051567398392,0.0003168686642821932,0.0006224587845897884,0.0003196492142919994
2024-02-07,0.00031631148014199685,0.000621304081661735,0.0003177719278543805,0.0003304351672148339,0.0004698847172499912,0.00047272338012039163
2024-02-08,0.0006220734508720154,0.0006209360147701986,0.00031509786462758066,0.0003250401764463456,0.00031490119334566047,0.0006261455180078706
2024-02-09,0.0006218284784442281,0.0004681515346922567,0.0006200451135084455,0.00016674944903365875,0.0004728791930853368,0.0006267075487599509
2024-02-12,0.00046664875152541255,0.0003153621617697345,0.0006194062318077937,0.0004711077262856441,0.0004688186032200536,0.00016230831264637873
2024-02-13,0.00047486583986133335,0.0004775368694862866,0.0004671811990476112,0.0001676181259063056,0.0006252785185194848,0.00031568656863839454
2024-02-14,0.00046863785991513556,0.0006212362550013426,0.0004699403194410212,0.00031726820677805464,0.0003259489971836309,0.00031962357278198
2024-02-15,0.00031454303768935644,0.0004714611624249178,0.0004673318461363901,0.0001723737096574377,0.00046833480829347273,0.00016166114961804724
2024-02-16,0.00046799897161983034,0.0003255934066008535,0.0004711281532716734,0.00016413582095110876,0.0006182531410073995,0.0006241516200189768
2024-02-20,6.360817592380372e-06,0.0006205538717935381,0.0007796050979758549,0.00016403701370327014,0.000621926180704527,0.0006223938252309048
2024-02-21,0.00016169299903177214,0.0007810627105999374,0.0004794335622810356,0.0001667213640938029,0.00047365435934438536,0.0003132794356806879
2024-02-22,0.00016042486732498619,0.0007715713418511589,0.0004676823673730393,0.0003165332093000728,0.0003144521898455862,0.00046745955810084493
2024-02-23,0.00031448124413110837,0.0004684329464131863,0.00031249755513082256,0.00016772597288363633,0.0003206003074150284,0.00032201493502898623
2024-02-26,0.0003131241400876213,0.0006251345451932471,0.00046571447772134143,0.000323548031154002,0.0007739965251569194,0.00031423808799640936
2024-02-27,0.00015991348971768838,0.000623861001303668,0.0003186576713931828,1.5801237779574222e-05,0.0006193233050099412,0.000468381102192959
2024-02-28,0.00016017133021812392,0.0006284950721539568,0.00016405452839760015,0.00016124355520819457,0.0007759878931783851,0.0006172510371868555
2024-02-29,0.00031505546260153115,0.0004704817369736331,0.0006241455095929856,0.000162033873858447,0.0007763956896901863,0.00016274358346028006
2024-03-01,0.0004684290678087651,0.00047297628340027325,0.0003167401379539871,0.00017955535443532733,0.0007770641926728282,0.0003213129092111445
2024-03-04,0.00031331557283844784,0.000621994236627698,0.00016685664026974418,0.00032218281202763975,0.0007832927455732451,0.00016370801756522292
2024-03-05,0.00016605466896709914,0.00047308587765335276,0.0004749078975394691,0.00032752504022972033,0.0004740877423464524,0.0003190933810753724
2024-03-06,0.00016121942959446047,0.0003205029462047996,0.0007696664448600985,0.000315221662736988,0.000474359810490221,0.0003134178534173624
2024-03-07,0.00031204653141641246,0.000779028974931661,0.000780909715568792,0.00017471269445817788,0.0006338166759199582,0.0006277368584022495
2024-03-08,0.0001631822409027477,0.0003182347422228169,0.0007779568852815924,0.0001700644754584995,0.00015813122157501392,0.00032165413338179454
2024-03-11,0.00031647427448901406,0.00046586127723482546,0.0006232369713119819,0.00033180132637562466,0.0004655912343055593,0.0006175406704605614
2024-03-12,0.00016268361253418933,0.00046467313332268495,0.0006233939350818546,0.00032875270302807014,0.0006223153502739786,0.0007764611711244763
2024-03-13,0.00015873916030602288,0.0003278630048002253,0.0006251479519841996,0.000316407248494235,0.00031753394183398325,0.0006227408699465369
2024-03-14,0.000313691412380736,0.00078149628538343,0.0004775407982462366,0.00016714612550555887,0.0004694478609955176,0.0004686914224537316
2024-03-15,0.00016546979783443644,0.0007785197427830183,0.00046805380517429666,1.528256713707378e-05,0.0004706046153119773,0.0003188968720314574
2024-03-18,0.00031447644272790767,0.0006275246359843046,0.0007738577667387632,0.00016172232856295367,0.0004640851246726843,0.00031341498119405307
2024-03-19,0.0001616346783656642,0.0007736928648315246,0.00047124773756541857,0.00031463105733594497,0.0006203634313496255,0.0004663767071034143
2024-03-20,0.00031274288264300054,0.0004729111431399265,0.0004647449427655638,1.6166885556920695e-05,0.00031173092322278145,0.00031424823558158906
2024-03-21,0.0001625555745589402,0.0007806379002822461,0.000621682371444514,1.2415465951898492e-05,0.0003151979905578813,0.0003154005847619915
2024-03-22,0.00016101077798986663,0.0006285895267965218,0.0004670008615296205,0.00031641439835858006,0.00016923605439945222,0.00046469477219035065
2024-03-25,0.00031505367433907685,0.0006216978556922396,0.0004680380239017773,0.000321958053992754,0.00046865246088578576,0.0004685330773777926
2024-03-26,0.0003163948799652899,0.0006293095848073444,0.0006184150327408018,0.0003228162668676839,0.0006251842077118955,0.00031415286575491003
2024-03-27,0.0001625545157797712,0.0001621025966757669,0.0007729272189223332,8.782688387744041e-06,0.00047199432827870434,0.00032005523635371457
2024-03-28,0.00016323892006403883,0.0004800886207279521,0.0006253291685954472,0.0003282023781827536,0.0003134060297360811,0.00031828962925296107
2024-04-01,0.00015932725577548634,0.0006212725637939623,0.0007773502046430246,7.79023954566052e-06,0.0001627102103291227,0.0004663180113088269
2024-04-02,0.00016562929354698168,0.00047121380715731327,0.0006225937034246194,0.0004733188417446095,0.0004712278737896001,0.00046871357919998316
2024-04-03,0.0003169855312833703,0.00031844689341409136,0.000774406753006102,0.0004689814075247524,0.0007744123382503872,0.0006169716538426205
2024-04-04,0.00016277857790079718,0.00016395460655738208,0.0006238686488977326,0.0004746553066482538,0.00016789952107787448,0.0003119786568757642
2024-04-05,0.0001667920855644751,0.0004677595437495727,0.000470248610057185,0.00017442070729950903,0.00046430000597552336,0.0003105609861285977
2024-04-08,0.0003164151953641946,0.000319835730095251,0.000312007764555096,0.000169526360018543,0.0003137093098252974,0.00031627319020289906
2024-04-09,0.00031849471177747366,0.00016149026503015706,0.0004766391148182662,1.8759297144275654e-05,0.0003160075042473535,0.0003137772331070511
2024-04-10,0.00016424723294512365,0.0003196437615252373,0.0007781952527845819,1.6636402486075492e-05,0.0001686204015737355,0.00031771026299696814
2024-04-11,0.00016323951248229315,8.322680258011471e-06,0.0007720976310022703,9.721462525824023e-06,0.00016240749320030993,0.00046826207292535493
2024-04-12,0.0003142618277720696,0.0003169727012641063,0.0007758178332108157,0.00016737101469062137,0.00016402373131394553,0.0003131986106971901
2024-04-15,0.0003208989855722957,0.00017035764554062743,0.0007783409277013411,0.00031855158892448126,0.0004712576345718343,0.0004685552596319652
2024-04-16,0.00016178209530997827,0.00047156323666972487,0.0007752673607059539,0.0003185943281402426,0.00016153121402619726,0.0004667568179731388
2024-04-17,0.0004652230875601883,0.00031335891774820503,0.0006231704411233739,0.00033606816211415686,1.3668113329621534e-05,0.0004695424637907804
2024-04-18,0.0003136279795584096,0.0003170455014420549,0.000774992677501161,0.0001733162751267468,0.0001700233835545603,0.0003120573300680054
2024-04-19,0.00031437357419443685,0.0003163747055124844,0.0003200997588341503,0.00032533627100659327,0.00031631606687035504,0.0006189026439953434
2024-04-22,8.152763851018056e-06,0.000627466084988085,0.0006239265937328624,0.00019162735952414295,0.00016498919723991235,0.0004717134218014321
2024-04-23,0.00015680915671078147,0.0003152863256628378,0.0006234747921522898,0.00016676534475847628,0.00016403300957653234,0.0001622593934803181
2024-04-24,0.00033083412954786827,0.0004734978143659676,0.0006248101151506176,0.00017469868160465966,0.00016646278721609603,0.0004690743926496012
2024-04-25,0.00016240211912348985,0.000776794449697042,0.0006173001043715472,0.00032606579307432144,0.00015995207869599266,0.0003210463157820713
2024-04-26,0.0003166661553249908,0.0007759293218451886,0.0007743291580700293,0.00016812092260981793,0.0003144099403891882,0.00047237024985545003
2024-04-29,0.00031407971594516913,0.00047641558693892216,0.0007742995139246469,0.00047720805098081415,0.00046848140939736565,0.0006258328557434014
2024-04-30,7.979680458879922e-06,0.00016261749930591906,0.0006247173085901258,0.00017403851524268047,0.0004679596736783631,0.0004678592850094418
2024-05-01,0.000165376547438606,0.0007889090137744535,0.0006301981318225001,0.0001652868782865503,0.000313111212366376,0.0001637583845314462
2024-05-02,0.00016707526288855813,0.00046972639901048384,0.0004644992746011477,0.00017951512617481004,0.00016443734696360826,0.00047045513058770097
2024-05-03,0.00015987204913324316,0.0006216781863129689,0.0006270563809897512,0.0007749666027405338,0.0003239119072315131,0.0004755166586847624
2024-05-06,0.00016802561880553836,0.0006231388448366372,0.00047267766438076906,0.00047365785236390466,1.2059116212418328e-05,0.00047923733239738564
2024-05-07,0.00016423284787852403,0.0004707687038907931,0.0003187822995276509,2.2121779270576165e-05,0.0003225018939011605,0.0006210596282199008
2024-05-08,0.00031632593021916174,0.0006184143368313598,0.0004716943738151936,1.70666574123753e-05,0.00016869485027018601,0.0003160916695174612
2024-05-09,0.0003163152470467793,0.0006248319756330316,0.0006221311060659898,0.00016657757442133531,0.00016085203169820194,0.0004643106004688801
2024-05-10,0.00031656094371540207,0.00047630665477443423,0.0003178158301624909,1.8448036834681854e-05,0.00031788157478508883,0.0004662134692557257
2024-05-13,0.0003133286232692647,0.00046927133154140907,0.00016524355089262105,0.00016027468863825633,0.0004668878071109056,0.0003158862579730888
2024-05-14,0.00031335213762347585,0.0006247915497637953,0.000314399303361595,0.0003212021723166142,0.00031860321185814977,0.0003127336024168299
2024-05-15,0.0003130115286705219,0.0006235779578459701,0.0004732055672338994,0.00016998333307898593,0.00016691965097532623,0.000621213302222084
2024-05-16,0.00031685173422894267,0.0006257401635138795,0.0003162296055676306,2.2537310427118972e-05,1.571105891667189e-05,0.000620708399117715
2024-05-17,0.00016443172476734763,0.00016380313678631786,0.0003144833867443099,0.00017011172591852172,0.00017539041026803885,0.00047151378625222664
2024-05-20,0.00016110710470134255,0.00031291953446411597,0.0003161432141166092,9.88951131537208e-06,0.0003149266083837294,0.00046542131402687204
2024-05-21,0.0001589198065909792,1.2540613087804755e-05,0.00031760596664332137,0.000167884755346734,0.00016311114569937614,0.0003186958379952911
2024-05-22,0.00031558069716218056,0.00031854344086608015,0.0004739295418888599,1.0929667350659144e-05,0.0003230685730840873,0.0007853881199699196
2024-05-23,0.0001680864492951322,0.0004711491091332377,0.0006205458506857962,0.0001709765779723552,0.0003224640176120479,0.00046974042327922847
2024-05-24,0.00016165574438128374,0.0006189163836509002,0.0006209132065464388,0.00016417709653093784,0.00016456243907488326,0.000467424693054045
2024-05-28,0.0006234025044228723,0.0006209868120914731,0.0006202192308843131,0.00017426698043773915,0.00047315199957763296,0.0006192086649542405
2024-05-29,0.00016897260367116826,0.0004720248913983248,0.0003167345303241617,0.00017789113024330261,0.0004738911417082464,0.00046552017291050945
2024-05-30,0.0004689503466884581,0.000465879707610277,0.00046573188233289364,0.00018549008777627246,0.00016695997103090474,0.0004641843246887337
2024-05-31,0.0003222274170490462,0.00018102718147116305,0.0006215431783683333,2.5366641171670313e-05,0.0003285731445938014,0.0004650021371576906
2024-06-03,0.00016707560597221697,0.0006219275000944182,0.0007733081562996382,0.0006405140441941956,0.0004778738988125855,0.0004663850257063185
2024-06-04,0.0004753919257139273,0.0006214988465406933,0.0007720321016476909,0.00017791310273837835,0.00032271172863274707,0.0006201879542433003
2024-06-05,0.0003148143420589674,0.00016209362951669944,0.0006229424303818466,0.00017789098486732468,0.0004704064383871172,0.00016703181282894057
2024-06-06,0.0001650667442322373,0.0004719063172679192,0.0007786041799379067,0.00017805902958444164,0.00031764179148942876,0.00032234477239570503
2024-06-07,0.00016133259888861327,0.0003158336720285283,0.000617629198253521,0.0001748130397553571,0.0004704213723558695,0.000618483543865246
2024-06-10,0.00015815700354478423,0.00031237065540461233,0.00046658591972784704,0.0001681873535883123,0.0004722910675442085,0.00015948353827109125
2024-06-11,0.00016870908509079364,0.0003130320426042873,0.00046623125511751295,0.00032024126409320236,0.00047241709584549076,0.00046751585689277765
2024-06-12,0.00016061801009675968,0.0003146018335471478,0.0007774674273661772,0.0006311080525093314,0.0004681670237972479,0.0003158557544359618
2024-06-13,0.0003131610150263434,0.00032158365294537183,0.0004684215453560911,0.0001687755473019288,0.00031914726202178636,0.00016662218358590186
2024-06-14,0.0004661975713411018,0.00031865633571230047,0.00046896387896828247,0.00017737798895996675,0.0004695898097221849,0.0004701685110109673
2024-06-17,0.0001615121754342423,0.00031491693059133743,0.0006177150191407983,0.00017544039826538697,0.0004722714154426107,0.0003137169009752818
2024-06-18,0.00031689538070361255,0.00031496822190249307,0.0006241701200729559,0.00048656337490875386,0.0006201711863701553,0.00016075772034053338
2024-06-20,0.00016032641921748914,0.0003126055634896461,0.0007766864675930166,1.5981216879468145e-05,0.0006234955015181695,0.00031806627260014893
2024-06-21,0.0001603000927024723,0.00016173176665469646,0.0006268761703397644,0.00032792984129495695,0.0006260903230562742,0.0004800301983837319
2024-06-24,0.0001628253832747399,0.00046709358790215027,0.0004696484845753878,0.00016604024041840844,0.0006184589654228783,0.00016081999041931493
2024-06-25,0.00016716492950909095,0.0007803141595018817,0.0004713986591098015,0.00017163212251377502,0.0006193035794986422,0.00016409772166607538
2024-06-26,0.00047026359031180807,0.0004712236378314497,0.0006252878572777841,1.960972487865738e-05,0.00016615266290255927,0.00016303767908443695
2024-06-27,0.00031564553813017993,0.0004674083110844947,0.0007780481137750788,0.0003180284074892557,0.0006212883457904812,0.0003161476051355843
2024-06-28,0.00016345007690422926,0.0004650698577063416,0.0007748761035102434,0.0001700840620683849,0.0004654086941855299,0.0001628709500939084
