,full,no_csa,no_rpa,single_alpha,gbm,no_agents_all_alphas
2021-01-04,0.0,0.0,0.0,0.0,0.0,0.0
2021-01-05,0.0,0.0,0.0,0.0,0.0,0.0
2021-01-06,0.0173598695415393,-0.015676920632520863,0.017783574585848023,0.00046604260266098216,0.018358233987620754,0.02041507980709801
2021-01-07,0.009459172954074823,0.009322391945980297,0.010270750073287843,0.029976397773340432,0.00987842453608331,0.014388671118881854
2021-01-08,-0.002369308986289141,0.009064368794602673,0.003120588749595753,0.012476658708415519,-0.0016738978016357675,-0.009586930228558811
2021-01-11,0.00246384760940497,-0.0045694621832061775,-0.01599685848718696,-0.012996095991708678,0.005350023676009111,-0.004225712179685431
2021-01-12,0.006182412661743364,-0.0005302666030188945,0.011905090541151178,-0.00392577474499768,0.014365407585258472,0.0015949728909701582
2021-01-13,0.0003206369742279918,0.0013329032099665705,0.0008461184152451407,-0.0071389994097191805,0.000499838840888636,-0.00045081057807163646
2021-01-14,0.006778538745107819,-0.0010883854544739152,0.02625979974371554,-0.007730249626666913,0.025456314060445646,0.0035037779866225033
2021-01-15,-0.0018263032565582395,-0.005352918366859691,-0.012855737768710556,-0.012876442935383866,-0.003682386509944712,-0.000192073105111288
2021-01-19,0.00010364622445154924,0.004759807558728133,0.005608702093996765,0.009153473638969173,0.005635187429821664,0.011063073623385255
2021-01-20,0.0042954964775394275,0.02523536115945382,0.012513158880061765,0.012865483407679314,0.008548004325864944,0.005307083116837932
2021-01-21,-8.265072461367132e-05,-0.0018345507281356348,-0.004346840480818379,0.0007385376027338165,-0.01176383575090445,0.009943682973275851
2021-01-22,-0.006107238577617185,-0.005876622545055725,-0.009256445808894398,-0.006469694255766035,-0.0022380503146739008,-0.001544136209406132
2021-01-25,-0.0018663014018766603,-0.0016563919121022526,-0.0034871876603953514,-0.0005473333173021796,-0.006723416517756802,0.012247797205283727
2021-01-26,-0.000972710209025856,-0.0054870504845184595,-0.005128226641414696,-0.00969798861264374,-0.013503139702874782,0.005951587312215158
2021-01-27,-0.021424818116920073,-0.014960994705645663,-0.021489614727399728,-0.04184536249728145,-0.007535869338223508,-0.010328984736637478
2021-01-28,0.01574597572186736,0.013838554922993759,0.022380336082432215,0.019311968314907276,0.026218281228092607,-0.01627502144313247
2021-01-29,-0.0191694557161633,-0.02242893648900692,-0.03202241838192347,-0.018824229410534323,-0.023981840663614095,-0.0190261127365419
2021-02-01,0.016150314871609676,0.008396313773689046,0.01751232835176346,0.024445147124291668,0.011629166846453664,0.013419396675570273
2021-02-02,0.021878907420686166,0.005048432192587972,0.02196796813309737,0.027015224890009282,0.025245050997642394,0.013961086846858088
2021-02-03,0.009416673167213964,0.012014119232893947,0.0042266637072747165,-0.0013015412522252026,0.0212535374061263,-0.0005302633170111746
2021-02-04,0.01810309468460749,0.010215701613384856,0.021193244156362298,0.023269301067782532,0.016022886529842875,0.01607129502308921
2021-02-05,0.0017827202146765845,-0.0046734022393178695,0.002719830322886742,0.014592429949745866,0.008098508219112795,0.0031448800449658683
2021-02-08,0.009137601528695728,0.015762422314246516,0.007835440808981776,0.0005003280557322296,0.016022314318150717,0.01589088363666691
2021-02-09,-0.004635037811895661,-0.0012101137141006825,-0.0066569626321887725,-0.0014043468269663768,-0.009845873917958277,-0.0020784457410860453
2021-02-10,0.004916050446585385,0.004528650263171305,-0.0023075247099986354,-0.006195400928362888,0.0047468092190291414,-0.0046968963745473435
2021-02-11,-0.0006678701009769916,-0.0011469434996533082,-0.010127817135941845,0.0010693389115489147,-0.007176861231181092,0.005622145705325622
2021-02-12,0.004557487178240708,0.004854795805590086,0.005501143333104306,0.005305359529313437,0.005183591322051787,0.0022670362083235603
2021-02-16,0.0069941379537504554,-0.002762821751115722,0.01665926705302451,-0.00441900178350763,0.018657576435112226,-0.003183528869641742
2021-02-17,0.002140530211634655,-0.003711066607096355,0.007673386972384601,-0.008462633342657599,0.010578128214448087,-0.001399211239901496
2021-02-18,-0.0010837818661838142,-0.012156873719475906,-0.0015724082923757503,-0.003151066435479995,-0.003456787204641227,0.00625682327128464
2021-02-19,0.005710516565893537,0.005343253235501074,0.0020115801840377354,0.012209276231290122,0.009356890669922494,-0.0024084898202621145
2021-02-22,-0.005507528891090165,-0.009540192921197616,-0.021168549601904552,-0.022330791205205668,0.009758627440682637,-0.006748017027645866
2021-02-23,0.003761938441946451,-0.0026935783782201235,-0.002215973793477614,-0.005168448808177547,0.006894805135162485,-0.0006407029437910455
2021-02-24,0.013499507859540244,0.021767280503386027,0.006895914142886831,0.027162206699101583,0.01997492796611966,0.00712979330843406
2021-02-25,-0.017846024429763893,-0.03960448569119097,-0.032086451073211675,-0.04012523295070476,-0.029192708069963585,-0.024611622286400004
2021-02-26,-0.01335979061615582,0.006305280622768625,0.0028500930277690494,-0.005293233490846465,-0.0024370427463627016,-0.008890096037440131
2021-03-01,0.029104620562031818,0.020694071369089802,0.028188449032027798,0.017860187637668484,0.009166788525553901,0.02575718755981526
2021-03-02,-0.0070897105895076674,-0.00830071758787062,-0.004411177279556195,-0.012777813930831706,-0.0014296693007868127,-0.010390736192463343
2021-03-03,-0.011523899683329465,-0.009476352763123629,-0.006609115942027137,-0.034366828578974815,-0.00013325379530297973,-0.012414267873406567
2021-03-04,-0.015293393748436857,-0.015408408165391121,-0.010964783439285537,-0.027468371890304003,-0.008810602223491068,-0.022969315061017195
2021-03-05,0.021688373387501098,0.01581065690911173,0.028659170513145378,0.01576246705989125,0.023964260266334157,0.02797766122880553
2021-03-08,-0.011222754837016992,-0.020258308668272666,-0.0019032008479221941,-0.02239250155790606,0.007696381389952367,-0.0013527615214420229
2021-03-09,0.024960428378333586,0.02374782541973671,0.016350312966196184,0.025488762712651547,0.0017184973969529764,0.013962943739190138
2021-03-10,-0.0006300443191321467,0.00021201503553069717,0.006696082135605755,0.00121012291931416,0.025358933386260413,0.01144811308323092
2021-03-11,0.006635277913299216,0.01979455567542956,0.0159991082697271,0.02584713634254674,0.0020744783582881815,0.009450511562971602
2021-03-12,0.004890741952276173,0.004139366945987608,0.00471789212719118,-0.004017560463166201,0.0035430455915941746,0.003387276868449143
2021-03-15,0.012922239416450503,-5.146521359462679e-05,0.015723439086921302,0.018334768971810543,0.011239690441044115,0.012156866678809532
2021-03-16,-9.058450591752667e-05,-0.009393322757215258,-0.00636262425692502,-0.022637747095047248,-0.00420443773778302,-0.004766566836402729
2021-03-17,0.003402039275267676,0.0017504501087367511,0.012291661044870091,0.008713710005406753,0.0031540661101325685,0.007460377160290513
2021-03-18,-0.021217782277821038,-0.0052601900210635264,-0.00886533000982932,-0.030291273182221624,-0.02189517757367187,-0.013231002065543276
2021-03-19,0.004100552524427756,0.004287954395852122,0.00401094710750213,0.007272940628779496,0.00737229776832971,0.005387090353070356
2021-03-22,0.004664350592488433,0.010230451952086666,-0.005544392100623281,0.008741631568053057,0.0022442082320664166,0.010135922945835981
2021-03-23,-0.017230338732702494,-0.008439379233349243,-0.019113531421843275,-0.015173557956650123,-0.02480529030951336,-0.023574127027856866
2021-03-24,0.00850471146584404,-0.0005386096176186468,0.0032263491221305443,-0.019967306980412793,-0.001216342953745233,-0.0007142673026005646
2021-03-25,0.01056718906439848,0.008557595519653577,0.014418629583273933,0.008930956646471302,0.018294763501950664,0.015284476679008287
2021-03-26,0.024392593551886894,0.01263277686230731,0.027084207483844987,0.013939358401020525,0.020429313420139702,0.025739855050328806
2021-03-29,-0.018430598543343262,0.00010829909823876116,-0.014099073344299303,-0.013492171206643035,-0.00394328725476266,-0.013880444912710855
2021-03-30,0.005992059226040432,0.002636434378876064,0.0010102216401290923,0.0014219290341085941,0.009857155662049923,0.0035252614488856674
2021-03-31,0.004932207046977848,0.005772059052143553,0.01168655986353921,0.018472798508123525,-0.0023005830088369604,0.004880857391524601
2021-04-01,0.02565501563029329,0.004310685823611507,0.017461347502659774,0.011097283034259978,0.019997085195434777,0.016363205886056626
2021-04-05,-0.0013586896853872335,0.015261334946141458,0.0037714095725820875,0.008930129732279217,0.001227740636593658,0.016242291289767403
2021-04-06,0.00210437091399992,0.005774966823283989,0.0006851981516476955,0.010069077063914095,0.0032458491970522264,0.0026309357165667825
2021-04-07,0.0021607300026488412,-0.004863282220434545,-0.0046850484472751395,-0.010461721687996185,5.242720264102849e-05,-0.006839726133553307
2021-04-08,-0.007614533730199615,0.008026752628850244,0.0013070083214856564,0.013740403352396948,-0.004387315307084649,0.0015002608676102978
2021-04-09,-0.00032059526725249706,0.010206986160438542,0.005654844243437519,0.0034016916336918816,0.004324333446489397,0.006287995623143953
2021-04-12,0.00012946111506011333,0.004461744433355975,-0.0027042299365360274,0.0012760886747141768,-0.006004160334437269,0.00055009408214914
2021-04-13,0.004103505100099019,0.0007246462056065266,-0.0007653084205440213,0.006215012605115846,-0.002829281630606832,-0.004090316740402359
2021-04-14,0.0066997891283671635,0.0011449773542944208,0.0107491331779417,-0.0060597315803576565,0.006337938547207189,0.003131576585359914
2021-04-15,0.004053136022979049,0.00977277957083835,0.0005370730606967899,0.00504776485891601,-0.002598641680865106,0.0027479191526767074
2021-04-16,0.003999762819802467,0.004476492053894118,0.0007735922402350915,0.006322564033079669,0.0036519426366395597,0.008083734447696037
2021-04-19,-0.013178958968099312,-0.007207990324219564,-0.0072852208439030735,-0.014084987017255402,-0.007027343960972074,-0.008282479843974877
2021-04-20,-0.009146579277356624,-0.012232275453489233,-0.015031634744754933,-0.011155290606912437,-0.016867784369690966,-0.007157989597152848
2021-04-21,0.011594221134145705,0.0129149015738103,0.018033618561560535,0.023707432484401388,0.020278701179563017,0.017586872592074868
2021-04-22,-0.014745002240612589,-0.008724020626615854,-0.01878196794430872,0.0002565796926339538,-0.009902219409245891,-0.01150665142425984
2021-04-23,0.012120415061987532,0.018357555074635195,0.01363146190792517,0.014020912617256652,0.014672642541387459,0.020940209960160612
2021-04-26,0.01056544309895812,0.013316177458689666,0.00901920187093063,0.004503826220525284,-1.1357377044042018e-05,0.011849862437111763
2021-04-27,-0.002392660206089364,0.00628839686651461,-0.004664769368090887,0.0028120903955485047,0.0002683105256802575,0.0043238078064103585
2021-04-28,0.002283060175458816,0.005028262680356375,-0.0018683180708303421,-0.008583686787284089,0.001713054262024805,-0.0005410680034606514
2021-04-29,0.010317934057127227,0.012403147404930103,0.0063775446821838,-0.009457192306659621,0.008560157954884405,0.0075573520694199765
2021-04-30,-0.004993729965927697,-0.0015643746982133633,-0.005477195249090187,-0.015977526939486328,-0.0032767816135661036,-0.008849172136082507
2021-05-03,0.009106622813696046,0.0047391335861600775,0.003219742360362927,-0.012146626200299505,0.01293640317487428,0.0067091802216293715
2021-05-04,-0.006577179469476755,-0.004789596822096887,-0.013911976448643119,-0.02122975224987455,-0.010836358650379699,-0.010109989212647084
2021-05-05,-0.0011235891815458254,-0.004131414057160367,-0.0009252772930418294,-0.0014300805212724957,0.004213060419506567,0.0035159978019822058
2021-05-06,0.007925401220574616,0.007302379060315997,0.008105631809758073,-0.0015439991412346211,0.003801549125207823,0.007764203342314653
2021-05-07,0.007895189139524155,0.012910560995728274,0.013154582730087709,0.009185937984671369,0.01582065019071744,0.017750758276821946
2021-05-10,-0.004648069937996696,-0.018003548421385244,-0.010654233548912685,-0.03080880716163291,-0.0014239295784899098,-0.006925747450012067
2021-05-11,-0.0068410101462983005,0.006437245777340986,-0.011397991502595661,-0.007338424017663869,-0.011483218725277126,-0.015241112063146888
2021-05-12,-0.02666605650134712,-0.030198290391935192,-0.038329505938555,-0.03469277082695352,-0.02334740516320015,-0.025978856993847887
2021-05-13,0.014967066382405619,-0.00042625713504535487,0.0159192577588812,-0.0002982648032638497,0.02454369271254961,0.014035267825634249
2021-05-14,0.012217539010871302,0.0252777929594818,0.01923028234692187,0.031851230904202485,0.010525831276945655,0.029996963769909166
2021-05-17,-0.0047291854300487305,0.0038437254966130216,-0.005970212063463561,-0.00845974155363562,-0.0038744275047266174,0.008156632301523489
2021-05-18,-0.015703323845584313,-0.005760033377598746,-0.00832055755832814,-0.002656615013255353,-0.010998474835257082,-0.011473384216717253
2021-05-19,-0.0006994510469078376,-0.0022168739083270935,-0.0020995413666062834,-0.007123598007036088,-0.006222256753222038,-0.00764971621350241
2021-05-20,0.014518222708651602,0.01764533445810773,0.012274931826901835,0.019150953041805144,0.009160066900939401,0.007234181340432058
2021-05-21,0.0026295077686507694,0.0024984512219510487,0.0010194353098066395,-0.005931365411482541,0.0037360134474468025,-0.008727143592867057
2021-05-24,0.0013756429656774816,0.003434794552567475,0.0029139337184718324,0.016741201787213247,0.0036052366662948964,0.008455731399170564
2021-05-25,-0.00034195573462037794,0.001318830742433134,-0.008192510911516257,-0.0015306033719962684,-0.00775563670956723,-0.003772412076241795
2021-05-26,0.005351764053887884,-0.0006802718854586622,0.0016618816435748332,0.011716300994558204,0.009731387065595301,0.008894007228343602
2021-05-27,0.001092128207669018,0.008024324036188968,0.001062605141199999,0.000639800342223203,0.0032400278600098866,0.004896819535812096
2021-05-28,5.3714206847886646e-05,0.0012918222957673672,0.002755739958014011,0.004107278767008764,0.0018644317388754887,-0.0026652253529570054
2021-06-01,-0.0063007965716039725,-0.001984385575010443,-0.0056955751716973434,-0.004334957339628109,0.0021848854821649296,0.004139643889197665
2021-06-02,0.005786303576023502,-0.002370519332230509,0.009103288544569465,-0.0014976728903886526,0.00218220719015109,0.00251232166251902
2021-06-03,0.0018141000709602354,0.0017258964050657173,-0.006229005926949216,-0.016773185729981495,0.0024839403702038615,-0.003148133485104853
2021-06-04,0.004645329813322546,0.005661425166448963,0.004704924815468356,0.016766517682762643,-0.0014608210454377269,0.003618225410394476
2021-06-07,-0.0009400227555102188,-0.006631403271751974,-0.001967785053319163,0.00433463744104942,0.0007398548277537233,-0.0006380739317890036
2021-06-08,-0.002706332486508674,0.0033040632289391466,0.003252220445614608,0.005881540038597746,0.008603082664839662,-0.002235159700629025
2021-06-09,-0.0031665382481171245,-0.001290593442781468,0.00018741712607397325,-0.006643738403559703,-0.009687254294611179,-0.006521167202995266
2021-06-10,0.00434309039611501,0.011960706517860227,0.00885171962504741,0.013100491083245592,-0.005796690971136317,-0.002577536615118583
2021-06-11,0.004641503765723336,-0.0017920210643946645,0.007870810445570956,0.007552034451238289,0.005998537678915083,0.0027893329806323456
2021-06-14,-0.0015695839398289402,-0.007191576130643075,-0.004812510070907013,0.007120493165698347,-0.011384464653171047,-0.0058984094882852155
2021-06-15,-0.0020898409943151,-0.001275956945760289,-0.0046964011105082625,-0.010577666613934611,0.0016005785114741845,-0.00217315748224992
2021-06-16,-0.008416759294893142,-0.010300082038179106,-0.01009830625818094,-0.0018223212850078617,-0.008976060665628283,-0.014560567111986035
2021-06-17,0.002337159805754548,-0.011352368652452495,-0.00014925655977560207,0.013986908452024728,-0.012069803782295838,-0.014726910183880547
2021-06-18,-0.019384309340218103,-0.008728320808101934,-0.013346320125028443,-0.002390773156461102,-0.016910901823804315,-0.020212415053222535
2021-06-21,0.012786233217698298,0.025143097992653962,0.010938363339387521,0.013141375072999154,0.019611900522085047,0.017025967308801872
2021-06-22,0.0023166204881087914,0.003801991076862879,0.006686934613204446,0.00833344825578938,-0.0026624068736455027,0.004775495550564043
2021-06-23,-0.004232628820714506,0.004832733925011713,0.0005265063902567429,0.006102365099519379,-0.002043730724232431,-0.003132456241803103
2021-06-24,0.007155522133709677,0.00733770781190691,0.010986742524004693,0.009320039440923794,0.004358640946772338,0.005710581127938197
2021-06-25,0.0010213526362272474,0.003989879498680229,0.009126644090848304,0.006198777673501256,0.004416128622667074,0.007692836403595671
2021-06-28,0.001476584599008655,-0.01565316576415749,0.003257633727644326,0.008427295608892773,-0.017008825795268114,-0.0007408116908028597
2021-06-29,-0.0034798202247079482,-0.0004622157294596756,-0.0027281315665014325,-0.0006637380056927392,-0.008030340900882494,-0.0006794568237766939
2021-06-30,0.0069294680088234865,0.00831726080886476,-0.0013101125209574423,-0.0016490697381092666,0.005225555869646799,0.0027182281976024965
2021-07-01,0.0,0.0,0.0,0.0,0.0,0.0
2021-07-02,0.0,0.0,0.0,0.0,0.0,0.0
2021-07-06,-0.01774013759385616,-0.023923863016552045,-0.012913977347227774,-0.022633537777135643,-0.0183458510031305,-0.01634682929287949
2021-07-07,-0.004853865656721187,-0.004764861095024351,-0.011135630980749076,0.0014247898446671833,-0.00261746262774886,0.001695409826071969
2021-07-08,-0.010560096048647952,-0.008645864860790975,-0.011351137601805833,-0.010371577961379153,-0.010947202663103556,-0.011095655906255681
2021-07-09,0.019514158546237354,0.01855476739134952,0.01844629896107895,0.026518875163918196,0.024925808885990764,0.021530479051187178
2021-07-12,0.0023507566745526913,-0.0014401123594681375,0.0004482604758732357,-0.0015539913199257723,-0.0010088868373183675,0.008277618252845655
2021-07-13,-0.012914914851918567,-0.015364918132247125,-0.01834230194016187,-0.020497307897529397,-0.015145717845674306,-0.011879727868982594
2021-07-14,-0.005255904411755598,-0.0038897116281523644,-0.004127499526414368,-0.007903337996615956,-0.0038433423513751777,0.0034406145272259632
2021-07-15,-0.009678640736010453,-0.014952850288636218,-0.01040374011187645,-0.022656333314548336,-0.006199588718470201,-0.014790346822332144
2021-07-16,-0.016017238605568567,-0.02353177140440342,-0.027096150609497063,-0.03128177750467084,-0.017249439828559768,-0.01654029849441396
2021-07-19,-0.019717209706169726,-0.03070336839257972,-0.02041959071247638,-0.04172892229220307,-0.028198487632141247,-0.02285944108496634
2021-07-20,0.03448586703378786,0.03502510034702338,0.030794980800664076,0.033927020523886894,0.032913042560571606,0.027343040562686723
2021-07-21,0.03180722869703501,0.033868341542173386,0.030957805189965323,0.050057158542719464,0.0186577791619734,0.015808808708423615
2021-07-22,-0.009291056423786592,-0.011361246335763204,-0.007055648407858009,-0.014899377439882684,-0.00992290320816288,-0.009358877852952734
2021-07-23,0.0019007149884734628,0.001097691424554266,0.0041638991161708225,-0.01195661429306586,0.007734432556951896,0.008157650359928074
2021-07-26,0.011017745678308174,0.014575861684869719,0.011920280093996937,0.03547493061394652,0.01634759439628906,0.011256228910197341
2021-07-27,-0.011821215655175637,-0.005825062757399777,-0.013312348212237817,-0.014658165043809292,-0.011566980402305308,-0.013611665637659727
2021-07-28,0.005039374995421649,0.0020032942189112143,0.0049164716749605444,0.012633941671821653,0.0009902686493004059,0.005969806905495275
2021-07-29,0.004651699490874497,0.004014600959253715,0.008658683280744133,-0.0008095765664245804,0.010969317370274746,0.0071084647205347925
2021-07-30,-0.0007963766181333193,-0.004131575894004032,-0.0038182148307329615,-0.024217756831046742,-0.009433309452527176,0.000605724095312695
2021-08-02,-0.003074540607857465,0.000543585919575975,-0.002126398534762711,-0.012810657071708498,-0.004050392381943354,-0.0014150924964015305
2021-08-03,0.007326737877858782,0.013090095743376398,0.009926768741135858,0.012619409723808612,0.010520482494933106,0.01250581539885096
2021-08-04,-0.016741332088393596,-0.017910863361136467,-0.016508845754624444,-0.04189382220064309,-0.03116786135887539,-0.00876816048708667
2021-08-05,0.020814755376343395,0.018937810127478406,0.015142338654572225,0.031665894055619724,0.013028471416145014,0.014164433123993724
2021-08-06,0.006070443754575253,0.007893917802998992,0.006787487732292022,0.012612103356919892,0.009486280384497824,0.007556433453161195
2021-08-09,-0.013349559902080196,-0.008983721657287802,-0.007265264031970765,-0.016381751365009474,-0.01320026924600784,-0.006757618284787696
2021-08-10,0.0013977418382733362,0.008378832761103452,0.0020446532124893616,0.019601230527527637,0.00416933963986079,0.003923724977072175
2021-08-11,0.010248598744005341,0.008706694225877968,0.006182682613678819,0.005075661172363063,0.007210197557594747,0.008016797743914547
2021-08-12,-0.0064548939458222605,-0.005447459574048701,-0.0194073378339521,-0.003872528057277303,-0.008655498166767462,-0.0028095169584854743
2021-08-13,-0.005591439319782268,-0.003911589347771676,-0.002043987794909676,-0.006673664643199103,-0.0003414493240187087,-0.005259803248319824
2021-08-16,0.002731758962261077,-0.0019148982337568359,0.0006402321916236778,-0.0028709502188516796,0.0031628839337005266,0.0005561999179681811
2021-08-17,-0.016176014880275084,-0.0076845420180986605,-0.013173553155976828,-0.00509049444397803,-0.014902528164349504,-0.006646677014738208
2021-08-18,-0.009551856365517268,-0.009926691671041325,-0.008428305129928612,-0.009374076939767108,-0.006678694572806081,-0.008501440887963306
2021-08-19,-0.005755212418198323,-0.014489897352261496,-0.003990065880655356,-0.01031491595064197,-0.006080217546118492,-0.010474847375228202
2021-08-20,0.008047213902034925,0.00691090719171187,0.010929222149873751,0.0029365316418737703,-0.0009463621684862868,0.010222998452153857
2021-08-23,0.015514461994944963,0.02160462647901087,0.031602717360449256,0.014755326280665176,0.023416634161881292,0.010141427102883394
2021-08-24,0.010465620003407795,0.017711120950022138,0.009568051542476612,0.01176483219693742,0.011579666520691242,0.005347128913971661
2021-08-25,0.01368687279952046,0.01220585160675432,0.011814423409700138,0.005314388125423957,0.009144069953630296,0.012958174805302897
2021-08-26,-0.012444845111297415,-0.02105901510137225,-0.017402062526725538,-0.013716162003034606,-0.018414991583444135,-0.011834313632658605
2021-08-27,0.014470657917623855,0.0229536429205139,0.01840948749429583,0.017820924398361852,0.016410960816493448,0.013574875143011813
2021-08-30,0.0005486912784392497,-0.007380555958760185,-0.007251718327729019,-0.0074577873609042895,-0.00902657631212248,0.0003731500945214555
2021-08-31,0.0026106184966698705,0.003105644635729666,0.005093176922760482,0.0065193860236062474,0.0038441406371116896,0.004487841335560433
2021-09-01,-0.007225055000984401,-0.009081519811186803,-0.002880812668980597,-0.006645797191490463,-0.004991643750961567,-0.0024411835870869945
2021-09-02,0.010076258380280293,0.018718169055362856,0.008989640052373935,0.016737117617109932,0.003865162685207683,0.011037241877114556
2021-09-03,-0.009763148136265859,-0.010011256791781957,-0.009223658454842739,-0.005322490373158306,-0.0081339536657743,-0.006352428532610821
2021-09-07,-0.005206099743649336,-0.000665699162091403,-0.004497499242741469,-0.002197397290863351,5.402959694776748e-05,-0.00859297951145785
2021-09-08,-0.009895379497490512,-0.014356678388627288,-0.012229752333928359,-0.006431065922284941,-0.013721390202677576,-0.006955393504773024
2021-09-09,-0.0027808906629823134,0.009635026950679157,-0.00042690275313988374,-0.0028337356473186644,0.006240932480730092,-0.001906690755857265
2021-09-10,-0.002834650628445429,-0.005444073302768558,-0.008071029597350947,-0.0023876465241933803,-0.0028267316118839913,-0.006957966353564964
2021-09-13,0.011767912157171587,0.011945276535850478,0.01709798171336523,0.016623449119076414,0.01125419358585835,0.009261914203357157
2021-09-14,-0.0055587439097858245,-0.011667683587340834,-0.010311542686221354,-0.006378572345286776,-0.003922389703996897,-0.006356661478308874
2021-09-15,0.010452246604886282,0.011939329282048461,0.003974600879218931,0.010162695013108167,0.01021020493407361,0.009951244215326224
2021-09-16,-0.004163600291597711,-0.0070245297040395565,-0.006019237170997763,0.0023902295253964236,-0.0037372840214834543,-0.0017546020210541
2021-09-17,-0.00811880168688023,-0.006396036589816596,-0.00598403017507752,-0.005553476823110997,-0.007452832681314608,-0.0019189491892837173
2021-09-20,-0.01870128395064339,-0.01809171607843553,-0.013076359624543961,-0.02341069259000436,-0.017608112048109664,-0.018340038015564858
2021-09-21,-0.006922875440610659,-0.004000774171699837,-0.007204835106191076,-0.008138407185236911,-0.006286849425561412,-0.004075794298710495
2021-09-22,0.013652995509186652,0.01324961844727595,0.010167026451369274,0.008318789642175736,0.010514189835227058,0.012709923997233611
2021-09-23,0.012960142994433469,0.014565582902827357,0.016693093447714916,0.015378047462508464,0.010992031592226127,0.013869008902261932
2021-09-24,0.0011662997169792067,-0.002223806525345935,0.003478345623771344,-0.00466143998724051,-0.005480555755698584,-0.0010672024261978255
2021-09-27,0.0035166233584958072,-0.0011675416717367476,0.0037699579620182454,0.011820006724061895,0.0042636710062327705,0.011241049150921473
2021-09-28,-0.017209368287928645,-0.019026660071084295,-0.014814020392960441,-0.011230320962395776,-0.013259358183521447,-0.013877447417039633
2021-09-29,-0.005834926606590139,-0.006885260765070001,-0.002273387674136834,0.010520888375683764,-0.004756900583756416,-0.002299182230288398
2021-09-30,-0.009868385809179517,-0.0140851692595287,-0.008069212405022794,-0.008449140192688484,-0.010148262850095796,-0.01918116276602505
2021-10-01,0.0005955571032459622,0.011489592329650267,0.006183891964010454,0.01580799440642708,0.005639150747559251,0.011288323808795667
2021-10-04,-0.012513210597443123,-0.014977503144599833,-0.02087736967678999,-0.018027212170079226,-0.0038103249867007275,-0.010435499939819516
2021-10-05,0.005889615963618338,0.009766721964904931,0.006961125802344768,0.007755276510600793,0.006518974940286081,0.0029675625348318186
2021-10-06,-0.001763294446221746,-0.00513091565374681,0.0013131410374388943,-0.014913090207246653,-0.0037304554420061475,-0.0018359838636798455
2021-10-07,0.012134620304213325,0.00501981642727728,0.0082310777263189,0.01888911415418161,0.010535207083960182,0.008655201185250351
2021-10-08,-0.006189663466974591,-0.005440325783126976,-0.01534951908726661,-0.002276326247858499,-0.00473678175893543,-0.002386893900804336
2021-10-11,-0.00446971035977494,-0.00878451548979501,-0.008140547859491478,0.0028446166505637998,-0.0027746858117468514,0.0013837813579336386
2021-10-12,-0.0031458595441878506,-0.0014736828849373483,0.0029719520289140013,0.005466428712520305,0.0039240569377602666,-0.005469364542102225
2021-10-13,-0.0008495583114399555,-0.00521653344934357,-0.0035720091129684936,0.007121779199714237,-0.003283824045628582,0.002154619937280772
2021-10-14,0.0218660443724714,0.018047296405784806,0.0188677480291229,0.01813312882027559,0.019993034397589548,0.023793751194132497
2021-10-15,0.0015252244729514874,-0.0013628932697811453,-0.004185860169966613,-0.000928422023674627,-0.002644752433002228,-0.0008680011367144403
2021-10-18,-0.007125137659527505,-0.0028782310375317062,0.0001126821685090069,0.007992694349103277,-0.0009008164108857697,-0.005469723265194966
2021-10-19,0.003130741631687715,-0.0010564404325804151,0.001382338935723562,0.009156629527893952,-0.000924292855908986,0.004742592606854325
2021-10-20,0.007727250296386769,0.0077027615883331416,0.0036534455348866124,0.005929631394920707,0.003131693400793352,0.006711770076562248
2021-10-21,-0.0033266675361614652,0.008045359871390727,0.0010373594924505286,0.009383226501675198,0.009438471202400356,0.005962768333878353
2021-10-22,0.006447080259493162,0.0065292609596930935,-0.0034371181221484544,0.00020867209642447683,0.0007814731354996192,0.008099179207281745
2021-10-25,0.006258644716612956,0.0013336441058654747,0.001488499603498211,0.004531743218561015,0.005532263292927591,0.006682575804806435
2021-10-26,-0.004501408280037756,-0.0012476757701680495,0.0015353974408993595,-0.00383984258765108,-0.0038804589328042525,-0.004917360880561008
2021-10-27,-0.016396212925423058,-0.02156579609267659,-0.004478580648784079,-0.010239722055289715,-0.019923661033894584,-0.01627828546340959
2021-10-28,0.006218873375141308,0.01565565854303354,0.014037608459349663,0.019785330498962455,0.011150853172229979,0.006046346432916341
2021-10-29,0.0038717669940773274,0.008410606070895298,0.0023945499909700184,-0.001458397144418551,0.007078027509574118,-0.006992056494523943
2021-11-01,0.01555436529936229,0.02501116940097916,0.007484557161910654,0.020956513827361443,0.014614217716152901,0.013679941891345018
2021-11-02,0.008623623348290739,0.005914126664586195,0.02348748627194488,-0.0019202271887484496,0.0010003605435414497,0.012571699993508012
2021-11-03,0.005411914891910693,0.004110586373473104,0.005421240209419498,0.01192171671032767,0.008821741929558705,0.0028513462621679343
2021-11-04,0.005059414646025164,0.003330861179381338,0.011116776983704406,-0.016338190397566142,0.008205959327556496,0.009783267201319317
2021-11-05,0.017673409451227626,0.022627435563037392,0.016099076906161917,0.030572818409755398,0.02047848696565145,0.004399483037019303
2021-11-08,-0.00557100345080902,-4.9041120475677605e-05,0.0023849480849420642,-0.0042729599900254225,-0.0031257084636008275,0.004690101222573289
2021-11-09,-0.00587616069230818,-0.0030341387245238914,-0.011846506128224337,-0.018298784536319807,-0.0006314391986674361,0.00032787546605653043
2021-11-10,-0.007431172832065528,-0.010189830558986604,-0.013415374253351623,-0.007638456754530257,-0.005759499798023921,-0.008364979336408946
2021-11-11,0.003951962587989911,0.001492402781428978,0.0030098060655360387,-0.0069905934826268975,0.013566391511211237,0.017295987089455206
2021-11-12,0.0013744489827250059,-0.005557295668227491,0.000734395195861821,0.005133634351220638,0.002110248325381021,0.0036804582198549504
2021-11-15,-0.00040274665737812676,0.00039240393324668354,0.0016408202320157851,0.00256975409769302,6.930408118623142e-07,-0.005127226824479839
2021-11-16,-0.0025261369114833784,-0.002315196407209586,-0.0058198290370747524,-0.0006404415215223033,0.0005606599090288613,0.001414542920866514
2021-11-17,-0.007799060914295266,-0.007540016592491733,-0.015247738452152954,-0.010363582657361379,-0.003796596588468263,-0.008328949678530068
2021-11-18,-0.006599363774319292,-0.00562430536813375,-0.003684192687003751,-0.00905497774160993,0.0028903608183969472,0.007301050558389014
2021-11-19,-0.013122048998554101,-0.006637304093677359,-0.015872630917174228,0.0030122697353521465,-0.013895589546433915,0.0004564670281089736
2021-11-22,0.0005024667500136531,0.003030060930032499,-0.003086148751754199,0.0029140833055406484,0.00016468948496600977,0.002612079484881421
2021-11-23,-0.002262808317553125,0.011531026011211816,0.008538863210089094,-0.010210285120792252,0.007103722008070769,-0.002397257972358994
2021-11-24,-0.0033070849805269336,-0.002348992056379579,0.0021590073240855853,0.004243840800133013,-0.004561339020026212,-0.0029548830185022914
2021-11-26,-0.03987385178635132,-0.03316874089161127,-0.03882715242147051,-0.023840016013747245,-0.04666097061060988,-0.02177347260722292
2021-11-29,0.009220226829500895,0.011958171646977458,0.007849002704335665,0.014951342297857112,0.01108781984607066,0.014146936899287412
2021-11-30,-0.02104935365982142,-0.019395144642215003,-0.02389460956771975,-0.021481965622068416,-0.024651736586678772,-0.026158475973698164
2021-12-01,-0.010205056881918426,-0.014468051854452336,-0.02423064618626817,-0.05233956839946027,-0.015440238634235236,-0.007318491336223556
2021-12-02,0.02060354988470633,0.025318687954268032,0.028127135309343753,0.04372994175128022,0.02984099380820283,0.01612950828863025
2021-12-03,-0.005655884935319816,-0.005569442118479686,-0.013556308094379944,-0.023770224945131903,-0.0034148239597014893,-0.0028475185933611283
2021-12-06,0.02326956542160094,0.025214805791705514,0.017553843249761777,0.03765682776625374,0.02359609130783086,0.011932055077410028
2021-12-07,0.012910831290812374,0.014497038669582544,0.016738087638836285,0.009622639978126898,0.016499590747177776,0.018493560160751474
2021-12-08,0.008764225668507469,0.008580131168508101,0.010131386347827516,0.02859646994426622,0.004865452088933762,0.0016792341282643557
2021-12-09,-0.014675268026558686,-0.014435669927999144,-0.01820145929759053,-0.02177157969040542,-0.013661239380900409,-0.01261437672266223
2021-12-10,0.007052892898865195,0.00045176702828416413,0.0022301334586548854,-0.010302464506880629,0.014314716338109249,0.005553516488009213
2021-12-13,-0.014126378291976731,-0.013486371009438922,-0.02065415186700962,-0.02362581708394157,-0.018016341429688772,-0.016103607074025344
2021-12-14,-0.00635853225831356,-0.0062869398136836795,-0.004288583155137426,-0.009401732022266249,-0.0017963343857188062,-0.00470186617793116
2021-12-15,0.003648308306963722,0.008547332232722889,0.02467816243320889,0.011045804128003066,0.006896050289577963,0.017336590098496096
2021-12-16,-0.0084187270307209,-0.01844679958036493,-0.025108520442392337,-0.026544936639318933,-0.01382798591514398,-0.01293515745424888
2021-12-17,0.009122995857446891,0.004218711128501391,0.009671299498567579,0.027171358383306976,-0.0015810608360344502,-0.001451428782798131
2021-12-20,-0.014866815926372972,-0.018057778350529193,-0.021570906943900466,-0.013925750477648213,-0.016092049433645252,-0.014243390508186177
2021-12-21,0.028536061741211333,0.023543237743961498,0.03395614697820242,0.03697036090321731,0.03109329617083989,0.022438279558113935
2021-12-22,0.009893182677043567,0.011064739041160713,0.005457731915067948,0.009068096489146674,0.008959811180492482,0.008486124985565596
2021-12-23,0.007678628264041079,0.006316877709254532,0.0035343323880682514,0.009153753530439316,0.008044814871511763,0.00949972477689067
2021-12-27,0.014285523390199608,0.021025955472163006,0.012556891371884064,0.014793938129564284,0.011371940668909567,0.020380914549421824
2021-12-28,-0.00019048772280665178,-0.0011846988543095427,-0.006823405878641383,-0.00887805745995162,-0.00438419986623918,0.00018298259768386937
2021-12-29,0.0032556212404769806,0.008227991540726209,-0.0010348243075717696,0.0020742096204758287,0.005443859751278613,0.004938265330222876
2021-12-30,-0.0021287018012834747,-0.005048394653742178,-0.0021244736679168204,0.0013531357621104489,-0.005045097321976303,-0.006031758066856458
2021-12-31,-0.0018085058167788292,0.0006617707535940486,-0.002190061516832206,-0.0029413385236437923,0.0008903342957142106,-0.0005889444981948381
2022-01-03,0.0,0.0,0.0,0.0,0.0,0.0
2022-01-04,0.0,0.0,0.0,0.0,0.0,0.0
2022-01-05,-0.019747256185135686,-0.043586959237696454,-0.04774027491183326,-0.03130173678411832,-0.02665402414592912,-0.02275967666862391
2022-01-06,-0.00024640535468562245,0.0021606096054104665,0.0023693106336536793,-0.016300385909105593,0.007299243438659088,-0.00019844344243805556
2022-01-07,-0.0006016198918878704,-0.011333988123567569,-0.020013577746259042,-0.007296161177070818,-0.020855461988842715,-0.023672244524350246
2022-01-10,-0.0036913819587596486,-0.0009782269519227685,0.007014946169542306,0.001500891403579042,0.0065256274797068255,0.00462805314448556
2022-01-11,0.00958588134698697,0.013376729271267892,0.010061270617676445,0.000607702702768511,0.012003068361322887,0.010873783199013097
2022-01-12,0.0011734232628759131,0.00485201109395975,-0.0024442739604776218,0.006190809465583424,0.00036122608231388745,0.006314481832398681
2022-01-13,-0.015647905687091013,-0.015389499672793506,-0.03793026216377852,-0.012441547641968044,-0.021974519005016697,-0.021840043131328035
2022-01-14,-0.007167631913384407,0.003884454733621966,-0.007023605405226477,-0.011247870823510298,0.004150530199274944,0.0007339139593987354
2022-01-18,-0.0172826220663158,-0.025099128282709916,-0.028981082777078074,-0.006607962279952778,-0.028093579770091824,-0.02279878298186899
2022-01-19,-0.015550766685094792,-0.004088658567124723,-0.0001742218541874323,-0.008363235512203302,-0.015388038957973004,-0.015601870761487656
2022-01-20,-0.01910248659614639,-0.0076986872964405016,-0.016078124876584037,-0.00788942225700877,-0.017863152734739207,-0.021328445678177047
2022-01-21,-0.02203682360551763,-0.026750207379577392,-0.02834904058541455,-0.0062766919992591885,-0.037874201097138606,-0.01673521726109511
2022-01-24,0.004235274525551628,0.018120700914910175,0.018772601286482553,0.006841388684786733,0.014674840787892728,0.019007020745898433
2022-01-25,-0.0028225603344584254,-0.018772622117094583,-0.03339118917814732,-0.0063676745301468295,-0.009139484760323039,-0.02785379007750574
2022-01-26,0.003013842434266398,-0.0026634109723714097,-0.01488067265602656,-0.00912948949370158,-0.012942178297049783,-0.0037033878329847682
2022-01-27,-0.021878518261630772,-0.029889063195979674,-0.011978997650437641,-0.011489057221350794,-0.012334335163530706,-0.009788235565444005
2022-01-28,0.026163488015903485,0.014990110337941029,0.028656657852565704,0.03496843899469188,0.011690760160967185,0.009927205549489691
2022-01-31,0.033458288707132446,0.045639176057308314,0.04815644718837153,0.008277147798437712,0.028761732504126426,0.027182504891242697
2022-02-01,0.013979318481444238,0.014929517150612736,0.007601981529355903,0.0015213573715082017,0.023111416386281544,0.001842555502639849
2022-02-02,0.006239204810056178,0.003994870445468902,-0.00198105593306301,0.017594644798282356,0.0058072229129763715,0.011991772710123368
2022-02-03,-0.013773004562368244,-0.021342465370850827,-0.02802448885965899,-0.006923866308312019,-0.021995341248826274,-0.010057482474867084
2022-02-04,0.012908146550319478,0.014165898052914887,0.001986925668935966,-0.008582090154202965,0.008884020944668733,-0.015941170394449516
2022-02-07,0.010821871500708753,0.0049048328614587165,-0.0008797783075390747,-0.003945363782355384,-0.0012797643088687126,-0.0022500990179046237
2022-02-08,0.018763888534828237,0.013199037989652612,0.011393458692871476,-0.002263261558487936,0.008816105940295402,0.008687613590230002
2022-02-09,0.022052062173289293,0.02741658391152084,0.021941694789349566,0.021054297453866663,0.021436779097851494,0.015053565009296655
2022-02-10,-0.021123742641104462,-0.019806409029812354,-0.024292219889110244,-0.024993228767372755,-0.014644764536915973,-0.023482831972497276
2022-02-11,-0.0333281800411708,-0.023648549854364535,-0.019218439888081213,-0.012544667952759414,-0.02817344144204911,-0.00865523122115591
2022-02-14,-0.0028595189342801625,-0.006924372006439793,-0.008641850749327596,-0.009301912203495933,-0.008536349761421367,-0.008441610807728097
2022-02-15,0.027016932686739967,0.010950370775274325,0.025180359323162784,0.004963477979933557,0.026744908155338393,0.015715829795912076
2022-02-16,-0.005918979539023874,0.002286208400073241,-0.008410055356676563,0.00021638941083579956,-0.0046605229245239395,0.004101737973743606
2022-02-17,-0.015042666544347851,-0.02680774825325675,-0.027087522000376046,-0.015634270491746774,-0.028559796030553,-0.00876138080247294
2022-02-18,-0.006374727540761408,-0.011474763686900664,-0.006243330117091725,-0.005673510645344206,-0.01352417850444066,0.0015986363254150288
2022-02-22,-0.01737476224765412,-0.019016224972239464,-0.019297202123178845,-0.00039775113344958695,-0.00996339797138185,-0.011254289368075834
2022-02-23,-0.02658105990740453,-0.021977998156675078,-0.022939796192152802,-0.015435372101061969,-0.021030115371122027,-0.02026455617960951
2022-02-24,0.018999191453235535,0.026861474532657716,0.026138575699952926,0.025576959476663965,0.029447946224473987,0.02263913519522731
2022-02-25,0.02036902647880371,0.016399644119770195,0.019656566640811373,0.025732431834282005,0.019223450790737274,0.026769746928102713
2022-02-28,-0.00741847158524527,-0.0005319275955488995,-0.035972268024585065,-0.01053583009729058,-0.014418646604323746,-0.010037012715554074
2022-03-01,-0.030717648041174113,-0.02680834827183417,-0.005157855368546715,-0.0023090819406379713,-0.03459368625028471,-0.017636486515290848
2022-03-02,0.014261753483793816,0.03492938686303946,0.02898225915410131,0.018441982258103173,0.02489208796693817,0.02583473061556022
2022-03-03,-0.023706530198389725,-0.02287357687603054,-0.0193919784572661,0.006394487309611481,-0.014712464871605777,0.006276710075935355
2022-03-04,-0.03978231657294512,-0.02879774337203089,-0.014054584997862342,0.008034825401493409,-0.02297220408849278,-0.016354036078220734
2022-03-07,-0.08141884859611966,-0.03534520262348586,-0.04077671864499166,-0.01936730387846465,-0.05715281438678748,-0.03491991062035197
2022-03-08,0.011138903114120363,0.01887276659053417,0.0008273880382166574,-0.0073829132503716605,-0.00266196952539055,-0.005385114349682935
2022-03-09,0.056741863446372894,0.0552597127076146,0.03614200135271819,0.012076977522488775,0.04503303010385918,0.03691998550917349
2022-03-10,-0.0014965350233273936,-0.008778733097261442,-0.016959735918042344,0.003908829751820423,-0.005981035579766878,-0.019054381773753168
2022-03-11,-0.018259624624496627,-0.01381898102601087,-0.015998197230493432,-0.011800269181945391,-0.009295941406481994,-0.013719790498141772
2022-03-14,-0.011438270956370433,-0.011824297895307711,0.002953636519178469,-0.0052677996321608385,-0.007658594791055722,6.0095390774450586e-05
2022-03-15,0.04670520198282637,0.029491027279293328,0.024622365493924214,0.010811882987522859,0.03361248755203487,0.02448563621587026
2022-03-16,0.044832355626710126,0.04057586527209483,0.05694969357701307,0.013842533361460276,0.03843905829434246,0.01456826534877739
2022-03-17,0.005631276551034939,0.012331449103452439,0.013807749467614606,0.01731597249917961,0.005014885981700174,0.010339512459580794
2022-03-18,0.017302399979039512,0.011252849203752947,0.026388332210245315,0.002728087914312429,0.006876051305130505,0.0007726537692325911
2022-03-21,-0.01294325279248801,-0.006994476597891658,-0.015026183038873351,-0.0006335885579120812,-0.00761080865112121,-0.004291658022433263
2022-03-22,0.015530303322948951,0.007456003903672315,0.019831793958728347,0.00016038165913052,0.008488600119985769,0.0032772011273793805
2022-03-23,-0.01731996469630614,-0.01937858498438231,-0.025157612005523005,-0.008546865146898256,-0.024032751446551585,-0.011475383129716967
2022-03-24,0.010700690609307438,0.006925625759746761,0.01273865493390571,0.00851950993191254,0.01828671364902101,0.00869318258622666
2022-03-25,-0.011115079871936025,-0.0018349853356299326,-0.00636116538128639,0.011703870724272274,0.003386019142189546,0.008381078739641732
2022-03-28,0.008963579742661721,0.00641285840723352,0.01515114457637554,0.006811978459425192,0.012976587982993882,0.007321710528913591
2022-03-29,0.03349786742248607,0.027636196728210664,0.029722566568819626,0.021284726293980562,0.02665898229798966,0.01475921006088824
2022-03-30,-0.019532896727486673,-0.013598839293003021,-0.02286348427474009,-0.005746519963250467,-0.01149835129120765,-0.006375398032167725
2022-03-31,-0.018094927117475585,-0.02503488433719723,-0.015566816393379033,-0.007980292023235224,-0.015119816173617795,-0.014406118142276724
2022-04-01,-0.0065611283776811895,-0.00036076650981199557,-0.008299080331369174,0.016985401193733117,-0.004561918913284892,-0.0013497434489582996
2022-04-04,0.008758536256654468,0.0012201298061563083,0.008356422395291342,-0.003454304508719142,0.006973550446981837,0.006775215384824293
2022-04-05,-0.022539965583960667,-0.021684153050379268,-0.02441903810719451,-0.0008780719845939213,-0.021709524828021794,-0.016390097816708565
2022-04-06,-0.018634323693021832,-0.002790377600948383,-0.019654175108894573,0.006573351039672648,-0.006198451642127265,-0.008747467456696219
2022-04-07,0.003691906826427675,-0.0019217892553463215,0.009455060623904369,-0.0027451140044978534,0.0021596847066295533,0.004996886977218797
2022-04-08,0.005080668948185007,-0.0011749442043733427,-0.0064211593822718445,0.004066771701406864,0.0006620233796522146,-0.0012321667194660703
2022-04-11,-0.01404333169920767,-0.016641986588476623,-0.015884388126195075,-0.01681270267770747,-0.0016814000978610253,-0.004922070497727288
2022-04-12,-0.003833260434029153,-0.01042612529631872,-0.007688311217966854,-0.0012439365428528828,-0.003159844386928094,-0.004266503523658795
2022-04-13,0.032542622173936366,0.014019784467974779,0.015492849250794928,0.006851040770278622,0.020268560591330836,0.012435398222181168
2022-04-14,-0.024073757872042956,-0.016455517664786007,-0.0191534264721104,-0.0014366362737719001,-0.015049998960045557,-0.02012296815876173
2022-04-18,0.0029335869713999416,-0.00031862327240983555,0.0006174685577200177,-0.0009361971853978117,0.00400699935409079,-0.004142571180837485
2022-04-19,0.02158311839807905,0.022735420210245064,0.02597307743962176,0.01821607316795031,0.02433940801717348,0.01707192953645118
2022-04-20,-0.009278337302839581,-0.020642198273045025,0.0016442031332652225,0.017944555026344296,-0.022202716333137133,0.014965229935657243
2022-04-21,-0.023052770171982227,-0.013866278059577008,-0.022518478271623996,-0.012925466268854569,-0.01126908045188512,-0.009647775762905859
2022-04-22,-0.027404445232333673,-0.02505701231118571,-0.022153878125364082,-0.026953211519540644,-0.026756810955947802,-0.029153467702064687
2022-04-25,0.003561990240183296,0.0031093319922208384,0.01249174192973788,-0.006011973294169546,0.002055746450646561,0.01015949137879923
2022-04-26,-0.033420216610419634,-0.038244984937122306,-0.03877669554629951,-0.02096459509569306,-0.03801649435254774,-0.026448722383101822
2022-04-27,-0.0061353530438816375,0.0009166915093392822,-0.0016225813188279368,0.007276858422450762,-0.01569361874385987,0.003033752646394252
2022-04-28,0.036327304979624435,0.021139707611177092,0.0010520770355202267,0.0226042761674118,0.02456232162663924,0.006002693657096392
2022-04-29,-0.04501881874884772,-0.03931076301991601,-0.03563010228694025,-0.05007871560407893,-0.039849146484139085,-0.02594709143295012
2022-05-02,0.026125498683725646,0.015906553094464822,0.013507130659835767,-0.02366111934253774,0.01681755145192531,0.002564262231153757
2022-05-03,0.020566203810914382,0.007874185751643187,0.004853011894509595,0.015924870873280053,0.007685672017699804,0.004861128531481591
2022-05-04,0.03999182416637808,0.029001564402676438,0.030286138086300072,0.01974900139757991,0.031111781378654817,0.027684503273693716
2022-05-05,-0.04966425366167355,-0.03828419403366653,-0.0371836548063011,-0.03315286809119485,-0.029447996759038277,-0.02177845804798428
2022-05-06,-0.011981813338968162,-0.02242995966262295,-0.025152848909626806,-0.009208496817898497,-0.005858407944457827,-0.009722803053003694
2022-05-09,-0.05078326524623031,-0.024349265692616077,-0.03664836572655489,-0.04872572375590465,-0.04439688836110428,-0.02635621209893348
2022-05-10,0.006770533630184141,0.002705776587223851,0.0041813224306845075,-0.008853966227468911,0.00012126441647122458,0.004688913987317064
2022-05-11,-0.02572329362620582,-0.03173455174439318,-0.016615682675251108,-0.004399794244880164,-0.02318346808420719,-0.02747371873927246
2022-05-12,-0.014506803899994362,0.014161723820140266,0.010536110028405973,0.004826384368935926,-0.005790554289456132,0.022444199688290412
2022-05-13,0.04645608697733482,0.048794297008750855,0.03853101028023264,0.026111247543973756,0.03478038220371309,0.03438739643184926
2022-05-16,-0.00796264961303931,-0.016400854316429726,-0.013520731544876267,-0.009659372569226712,-0.011239654917528638,-0.0071804637063063136
2022-05-17,0.055003946804019974,0.032796075615644835,0.02272840623576924,0.011928221350601273,0.03793275388952443,0.012507786818335953
2022-05-18,-0.054511044434366225,-0.04258093693070486,-0.04103991277905168,-0.033744113673232795,-0.050681190205064626,-0.055950317310559626
2022-05-19,-0.00034704947572608807,0.011828214668751169,0.007584096940770087,0.0012470543758096064,0.0009931415341500344,-0.0123791620768721
2022-05-20,-0.011160704391541168,-0.0015904139399725776,0.0016805951046589785,0.009095811665977534,-0.0026201613142222712,-0.0024395289662025718
2022-05-23,0.016833171732930658,0.006027728457011671,0.014631310673472774,0.018926813889388428,0.020138579636812745,0.01468860367771057
2022-05-24,-0.01430621898216233,-0.020938004847912344,-0.007932230138103444,0.004727824412007003,-0.026069220625996776,-0.004530611004752851
2022-05-25,0.02411523068450657,0.02210924009851813,0.026048277732485574,0.008167319218188517,0.029520677310151778,0.02759389465008128
2022-05-26,0.06706303609990016,0.03311181365581394,0.03554057149596204,0.00815935265684246,0.05211704593942156,0.03432657276049062
2022-05-27,0.037543359322364654,0.036781340786447944,0.03806975589623514,0.02836450613361451,0.03261908754117188,0.02770955276918295
2022-05-31,-0.00022481505382144422,-0.00840479272563691,-0.018346791166383398,-0.011151933985908632,-0.00943960425678683,-0.014397027310415608
2022-06-01,-0.019741690158287868,-0.011968519203073959,-0.022423021247516866,-0.00899783757294231,-0.022822561987641855,-0.016008829696360295
2022-06-02,0.02166586121679854,0.03712801148117866,0.02912965001873276,0.016311937409694402,0.016432227980867433,0.008666080186114231
2022-06-03,-0.016908216387817,-0.021312366950257497,-0.021941717603367755,-0.008733516549460208,-0.02490374968241309,-0.016690389536544097
2022-06-06,0.0020435865320381275,0.000853360126739559,-0.0033821341801630327,-0.0020908389854896975,0.0015969997932916218,0.002260680689725074
2022-06-07,0.0072370215560169605,0.011797041690497563,0.005873485978006254,0.014735322957751778,0.011375197268468067,0.008811786261787451
2022-06-08,-0.013898643154744717,-0.016743173624839732,-0.009878292635902026,-0.015586619274141577,-0.018940078021339887,-0.007440830385745422
2022-06-09,-0.02501504570577816,-0.026909320773821306,-0.03044751716781994,-0.021039790201463064,-0.03356635296980423,-0.01674394551284185
2022-06-10,-0.028795638125901694,-0.018880449902676004,-0.034358418228768006,-0.026216454872277264,-0.037336012076380966,-0.027789070436850354
2022-06-13,-0.060191325522828534,-0.04398385653464832,-0.04078037072392761,-0.048344051676470594,-0.0669083797031937,-0.032512103737724056
2022-06-14,-0.010999928682059009,-0.00313994521789751,-0.002037314325513815,-0.00876433611641747,-0.017884448624130814,-0.004361062146637661
2022-06-15,0.023320044731419756,0.021201692436141773,0.020891683646406693,0.0156500787628362,0.020771410449711165,0.013716648092401309
2022-06-16,-0.046997542265735465,-0.04006016130585685,-0.041776320460233315,-0.03432978297231178,-0.04918155875146102,-0.03787669695611992
2022-06-17,0.014102880366947165,0.006239102221726983,0.005582985825975267,-0.003433515724512918,0.011872611421924266,0.000308705101616117
2022-06-21,0.018825030958282227,0.020167457056095253,0.014874952787452482,0.026995146423275364,0.001877173725060286,0.017854585897850824
2022-06-22,-0.0023120513183998905,-0.004779305392651643,-0.005337920006987444,0.005318797767218408,-0.002046740919219732,-0.0024845894007918027
2022-06-23,0.011330056196184273,0.008254839233934198,0.025394751301505567,0.014990899667354472,-0.008209767289002301,0.011546642332218292
2022-06-24,0.03798847957752096,0.025924276725769437,0.030796392994056253,0.02227138339021739,0.036884029700096466,0.03350968622395985
2022-06-27,-0.010430084065836674,0.014502240274328455,-0.00734100861867016,0.0035278455815732565,-0.006199790205965587,-0.006194870749062222
2022-06-28,-0.018372977119983928,0.005032100277240226,-0.0177564692278498,-0.011001604784100599,-0.018980025004358105,-0.02040053654641151
2022-06-29,-0.02213893483650561,-0.03527069737904598,-0.009514836021202778,-0.004890184477706526,-0.031177507223731363,-0.007684064063515805
2022-06-30,-0.016329681211799677,-0.01505133869165569,-0.0072029732171195945,-0.001822406309853238,-0.011610550627596432,-0.011260192653561443
2022-07-01,0.0,0.0,0.0,0.0,0.0,0.0
2022-07-05,0.0,0.0,0.0,0.0,0.0,0.0
2022-07-06,0.00021959644544651612,-0.007962645586972041,-0.015878381508601002,0.003920644975134841,-0.0011712389662146688,0.0023542210281920087
2022-07-07,0.03138142353791838,0.02368402480554903,0.03681719894002069,0.003560049032910061,0.019204446272637288,0.02209662575810618
2022-07-08,-0.0047090607125556665,-0.003555161387051782,-0.005739939529332612,0.0033163221206668546,-0.0017889947729176933,0.0006231245190279984
2022-07-11,-0.013850469768230653,-0.009844821412576971,-0.023745845633216786,-0.0028876675774687625,-0.010346711213691278,-0.008225038679101999
2022-07-12,0.006167807955863248,-0.0006116058035681078,0.007383247863918605,-0.0009197381418134904,-0.0007565851574715596,-0.008624783880478293
2022-07-13,-0.0009229455220207778,-0.002211970389938601,0.0008634825237746522,-0.0010734669246162299,-0.006687184857987279,0.0029351228425877635
2022-07-14,-0.0034998202443927645,-0.01752767554808314,-0.01484898105813598,-0.007098108757508112,-0.004730269202586311,0.0014124103675857967
2022-07-15,0.017205640194222094,0.013377751290334004,0.027949467282007867,0.012774867006784384,0.018278509209653137,0.01438224941703254
2022-07-18,-0.007105280452250335,-0.010374682872412314,0.0015059821074165937,-0.012460544193357691,-0.0058996525511127735,-0.007998620248989488
2022-07-19,0.04545991091889232,0.03339146300110856,0.04203065615509289,0.013855793710319642,0.03359118054331013,0.0266246523705688
2022-07-20,0.022345696584746468,0.004041591885849228,0.022663772948307105,-0.007305740737412099,0.011808969517617564,0.009037311229583154
2022-07-21,0.016676065891167244,0.006998718756461509,0.0027848767532767916,-0.00044500977199388885,0.008947328622816919,0.009039634751697214
2022-07-22,-0.02405466015564945,-0.013318031067376232,-0.02209374060289983,0.0036496295883084767,-0.004729874083836132,-0.014212893472694464
2022-07-25,-0.0019570501119898654,-0.007814426974170738,-0.0008362809918010795,0.0036600609852916674,0.0006283417124759333,0.0017182910818196204
2022-07-26,-0.013445842887370626,-0.009818115704859874,-0.024537444961039035,0.004214332158795891,-0.009078882438104011,-0.012713852785897097
2022-07-27,0.02062378453068416,0.017162365702252887,0.03765135150718938,0.0020828196832667757,0.007469035389957858,0.026590698892968345
2022-07-28,0.017561291474962656,0.009707342661264487,0.02855578101984719,0.020646471971649698,0.006700416907490728,0.017331905286512315
2022-07-29,0.012187183743834344,0.005322275482167626,0.0165995927829068,-0.006845833599487454,0.004626770177272798,0.009566008243118424
2022-08-01,0.0017461197566910071,0.001789882013030306,-0.003299743131311594,-0.0020225310509679605,0.002854202256511594,3.0680791425891725e-05
2022-08-02,-0.006169726984991956,-0.011169488637518276,-0.005834814020014394,-0.006700727207279611,-0.0028767410641798367,-0.011471689241548845
2022-08-03,0.011723618319311244,0.01362073298809793,0.03201381545669916,0.003516521806657964,0.011725264790307372,6.665835125870261e-05
2022-08-04,-0.005908995738072571,-0.0029437681638045127,-0.015757658411912744,-0.0022192438652767687,-0.00426621231059165,0.0018760929120669693
2022-08-05,0.0028860845347888626,0.008026675893252998,0.00023618827202462496,-0.001131932248662542,0.0026970301932128732,0.005381466065664374
2022-08-08,0.0025359242652360494,0.004533887673466754,0.007648278832878075,0.001000952139840096,0.0019287805075773336,0.0009158662191870257
2022-08-09,-0.021356022784910084,-0.00881315960563367,-0.029514347666112595,0.007129573323754754,-0.011674052316839297,-0.006557777808482171
2022-08-10,0.027295167461727804,0.012026848510531223,0.03802534172131733,0.007793757680889584,0.0202004173981198,0.021352940393182963
2022-08-11,0.009919141859987426,0.0026738656732502807,0.011654034348639694,-0.0025829998646438625,0.0018314029346898574,0.0028779374615423656
2022-08-12,0.016577138652785223,0.012387111463846297,0.022040175278587718,0.008040104461823582,0.014748230217687161,0.015364663733794812
2022-08-15,0.0037673517146364927,8.986007348219194e-05,-0.0038336205481003032,0.008122946811175117,0.004756757663991179,0.004998637776556522
2022-08-16,0.003995066750920771,0.0018277028365738198,0.0007283503728887318,0.0013343441852669202,-0.0029724460223706744,0.004987727702136881
2022-08-17,-0.014764219247503886,-0.0048548662718227685,-0.017902136787824992,-0.0030347577383029833,-0.0109665925883875,-0.016078626156114627
2022-08-18,0.0043519423983533765,0.0057908213403150164,0.008411563935718885,0.0017672874864503132,0.0003929723995906453,0.006639990684490287
2022-08-19,-0.022076849627695468,-0.015818672033232065,-0.02097914866225737,-0.002438368945788075,-0.013145657193951091,-0.01736150243811377
2022-08-22,-0.027631321068952212,-0.02817948703130357,-0.03513836836612896,-0.013297568561390836,-0.023392961312929707,-0.029524706799077628
2022-08-23,0.0012914692043049189,-0.004400916183697805,0.012757041833081014,-0.007280545907657109,-0.0032921938206737812,-0.00570737087054629
2022-08-24,0.0005112675767210537,0.0031128893277669557,0.006667181800615652,0.001358312737692737,0.0008518579961849983,-0.0005637463477993908
2022-08-25,0.015981470296849765,0.019970292757698675,0.02835176336995955,0.003787277016655006,0.022803103498631717,0.02261938931400222
2022-08-26,-0.03598460639341034,-0.041590411959554305,-0.04311999911569561,-0.018800200073085922,-0.03666297396176048,-0.042830489637825604
2022-08-29,-0.010418898704904965,-0.010232545156657889,-0.009540429214888374,0.00013657977059297448,-0.011823477808558372,-0.008418956068953267
2022-08-30,-0.014188138665041268,-0.008398914451403443,-0.010598725078132759,-0.013211882242131694,-0.0074551427638934,-0.010010020492946237
2022-08-31,-0.0278291374083602,-0.010629499739231706,-0.028215737664821376,-0.006302363338229944,-0.004872332345178707,-0.007361691746554923
2022-09-01,-0.004883111850633173,0.006682843450582132,-0.004363111756482748,0.0011831654652784882,-0.005367797125994813,-0.001941142036673336
2022-09-02,-0.01023824221021957,-0.012156854956479125,-0.0036251662339157166,-0.010845806301595024,-0.008264737847486638,-0.012695522451302437
2022-09-06,-0.005426109303678262,-0.0025224067806436825,-0.009691332064126326,-0.008880840200912692,-0.004653702992103804,-0.008347856543902507
2022-09-07,0.020089639739751308,0.017357894167859298,0.02054693805706159,0.024061806748139243,0.022973582242993056,0.018493468167601307
2022-09-08,0.015399729545792527,0.00017413505730898938,0.013351163471554758,-0.0073996619788644176,0.015396946599222474,0.004132554688198311
2022-09-09,0.022437199901827996,0.021538011408296604,0.019302916674138394,0.004666500803175413,0.02234755194629047,0.012415949485736565
2022-09-12,0.0035311228276723714,0.0024842752671480027,0.007292240133398704,0.0015841929096016651,0.00392851501159923,0.008339317993339658
2022-09-13,-0.051648040179313556,-0.04245064043154425,-0.04952954495641067,-0.02996602632954632,-0.04532572465695001,-0.04373660064278427
2022-09-14,-0.005475224280644792,-0.002899403466781453,0.0011885451924846895,0.0022731835895218873,-0.009315462573613018,0.001209172617177515
2022-09-15,-0.01685109738127684,-0.003506262089426465,-0.017245836724036026,-0.0032646653196868637,-0.013543655574975213,-0.012380580326225951
2022-09-16,-0.004068622888438967,-0.0010958556460329023,-0.006254348118669341,0.00157498952145843,-0.005270942735604726,-0.0029937389284364316
2022-09-19,0.0012261585550583333,0.00753301793558031,0.008658480537741162,0.0068181676364154195,0.004083103986857955,0.003785171186443534
2022-09-20,-0.02163092279952245,-0.021645099207419038,-0.02222068104841051,-0.008599161918119613,-0.018239520841842806,-0.017643859335433613
2022-09-21,-0.013950347134222215,-0.010006307088282358,-0.017491930006097164,-0.005384578060912502,-0.01746689861231419,-0.018058697294202525
2022-09-22,-0.015357776400799576,-0.01100152049266674,-0.021400372421578665,0.00020274279169595684,-0.017476312818645368,-0.011696196415002602
2022-09-23,-0.02312193386594068,-0.00984402539351507,-0.026742548799866192,-0.010784574936167943,-0.01347271784070435,-0.011125693563043458
2022-09-26,-0.02059957371296102,-0.01815153369911196,-0.02433895240828856,-0.008749521380487405,-0.01106340454249078,-0.012927648125411296
2022-09-27,0.003524122192041144,-0.005626664853016782,0.008856751489051098,-0.01652569252982606,-0.0030863926522411416,-0.0004979497616896685
2022-09-28,0.021471669261156533,0.020460664266925364,0.021604219381760957,0.011066801909879586,0.013865761842627004,0.01795902735615169
2022-09-29,-0.022271858901616,-0.021601283729499186,-0.03134921768809046,-0.015067672587330464,-0.01799344849700639,-0.023106791854322448
2022-09-30,-0.004554978476590021,-0.013617368599062114,-0.030237604506239323,-0.014269380885027274,-0.01432946744726968,-0.02353646479775635
2022-10-03,0.03519248730769411,0.024236320280779364,0.026207326615425592,0.021657480267611613,0.026601790655685607,0.021753028462699983
2022-10-04,0.03849842941436589,0.03609790551793474,0.05802174715916647,0.015685221132877007,0.02470468327167121,0.030339020712935063
2022-10-05,-0.002003880655465029,-0.007245124836041702,4.376291414247654e-05,-0.003855115585659945,-0.0036192986521082554,0.0002189466683916738
2022-10-06,-0.006923246703303031,-0.018348402642875728,-0.0069826323934879305,-0.020388967497030713,-0.009474013675037682,-0.01606946070179885
2022-10-07,-0.027698931636475233,-0.017027542437836607,-0.04313968539424256,-0.013827958312013723,-0.026510855887467013,-0.026628297067831763
2022-10-10,-0.012595521112616713,-0.003488387980499665,-0.020017691176731703,0.007915098167367672,-0.008771977146278104,-0.003132257369737952
2022-10-11,-0.01405263244786045,0.005983430111357275,-0.015836710855139404,0.006517447247604624,-0.00480231031491756,0.00042715872713787993
2022-10-12,-0.007801302455513086,-0.007135460789629969,0.010777232898902605,-0.0031444925525313775,-0.012877378595135781,-0.0025439752696281835
2022-10-13,0.0281143625014797,0.025637131573811128,0.01640834354017967,0.021699132252960905,0.02120010098401585,0.02646790257639107
2022-10-14,-0.033754584243434166,-0.021207005590103505,-0.03323080588516487,-0.014538940556522198,-0.019735406109162152,-0.022635008521678705
2022-10-17,0.01246596352405868,0.015478207123078421,0.01217775065041219,0.015448863430858396,0.017026058588690746,0.017419810272067134
2022-10-18,0.010863735104140305,0.009838816503854118,0.013424946684999352,0.006995388749925106,0.015121035106021218,0.014387522853854778
2022-10-19,-0.009412158223043136,-0.01159508771038783,-0.010188767583576352,-0.009411717605798769,-0.011572106198581303,-0.00652457829676599
2022-10-20,0.006527250160056515,-0.008682616856681754,0.004892156622192131,-0.004337231326892642,-0.0009950726349760384,-0.0026851242867711005
2022-10-21,0.03809893948064269,0.013992378531305829,0.03163837265705431,0.019342635442026013,0.033908414836356725,0.02250326179115757
2022-10-24,0.006183205546576229,0.01123026342589877,0.0038485915577708887,0.014883528292076207,0.01429440242065734,0.007766484467891424
2022-10-25,0.02713631700163109,0.021893533023844503,0.02145149147202463,0.01175761916580115,0.029476408992962295,0.025680157496943586
2022-10-26,-0.0023913516577867837,-0.008235510095117284,-0.004446603310760269,0.005736962071068547,0.0012282715452721427,0.006791745760441666
2022-10-27,-0.0058641017648490106,0.00462453978050772,0.0007524629535279019,0.005492402447417704,-0.01199542712147419,-0.007366061502600306
2022-10-28,0.024204060012181252,0.01962783817833218,0.038717306047665295,0.02433003387409592,0.016253654189844802,0.03198869401385449
2022-10-31,-0.017082274850542985,-0.00921205407333071,-0.020043750650339004,-0.0036001538478267025,-0.015279493866251048,-0.011939175841057983
2022-11-01,0.012692344195839802,0.005368171657558716,0.014155094994254552,-0.00815661840620561,0.012531323516450322,0.0023572952891517417
2022-11-02,-0.03320425612918719,-0.020773922987486593,-0.032401151378627695,-0.0039270579855349924,-0.028350720429041045,-0.031154918465163637
2022-11-03,-0.004362874806767418,-0.0033547852930839155,0.0014353768201681872,-0.007686781322343944,-0.009299459138892793,-0.010520822789835689
2022-11-04,0.03283137467454253,0.0238151975455357,0.042717549281813386,0.0013542769919736137,0.0324954908933863,0.019756278563334936
2022-11-07,0.02238835966713785,0.007889875183317834,0.019461758584960537,0.006715584546491462,0.019472181727917565,0.009467305787766523
2022-11-08,0.01224945256437678,0.010363629024478536,0.007406429344262576,0.00563277219903926,0.00786382060318581,0.0045300202511077475
2022-11-09,-0.034216100089255734,-0.01828408030397426,-0.03407080567962439,-0.007789846751615328,-0.02314259465896177,-0.025192911954892577
2022-11-10,0.07967526846643284,0.05568511451943206,0.09266447802294932,0.006769142216328079,0.0645558921198029,0.06692741855829526
2022-11-11,0.027405203083786096,-0.0006925785206079676,0.034845194491031226,-0.02022152690236777,0.014088549729811026,0.02319113780308745
2022-11-14,-0.02404396402676125,-0.0015630844088452753,-0.02332527852061013,-0.0037985389927150965,-0.01449442457216081,-0.018740967920864684
2022-11-15,0.010999199576595054,0.007331529184996377,0.012525101552278988,0.0038823727037752684,0.010305077889241464,0.005674556647978828
2022-11-16,-0.030987848980344013,-0.005568501327767729,-0.045377242776689815,0.005850765716940388,-0.014164466328318803,-0.02095572709268295
2022-11-17,0.01882994680296594,-0.003902366299512016,0.018677853603152026,-0.0014828131739521807,-0.0029473004439772204,0.006251859690588904
2022-11-18,0.006750866437193262,0.014287626952245643,0.002503107622282311,0.010649348436888592,0.008282701089190925,0.00839389107231532
2022-11-21,-0.006888898617873681,0.002725389910605819,-0.013371491908896565,0.007038865078959445,0.001325701823133638,-0.0003697904808750458
2022-11-22,0.01390226775976271,0.010672115288143538,0.019101107761128135,0.0062240759614328465,0.014613774940187322,0.023606607541602036
2022-11-23,0.005350334782424543,0.006179709232986652,0.008825619098754666,0.0027503962832259882,0.009155607456361172,0.006585988054778277
2022-11-25,-0.005021623696634597,0.001475387123984879,-0.0018126482210749928,0.0022877453768116026,-0.0035556562129128244,0.0023280942134250608
2022-11-28,-0.017157569334835844,-0.013133771192282439,-0.019675238731588243,-0.010435209890156968,-0.01915402418848107,-0.013195679763474369
2022-11-29,-0.0005109552281573708,-7.202908614754085e-05,0.0024877133474232355,-0.0003418542065510132,-0.0039043200451561837,0.0010182110089900266
2022-11-30,0.035485129422862166,0.02620088367394874,0.030026257760459606,0.01452899522620297,0.04126999278539954,0.03272807808024211
2022-12-01,-0.004841660243389676,-0.0026097282013576454,0.007834170044174886,0.002185722522334458,-0.0037378179992029557,0.013774485388935484
2022-12-02,-0.003559851101526759,-0.002844751663140634,-0.008229672583939912,0.0014541996648088828,-0.0024184867256802816,0.001380703170810633
2022-12-05,-0.012865050197157977,-0.018591388336860727,-0.02485396824779794,-0.00933693083710864,-0.023040514014782406,-0.024146732020853143
2022-12-06,-0.015009285400850468,-0.009307503067081797,-0.012400798661859475,-0.0031140772307774647,-0.015849278319817715,-0.010039139314332476
2022-12-07,0.003012467486351164,-0.00044597022818721203,-0.003111227061180601,-0.0010569560548785693,0.002889057522128072,0.0040039635164047125
2022-12-08,0.011432473701735515,0.0026785755687208706,0.012782803514346072,0.002688807917513375,0.017890609004554255,0.01468695674410963
2022-12-09,-0.009799516569986797,-0.008637203570208052,-0.0018784324354536302,-0.008278072606916247,-0.009208871331118376,-0.009119262783753359
2022-12-12,0.01426481746235695,0.009372871408418946,0.01631773874669558,0.0090922897740527,0.014543384438179196,0.015862090025506505
2022-12-13,0.01077181502702843,0.0036414176158007325,0.009171070841737326,0.0037514076064380938,0.011004980170821702,0.004564000247624114
2022-12-14,-0.012358624947927999,-0.012613735193281994,-0.01511299103044399,-0.0005244713429474329,-0.012146291867768855,-0.008688025843017404
2022-12-15,-0.034425574531701274,-0.035040164424402484,-0.031393223536926494,-0.01706364017325007,-0.02062927317338659,-0.023530990955055626
2022-12-16,-0.009885445150256095,-0.017164129929690363,-0.012388116737701543,-0.01239145926694332,-0.011147101396609875,-0.011056629222585252
2022-12-19,-0.01085564282608022,-0.008471080651433092,-0.011531229793606794,-0.003931630700856291,-0.009200607422578938,-0.009294316349370587
2022-12-20,5.69439735972568e-05,0.0010978255402351433,-0.0066015439817010205,0.0024484385927170216,-0.0011083768958816645,-0.001788957275009861
2022-12-21,0.01602032267871684,0.006419118330817502,0.00999879744277679,0.013306660382041329,0.015128282700860415,0.01761641169009246
2022-12-22,-0.02122341656031251,-0.007478426654029619,-0.02252711257432098,-0.0035618294464368487,-0.014092193958718744,-0.013258467739293359
2022-12-23,0.007340214166556415,0.006392675308944458,0.005438320753048338,0.004244305151443922,0.005897804198504922,0.007050062502270747
2022-12-27,-0.001034510990212737,-0.004889524790217622,-0.0014160630052515615,0.0037774504198105716,-0.001364573898133992,0.0011181869835831827
2022-12-28,-0.015492629374509176,-0.011561131679866884,-0.018966625512100276,-0.009818422278951947,-0.011560125538513388,-0.017334945650704228
2022-12-29,0.017521698104692784,0.01735648999798534,0.03050739439907729,0.0035401549039860863,0.018827952735261683,0.022289846053012628
2022-12-30,-0.00446119313738292,-0.004036889530974726,-0.0018955444968812467,-0.004902619004444238,-0.00313568538037926,-0.0026387753897035775
2023-01-03,0.0,0.0,0.0,0.0,0.0,0.0
2023-01-04,0.0,0.0,0.0,0.0,0.0,0.0
2023-01-05,-0.00406200714984353,0.00539283638923046,-0.00522465006879808,0.0035254487461405647,0.005869520478233996,-0.0058631120870589115
2023-01-06,0.019634873271908743,0.017314830864661568,0.0268963714539486,0.0213190355611486,0.021372409953714182,0.011551531825896808
2023-01-09,-0.0008786622030526566,0.0035281336588018626,-0.0010737931214508604,0.008919437601792285,0.005141911006700081,-0.0062631712476688625
2023-01-10,0.010590683327722658,0.01547115496056537,0.011201817925585514,0.014138456511981654,0.003289393491122606,0.0047237740462364435
2023-01-11,0.012836135929618088,0.006536311803192268,0.007198959214861471,0.010510050606125323,0.011967823786044092,0.007547697375023859
2023-01-12,0.014115750465005452,0.015316428347837757,-0.000946061164041732,0.018573756399957717,0.017814726369978457,-0.0013760283546302094
2023-01-13,-0.004215543585530567,-0.00395193937417826,0.0011676927014283693,0.010715656143926174,-0.009525892436957045,0.0021086125332150907
2023-01-17,-0.00296178118108694,0.00035124837251012043,-0.004731747584204448,0.00016256750890216945,0.0007887950359343266,2.9522372354659617e-05
2023-01-18,-0.013544236645349527,-0.022599868626675946,-0.012694263512451344,-0.023025327405054002,-0.014585995601894126,-0.0224428413866873
2023-01-19,-0.015749342334159106,-0.015304842265434764,-0.01222712169933791,-0.021430090368924543,-0.0071591449768718795,-0.009093427278846081
2023-01-20,0.014244370571058495,0.0184238303613655,0.021074893110743478,0.026718695458537636,0.02066460132366963,0.01739110713626988
2023-01-23,0.004896247109865088,0.013123192025457022,0.014559499159314059,0.014181639864320432,0.021704517334882947,0.01089339657877539
2023-01-24,0.0018869414347381635,-0.003412586200260096,-0.0016637291609646967,0.0012667221471983742,0.003430815309974941,-0.00010365538476256141
2023-01-25,0.005406925510620917,0.004275703332488055,0.005344293334198936,0.002165934625207438,0.0040880892432680034,0.0049875078390982566
2023-01-26,0.006592303676813319,0.010594941830317561,0.013397952763474032,0.0018314199905983507,0.008796857002175463,0.007496168652498303
2023-01-27,0.002641529410830625,0.006038699705811059,-0.0024433146261163196,0.007780490765980497,-0.0026344693172717258,-0.0025671406282231726
2023-01-30,-0.01087802689827986,-0.010043308248884456,-0.009346726620746185,-0.010802211025165011,-0.01655909497386865,-0.004951721972781644
2023-01-31,0.015864489122728146,0.015347320436472975,0.02033826292320885,0.0190685353395894,0.019120058005187866,0.014595124193007377
2023-02-01,0.009767890097590597,0.01766705612673132,0.016961510172309725,0.027313715738662054,0.0077278081078740665,0.0038514297074922466
2023-02-02,0.012899602962781231,0.0068444531098361275,0.009045247637336763,0.023281922502567373,0.003982504698452773,0.0005712450052104707
2023-02-03,-0.015252182259670663,-0.01108473099321986,-0.012580036577739236,-0.0144605904373632,-0.007204422494096339,-0.006530006143508857
2023-02-06,-0.008494401231166735,-0.004656282168962511,-0.009797051152136468,-0.0015488875984785264,-0.00444129775875317,-0.004982245948041545
2023-02-07,0.006087919491224255,0.0021015907583795002,0.008726133358347163,0.012848897146146452,0.014130198332766276,0.004240013342178041
2023-02-08,-0.003530926820433468,-0.009574608190836307,-0.03131985840118726,-0.026367449340304487,-0.00512146949319028,-0.009288374594512528
2023-02-09,-0.011939827890474911,-0.0034047291346697463,0.002389926733368956,-0.00385824913142111,-0.007468054898358475,-0.011296090817581613
2023-02-10,0.00017445477072573583,-0.0007248332276374814,-0.003120822717271021,-0.011383905446459404,0.0025176394741745073,0.01455947511573307
2023-02-13,0.011529056333737145,0.016321844463848552,0.014418216967395179,0.02423439941126863,0.013595958753330604,0.004502140544419547
2023-02-14,-0.0054030650983412625,0.0066978750965589065,0.002368985212811811,0.006389309333697296,-0.002597320066202532,-0.009346070015173475
2023-02-15,0.006262282112279375,0.009971436032902526,0.004851766001394902,0.008088128147874329,-0.0009721565890996068,0.008012377874932463
2023-02-16,-0.014139506932703398,-0.013908608858974896,-0.012745052910715067,-0.015055727050741624,-0.002847445431929758,0.002279430696128796
2023-02-17,-0.0032639213682066387,-0.0033838579263580277,-0.00200520942298023,-0.006405304840789127,-0.015167180896703193,0.0005038904264774023
2023-02-21,-0.01768681746994624,-0.020365459404032008,-0.022734889264049107,-0.034674007909225354,-0.017792713502277263,-0.006170878003323588
2023-02-22,-0.00840983021419193,-0.003668864509406363,-0.0010709785610934926,-0.0035277667261173046,-0.004099620226946307,-0.005947178617212944
2023-02-23,0.007648111304155907,0.0070179125810589885,0.01650701063859497,0.000972680587346219,0.016495089903148234,0.007203049247855077
2023-02-24,-0.006527522223186344,-0.00800137711940509,-0.006661904347163399,-0.01162857332466581,-0.005855263950203712,-0.0015060334112596645
2023-02-27,-0.00438331095653303,0.0013608935636052768,0.0028592255179200167,0.00020776997974406703,-0.0023133923987633622,-0.00285864760323779
2023-02-28,-0.0053632950701605125,0.005078472753664735,-0.0029421596160622734,-0.006389748257689678,-0.0024544232455812054,-0.006997085044831321
2023-03-01,-0.008986234073405996,0.002755648586188632,-0.007043854700069107,-0.0053505768003525465,0.0009702650081617823,-0.0007167176558694507
2023-03-02,0.007213225019396121,0.008671056437868302,0.007147124259306596,0.004991531153297088,0.008333193561868384,0.004470952107943279
2023-03-03,0.007042898323158577,0.010749309413674392,0.015148958166492995,0.021265490487793262,0.01739345361932641,0.0035957086013774786
2023-03-06,-0.0006816055617800284,-0.004605734231027864,-0.011434804553748103,-0.008937996354135374,-0.0049323467563454505,-0.00276994631334945
2023-03-07,-0.023676389205302503,-0.0024917348695649147,-0.01802717539994623,-0.018104371377585093,-0.01782890194679952,-0.013501723332833082
2023-03-08,0.002884405769999718,0.0012406326840385552,0.0023337984034263433,-0.0034646778172911256,0.0022390710559908765,0.0003227563082004257
2023-03-09,-0.021920113131867695,-0.01958712830369343,-0.021386706843439098,-0.03499392335810209,-0.032013955326974486,-0.009891087379511762
2023-03-10,-0.028541733766326186,-0.015085089829866843,-0.019158110646838228,-0.02810778477802407,-0.029197493740383947,-0.005864927921051432
2023-03-13,-0.009836060525697996,-0.022889455957673777,-0.00918747098312914,-0.027461972263449843,-0.009075049385827871,0.00181173235585085
2023-03-14,0.011071071371630494,-0.0001811293254875968,0.016372131393122977,0.01244282130695721,0.004272416238144231,0.008485383697759372
2023-03-15,-0.011292378287905986,-0.01814480652202517,-0.010499316564699027,-0.02100190512929466,-0.023053883353702502,-0.020988799669953345
2023-03-16,0.007794767705487704,0.010398158507255475,0.026459228101595768,0.010505308427211419,0.02000472692498624,0.006354548217388336
2023-03-17,-0.014374389256587123,-0.012086088029961022,-0.012844389924767245,-0.02873343090726463,-0.01506927636649924,-0.013136400687068017
2023-03-20,0.01427159608733507,0.011880381308486877,0.015363184627410641,0.01314649701245831,0.010757497488978331,0.014311722851573328
2023-03-21,0.004035265488890033,0.017032351385006562,0.0158874923245228,0.02168050657062306,0.012174441428181304,0.017232191449507966
2023-03-22,-0.02416724248766397,-0.02007956905773021,-0.015583239347917888,-0.023605348059547386,-0.03005715871696203,-0.015939436940510036
2023-03-23,0.00369558328167465,0.0015245987118937584,0.0034418570864640534,-0.004431436868249176,-0.008190710298039134,-0.007825529207983744
2023-03-24,0.010307034692695938,0.010840785624845964,-0.00403432698229217,-0.002117689845981479,0.005571104204615205,0.010808055616071599
2023-03-27,0.008921194214945237,0.007586278928993186,0.0024729825316980505,0.007256404669181337,0.008820904500101222,0.0067376739373490495
2023-03-28,-0.0013349070718893347,-0.00025951191137764027,0.0013585182819633493,0.005530670939751154,0.0027755948336506027,7.318923180823968e-07
2023-03-29,0.022085913323314634,0.01646006214451102,0.01824439403254341,0.021680193524739762,0.012239662487488385,0.009672860281381587
2023-03-30,0.009685336039546468,0.009719206110242974,0.007531139496469833,0.008837493240126632,0.007777355982296316,0.0018148738456559533
2023-03-31,0.01573352678356328,0.011752066403904509,0.011768243467522603,0.021074685335467302,0.01795124365913792,0.009246294878017328
2023-04-03,-0.005098380983729259,0.00019801503716970504,0.009723760648989964,-0.0016724715924989245,-0.005784877393201084,-0.000924392965178213
2023-04-04,-0.001894319092573277,-0.014376513815516771,-0.009400050747361558,-0.017187342682162883,-0.01477250212659931,-0.010071795648123659
2023-04-05,0.00831763730727699,-0.0013883561622874143,-0.00674865934867486,-0.01601862137362343,-0.008121831643478884,0.008851565362260255
2023-04-06,0.004147877917661421,0.002865041404825042,-0.006584148094167063,0.0018188230964371313,-0.0009194459927573298,-0.006830293085212826
2023-04-10,0.005890450349549477,0.0069067903026352705,0.010471368971715498,0.012016137733114555,0.017173660414463547,0.005149740369340147
2023-04-11,0.001165556061147494,0.01597398038391466,0.0095369914657488,0.012946193142206528,0.007405942189992056,0.01189987299424557
2023-04-12,-0.004896757132039305,-0.023686633689015905,-0.011242108640423167,-0.01610564632873714,-0.02459027274327433,-0.0053800370301482145
2023-04-13,0.004425732643118365,0.011459472369903662,0.012709481158240893,0.012918042010043169,0.005362449199002446,0.005721421587117028
2023-04-14,-0.0129889364526359,-0.0018074697962238112,0.0005033178294375164,0.0046291657968434985,-0.0077274355789417465,-0.005526346850567348
2023-04-17,0.007696400045901171,0.010231267476044905,0.004017359595580674,0.011531110165788006,0.010425200116476404,0.0010754884109134156
2023-04-18,-0.00014860660546502308,0.0036951041774126647,0.0046106703573450735,0.0033555352834217737,0.0019128807114652158,-0.0017992275781321654
2023-04-19,-0.004727067526338488,0.0035759504687497908,-0.004690879398916448,-0.0015275465292139202,0.0014992898817330557,-0.004315268693372591
2023-04-20,-0.003932558799212445,0.0004448227369079741,-0.002527666733062204,-0.005571895653992954,-0.027619136110829914,-0.011631518708011646
2023-04-21,-0.0014604588481148884,0.0015469046844591256,-0.002542432041096795,6.27202812912187e-05,-0.008699480904435909,-0.0073786206044636005
2023-04-24,0.003474276975365847,0.004613596431649545,0.006541448417742287,-0.00016663489164996356,0.001639407358627019,0.008255673820239808
2023-04-25,-0.011944864441058007,-0.019603181006002886,-0.021246078552734513,-0.02351771092513182,-0.025296797025584468,-0.015039562637054558
2023-04-26,-0.01572039934220665,-0.015559945385364116,-0.005704855231904091,-0.00810801762763034,-0.004937276439125552,-0.006899149699597209
2023-04-27,0.021699314770600994,0.01785006424551809,0.012265352451293366,0.022338505529596993,0.014691671745251855,0.011054278349288888
2023-04-28,0.015211457575532973,0.013295694374786034,0.014906719377456206,0.01917703891404482,0.018271296809871593,0.006818370999075464
2023-05-01,-0.0014058131857343956,0.0022432694138051694,0.003587429718466117,-0.006700423483340278,0.008368355063143493,-0.0008009993240185216
2023-05-02,-0.008653784233253263,-0.007981116239916666,-0.00942730330272759,-0.02086363625284624,-0.02025772995537231,-0.008757779958819833
2023-05-03,6.420231717209042e-06,-0.006008301327501728,-0.012250930215162874,-0.009011061450451002,-0.012190690031009026,-0.005502727947715656
2023-05-04,-0.015483524486574371,-0.019737259986726874,-0.027677753273344364,-0.013886367740832779,-0.004444025534723018,-0.009581882067858115
2023-05-05,0.018212524778225873,0.014166780508592165,0.01926338984582714,0.023641649497259755,0.028443763136437403,0.020234340805962855
2023-05-08,-0.0014384149470039835,0.004873924626940482,-0.001104806854562637,0.008820166102367013,0.010319218689676802,-0.0016979195381182424
2023-05-09,-0.006829368729097756,-0.00032522649898200884,-0.003059968660667318,-0.006867621298164885,0.002140240171430223,-0.004107380972851965
2023-05-10,-0.00504932690949659,0.001444852700817653,0.005584577145859865,-0.0069641049475268795,-0.00577528836640912,0.002843807905996827
2023-05-11,-0.007469462256311299,-0.011365249558310541,-0.0036104210518967694,-0.005805708166360098,-0.008755991376015708,0.00046622050890485434
2023-05-12,-0.0008559043166277254,-0.0038896652723647194,-0.005149246440630414,-0.01177662590807599,-0.0034048894270965447,-0.001922270738848556
2023-05-15,0.00826739157238158,0.01094294976356283,0.011208744613076211,0.014850890759479556,0.011857065763257736,0.00646705211130464
2023-05-16,-0.015851087749132232,-0.011342516347950044,-0.011189598676410452,-0.009897039800312143,-0.014765064944048627,-0.012335821350571395
2023-05-17,0.019106393055922263,0.021352533873569553,0.014868774471011365,0.0350863010566868,0.024587735261688743,0.011932241706672243
2023-05-18,0.0014816699059107539,0.006529853472643986,0.018496150486757745,0.017014880310071295,0.025252688765930866,0.005036784644656362
2023-05-19,-0.0030691460126323357,-0.010447241563849508,-0.003714942455967453,-0.009820809190042908,-0.009947180895311178,-0.0055822805764167245
2023-05-22,0.0050220230090526905,-0.003955205388581703,0.0006020958097932449,0.00407632913506149,-0.002848791956084155,-0.00023804850049563195
2023-05-23,-0.010525967520541914,-0.011663551676330137,-0.012338003638694847,-0.007319472412473045,-0.007843002848236191,0.0017801179246478057
2023-05-24,-0.006475232093875576,-0.001540776875197848,-0.004877448672078854,-0.016089499362605297,-0.008912207662597637,-0.005189833869739414
2023-05-25,0.00325166798949703,0.0012884115936376132,0.025132218228121676,0.009793938259048932,0.010756428483964645,-0.010805479540180695
2023-05-26,0.015933030959270306,0.005481090787085123,0.014483783934331237,0.022884854379592815,0.013360409966508257,0.003408310475608798
2023-05-30,0.0027378269026787573,-0.0010573917974960342,-0.0024514614996648206,-0.004947997401044374,-0.0021796267741287447,-0.008690057701151296
2023-05-31,-0.01816192876013965,-0.013185586882379356,-0.024335359683049076,-0.022203431206289957,-0.014188159293621484,-0.012554937028161095
2023-06-01,-0.0013852956114376383,0.0014642351523385042,0.004983659044247681,0.013124486610090197,0.010643078556296542,0.0028336486291148104
2023-06-02,0.030674947254304422,0.024703265002195402,0.020209211585001715,0.03375605086060917,0.019383088855423645,0.01998421873895037
2023-06-05,-0.010958588173856644,-0.0006642292303923377,-0.006040339534240427,-0.0010495965308735887,-0.013465107908590098,-0.006007846817086147
2023-06-06,0.013219542436958115,0.006155163363918884,0.013452112422451005,0.023099122652310646,0.009638432026296431,0.00014796232802605843
2023-06-07,0.019977071032401206,0.009691092529360313,0.010375610124373017,0.013972582252388824,0.012487362622334516,0.008548102573751151
2023-06-08,-0.010867392065520844,-0.008545341821307402,-0.0013830471210432359,-0.0008743372045664146,-0.00043613861098665675,0.0003984483274088829
2023-06-09,-0.0021520783362808287,-0.0012460907945948958,-0.0023767938921935594,-0.005142564074904227,-0.004049488900216077,-0.00234581653435682
2023-06-12,0.007028546376919849,0.00484598069845934,0.01160839828422651,0.019934368966105603,0.015044526956731655,0.0025711019960546295
2023-06-13,0.006523586611362448,0.012600443297607343,0.014605019040613655,0.013669502724052365,0.02218426430312342,0.010190918257574783
2023-06-14,-0.0062876964158160974,-0.007341945042374605,0.0020770084573099954,-0.004976625532165999,0.008129099486377835,-0.0038189783243133568
2023-06-15,0.009994346786055798,0.01390955964233885,0.01129469933748065,0.01462647529640914,0.012974968514944153,0.013877122026416841
2023-06-16,-0.004660850057125377,-0.0018048152699687305,-0.0026077645683433076,-0.008012191433679414,-0.009096525685909433,0.00173910328272185
2023-06-20,-0.0071272644663624585,-0.010446641855687203,-0.005095160549455018,-0.004415141413305949,-0.012500489120997979,-0.0060449127670505415
2023-06-21,0.0016955845260643923,0.0035911857528982084,0.004780895797370238,-0.0056459511003285594,-0.0007687395352538354,0.002065553831655148
2023-06-22,-0.001448563108350074,0.0008665851798189293,-0.007035177346977096,-0.009061106707799084,0.001011136497895774,-0.002831792549923083
2023-06-23,-0.009362351484005547,-0.00736430491392431,-0.011473464814547078,-0.01035549499299298,-0.008400689939071199,-0.008155009493063501
2023-06-26,0.015791551947672348,0.01216713670188084,0.0055631495805922885,0.004367643516587996,0.01232667871500882,0.004720491485139341
2023-06-27,0.018690372304871954,0.019144466980483287,0.018915247000015803,0.02831529622074501,0.0208210420392126,0.01363642232485256
2023-06-28,0.00043821702334633904,-0.00011113539596496481,-0.004541551205497146,0.0020364960897967005,-0.0014485415272963236,-0.007459542546157948
2023-06-29,0.009278921918401255,-0.0005977635030988662,0.006515619510393353,0.007978207382107605,0.009592827191003479,0.004892777779687108
2023-06-30,0.005087368874954833,0.008567600911839316,0.011515752674192378,0.009771492850812571,0.010317410447528791,0.008184236944727119
2023-07-03,0.0,0.0,0.0,0.0,0.0,0.0
2023-07-05,0.0,0.0,0.0,0.0,0.0,0.0
2023-07-06,-0.011553666607215487,-0.012064076836351757,-0.014139921079554365,-0.009434585769480265,-0.010637921602142804,0.0001613214539623307
2023-07-07,0.0019423808123129134,0.00958883631918271,0.01965392408402472,0.004465314772092774,0.012897342267469808,-0.003850554939735845
2023-07-10,0.006020904503473561,0.011377358432094132,0.001177881905635735,0.013589042118543022,0.011876348599104457,7.103357628970928e-05
2023-07-11,0.013479428693249373,0.005066368585163176,0.01779800043134606,0.008965698849655781,0.014531119991750661,0.01195322508162372
2023-07-12,0.0007554700527642916,-0.006893004444335377,0.00874591088672757,0.005141029974090479,0.012237986760801976,-0.00017629902984312733
2023-07-13,-0.000173288949456204,0.004147279001455453,0.003751578570369407,0.01127074767561271,0.0047934765988308274,0.0018562950604827599
2023-07-14,-0.00706567499699894,-0.004520114212778392,-0.012855665904458453,-0.004872561348411574,-0.005352549683199376,-0.0016826006761426608
2023-07-17,-0.0008782242588720431,0.0077094857481607324,0.0032320790312662852,0.0024392248322168348,-0.0023461219221404756,-0.002253509721847469
2023-07-18,0.009387626753201754,0.005774543429748862,0.0027649924137312116,0.00348339291518176,0.006131203274555221,0.0039394840515522295
2023-07-19,0.003492416227269513,0.0009071507748194011,0.013778076555183164,0.0033385491731565053,0.002810223451321082,0.00648794491109548
2023-07-20,0.006434677851935877,-0.0025817101367332984,0.01655737426691471,-0.002422979109076292,0.013211783094938284,0.003235909742745167
2023-07-21,0.0027584089919301153,0.004550842781108792,0.0007706892415395951,0.002826715243052421,-2.303406868597673e-06,-0.00013975668218917765
2023-07-24,0.003968383964362911,0.005186510161477539,0.007430802234895689,0.002532188261046938,0.00387759832790586,-0.0013097943155562744
2023-07-25,0.009578690158990936,-0.00451018231741029,-0.0033208398631859415,0.0016305315501088415,0.0197360293948835,-0.004750524602885784
2023-07-26,-0.0013087246220468518,-0.0012484281441348256,0.013937352838201023,0.0022253329120318285,-0.00033845822422570086,0.0002645490976068294
2023-07-27,-0.003991542814184693,0.014449570026955969,-0.010033072575844735,0.0025918692279395194,0.0014779001917439864,0.002466312079800418
2023-07-28,0.004214114839657872,0.005052298680974692,0.010326963424569149,0.0030079963754504955,0.0075514733808894645,0.006867549286724433
2023-07-31,0.00031176649387890923,0.003168679947129878,0.004861492979113545,0.0026088720456682434,0.007142521765942331,-0.003158337248026946
2023-08-01,-0.004778668511951196,-0.011398993346844027,-0.00983573175444179,-0.005553083280695609,-0.007055366528829228,-0.002597665847927073
2023-08-02,-0.002384337264283244,-0.00776044951947772,-0.01193600241933362,-0.008553540983957863,-0.01184278646447335,0.0008691653643791999
2023-08-03,0.0036831550868728176,0.011604888893670704,0.013674902001026827,-0.004359274010316721,0.003037814939667847,-0.004378578339925377
2023-08-04,-0.0036753200914010444,-0.02825657251942262,-0.00573580908479902,0.00045000632169518815,-0.004229423691881403,-0.006582176249641301
2023-08-07,0.006894506568376011,0.006126556597552854,0.005582934874385429,0.009216912447545208,0.00499481025540888,-0.00011921179654997651
2023-08-08,-0.006181647843877878,0.0018980334876957368,-0.011257769615065432,0.001270813842900643,-0.00723267002742002,-0.008807365119159237
2023-08-09,-0.0025559370961574,-0.0032535776612381646,0.0010720937323534278,-0.009443588980590448,-2.273163678975223e-06,-0.00023479881840532749
2023-08-10,0.000472610776517764,-0.0050362630218638935,0.0006033517107999072,-0.0002072764749243472,0.003395998489576231,-0.0022354271094933353
2023-08-11,0.002434084544597029,-8.418849544426354e-05,0.004489291913545735,-0.008565465749092591,0.00457385532229041,0.0014789301122720947
2023-08-14,-0.0011677529666773217,0.003910212306266136,-0.008008990585394457,0.007855609677061257,-0.0001400978157858456,0.0009177247545917595
2023-08-15,-0.014597176804864873,-0.014677514917550852,-0.012194620713497457,-0.01315919025400685,-0.013404343944991149,-0.010697944670686608
2023-08-16,-0.009309022896235471,-0.010389442703566579,-0.007271882936654984,-0.008468275341831645,-0.012898445209651778,-0.012795832858859726
2023-08-17,-0.007163210578100707,-0.011958896000196801,-0.009881282863437075,-0.0074433280830128136,-0.00833256686938706,-0.00812803831505789
2023-08-18,0.0015144172098988462,0.006254092977684629,0.0069625875094954165,-0.0006535756211348612,0.003685625209289729,0.000549036244519178
2023-08-21,-0.00426718763923304,0.0016736475211858609,-0.004543679613930138,0.008780413949382657,0.0018070525199687182,-0.006373766066746285
2023-08-22,-0.01223118625720144,-0.0030446613072715218,-0.0034899057985929615,-0.0005264158236511023,-0.014206314581723011,-0.0012057881871555183
2023-08-23,0.0017798341148035528,0.0006147307739491548,0.004558043600730974,0.01481401124359037,0.00933597854467238,0.007206781437977678
2023-08-24,-0.011784958831227467,-0.007650233882952073,-0.007262074966046028,-0.01209747197084516,-0.015342104826527765,-0.00864005346850855
2023-08-25,0.0008472810847314136,0.0052082996270060924,0.002428688114782391,0.0008841768644423634,0.004186746320318332,0.0034067327830476263
2023-08-28,0.01360077207366101,0.0023018333570582455,0.00469434519567884,0.017393836303204496,0.01050085109654022,0.011948403704201905
2023-08-29,0.015530242716036214,0.007881974769221207,0.010356565175469293,0.01430044067421114,0.013588221315420148,0.010863619387888376
2023-08-30,0.002708003305336109,0.0004074520240217515,0.006361675899376668,0.0022537044503573626,-0.0006485081957469911,0.0008155543901227612
2023-08-31,-0.006133784339743148,-0.006167504471915976,-0.01080572981800745,0.0009613037426063298,-0.0038416331948081823,-0.0038019573426563333
2023-09-01,0.006132953386316662,0.003039502652227065,0.0017367447035983425,0.004022630959836095,0.011543938645971969,0.0010276236418137808
2023-09-05,-0.008179121781031298,-0.014225995209601511,-0.013779900211147306,-0.017316934857553843,-0.0050001596946970634,-0.016265325985292928
2023-09-06,-0.008812335629521752,0.0034661468962708065,-0.009257148699764097,-0.0041213770286380345,-0.0045972204562299114,-0.0020748250998317585
2023-09-07,-0.011229167128634554,0.009072534007936258,-0.006719417438108737,-0.005058603878716144,0.001030668357276214,-0.006780759620989226
2023-09-08,0.0007235745073200153,0.010385218386512709,0.0009483546900358496,-0.01093827211703111,0.00817558244738626,-0.0005933005685938152
2023-09-11,-0.007498999728881879,-0.00013514755947265607,-0.0030643143929335696,-0.0021752737028887963,-0.0003224618599279103,0.0012411004543759502
2023-09-12,0.001170349387271629,0.0011111585121655826,0.0012495926054750634,-0.0046133056244262475,-0.005474056283676573,-0.0007861880071451943
2023-09-13,-0.0031923780267693017,-0.006451205986675496,-0.006615643226860519,-0.001667385488434575,-0.007714001633096449,-0.0031429517286123356
2023-09-14,0.01578274712839243,0.008448611359990544,0.01296366597425207,0.0063852821410893875,0.012114294765385544,0.006909081003645416
2023-09-15,-0.01027030214511217,-0.006240847593955832,-0.003061077158608453,-0.005831103645497813,-0.005441096377984695,-0.007523356239611917
2023-09-18,-0.00041565949621592325,-0.006663321608345075,-0.01301992908102098,-0.004348821648510307,-0.004906855779186928,-0.0024219892412542386
2023-09-19,-0.004439249107117073,0.0038970791170376507,-0.003012338108323461,-0.004309239778992806,0.0007926410928396433,-0.004070338953521803
2023-09-20,-0.0060334341641806915,-0.0011947557107018104,-0.006999682764560645,-0.0028606404264644738,-0.002138324523842323,-0.0012841142016256208
2023-09-21,-0.028030118858611012,-0.01622329995553595,-0.02010508678754718,-0.027186360010710914,-0.013621472553346479,-0.018756769161062437
2023-09-22,-0.003843328104306384,0.0003842497745984317,-0.0060563993213884615,-0.001021769678105787,-0.0026833834229627925,-0.005696637746233597
2023-09-25,0.0039425267295339255,0.0034406478683632873,0.0030087232812061127,0.0016889212637385075,0.004444669986441829,-0.002583660341909079
2023-09-26,-0.01293696734275164,-0.016482105938974832,-0.014268116212915176,-0.01115515021338627,-0.015948428120993466,-0.015162024981531998
2023-09-27,0.004805101258560916,-0.0003623522750264912,-0.0054628709585846395,0.0034507033397325007,0.007409322814350559,-0.003739950534718122
2023-09-28,0.00802398094394213,0.010140878879041736,0.014195583256991289,0.007986220902762499,0.006717628323746535,0.006028007169180893
2023-09-29,-0.0035136696851482464,-0.008291868657191797,-0.00023918715464575808,-0.0020718248597315723,-0.006423591396068465,-0.0019920351271805075
2023-10-02,-0.01784891756081947,-0.0066995747832325715,-0.019668576042967324,-0.011830925241979501,-0.016133774473495607,-0.017313245230359497
2023-10-03,-0.004846750095430661,-0.014891288524055447,-0.015955390638573676,-0.016290314300513337,-0.01602587348023863,-0.013227592964235924
2023-10-04,0.006580071027641982,0.0010888792978091583,0.006977376909734078,0.010050218592219608,-0.0037240612595142697,0.008079677410795986
2023-10-05,5.849702815740015e-05,-0.0012938315695197296,-0.006422588255934895,-0.0009106408284424715,-0.005212309393950418,-0.01450857608212511
2023-10-06,0.009996502952440315,-0.002238213171362962,0.0019949645211449125,0.015486315810089685,0.010661439377964894,0.0051862466578369605
2023-10-09,0.00920508157028163,0.00992714954073046,0.008884076947858614,0.0007802170586961293,0.00853591186817189,-0.002150307886706347
2023-10-10,0.006956118966285468,0.017354625117839584,0.014502371435045968,0.008160355409618193,0.0080680877159658,0.007264767288132468
2023-10-11,-0.004531771831914324,-0.00015144138038206714,0.002361967072581266,0.006229901107665878,0.0029057873068599506,0.0001800025215466731
2023-10-12,-0.014829808218060691,-0.007484154583170551,-0.013107389032487132,-0.013376731292666503,-0.015053278984394847,-0.019942429256871872
2023-10-13,0.00609332697795371,0.0020358667258381768,-0.001117166246674725,-0.0046530721910128,0.00168982186838671,-0.0011464714476084297
2023-10-16,0.014630991900773656,0.008683912686170333,0.015241733660216967,0.0122032005666645,0.0137912698929033,0.01342042447473302
2023-10-17,0.0009028185142940219,0.005828003460101636,0.007006049408318102,-0.0031925291625469615,0.003175888505993785,0.006856500812925216
2023-10-18,-0.008617661253791088,-0.007968470424507839,-0.008399322394850054,-0.025146006512043285,-0.0019348669941066333,-0.008486177121676507
2023-10-19,-0.013175602794007818,-0.010622624196467726,-0.01283784578820969,-0.009027695063715016,-0.006826799899090855,-0.00934635592706361
2023-10-20,-0.015714815311073837,-0.009646959764578815,-0.009402216618257237,-0.012675670197519386,-0.011590589419047502,-0.002879085680898518
2023-10-23,-0.0052944531812586055,-0.006537269559799024,-0.0021035500598432216,0.0031928861918745586,-0.005905594783655488,-0.005578473709628305
2023-10-24,0.005291642009715813,-0.005378474962274377,0.012640115516497373,0.00857524288181532,0.008416833087629147,0.004691117732647657
2023-10-25,-0.013895006219789976,-0.007514347636781395,-0.004335994487683605,-0.020610201516743303,-0.006696754508387848,-0.01518747924554513
2023-10-26,-0.0017363517557430377,-0.002374735541020322,0.00791228967161694,-0.010128943550042336,0.004916997935432645,-0.01904442060470029
2023-10-27,-0.007112680818913124,-0.01223679663198043,-0.01138969471008549,-0.016944451418774945,-0.011726078042518667,-0.012434473068849265
2023-10-30,0.002818975975602301,0.011880772272685667,0.0019393144257321589,0.0005964345374767383,0.006644098623015778,0.008777186981060132
2023-10-31,0.008357636402104412,0.01053333228343522,0.014678617459922801,0.006865506568696423,0.012883529234356386,0.010264670368393352
2023-11-01,-0.00250921692322356,0.0036089250669853203,-0.005473009959590652,0.0022675934944365785,0.006315142199174086,0.0002147620903207245
2023-11-02,0.017150179951252544,0.011848769764272491,0.02412981492490725,0.030302554522401295,0.021802296023884716,0.011111277437564402
2023-11-03,0.018535564381225965,0.02395539290128963,0.012342994241175765,0.01239353308550373,0.014905133386103572,0.009420089089665575
2023-11-06,-0.0010673942609032959,-0.005167703655449382,-0.01106758870371256,0.0027903119073565096,-0.0013891152436198845,-0.003855611615729278
2023-11-07,-0.0030771199648602122,0.0008145941217876857,-0.011047575269275377,0.0008128441934955354,-0.008900903714775503,-0.00030421341221226043
2023-11-08,-0.0019553072940338115,-0.003927627857044149,-0.008288792166024794,0.008986301717164516,0.0005276608591075662,0.0035206494880676586
2023-11-09,-0.003314074823602757,-0.012877725071479615,-0.01757046919344092,-0.011579093229421314,-0.007774114539312413,-0.003712214895047727
2023-11-10,0.006594989816057754,0.009733107237852002,0.010326436945923919,0.015460042070996625,0.013652159780174974,0.00932982564618186
2023-11-13,0.002171946814710795,-0.0033762411812402445,-0.0020487916272307867,-0.0022338493121818667,0.0009211462412350236,-0.004860096409464217
2023-11-14,0.01666387798600241,0.026803110426658356,0.037587361370656894,0.026876015609410508,0.012849023188202545,0.030505670308033063
2023-11-15,0.0019758022738719455,0.01661164081961377,0.012584600329707341,0.0015620899313617174,0.0029871887304681343,0.01099615412152037
2023-11-16,-0.0032670160136603317,-0.013228817654393639,-0.024770026434384192,0.0008537776751666711,-0.009273391342161872,-0.01973954100558703
2023-11-17,0.00021984768646406513,0.005935150670491444,0.010988430076629715,0.0005464254919315119,0.004245355033183365,0.0010207813005493908
2023-11-20,0.010419632434980914,0.005481334674240397,-1.5421933936462455e-05,0.012491305886497594,0.0033743888914873053,0.003589120122774098
2023-11-21,0.004172576660542558,-0.007251735195972655,-0.006133832019790781,-1.1470427886032772e-05,-0.0037966579816711274,0.0009967050104246063
2023-11-22,0.0038824908341820873,0.00687403590155536,0.006047145807773677,0.0013453235689563584,0.007083548653323075,0.005756910063851517
2023-11-24,0.006704915715834486,0.0025058647054682906,0.004391482657308435,0.0009565392053028051,0.0028845516836028804,0.0034727331149427914
2023-11-27,-0.0029305269946974925,-0.00215795524057919,-0.005532555556224268,-0.001509222234762722,0.0017378855876432025,-0.00212122258971576
2023-11-28,0.0013895040580378828,0.0005123902196084668,0.000767242914261595,-0.006722774761993655,-0.002251161927902327,-0.0006432433887446203
2023-11-29,0.002659033499629388,0.006730751135874945,0.003695019847118994,0.003039515018109239,0.004153775478672837,-0.0016506783612497695
2023-11-30,0.0066027034722105,0.009355950375820654,0.009881713618693028,0.006987756016433641,0.009998501292384943,0.008725486333161826
2023-12-01,0.005126061394733826,0.01921518629262064,0.016015967998885574,0.011993051689297188,0.0048657315298199074,0.014391132835907506
2023-12-04,-6.939389826815707e-06,0.007911358316822142,0.0032627952904870088,-0.0022665820277342767,0.0012636588260052787,0.0032877788887109957
2023-12-05,-0.010531059595697926,-0.011315554324230537,-0.01630696110224406,-0.008761023930097613,-0.008080121552768514,-0.010361333324054919
2023-12-06,-0.012030798624274277,0.005298774553538371,0.007879502767252616,0.004267903546805975,-0.0012383055887430616,0.007851782280414834
2023-12-07,0.0025301476175330715,0.001698074063613656,0.01074252617817596,0.007031592619297284,0.0008349846151059412,0.006257531739306974
2023-12-08,0.0033342049956687496,0.0009475340812371189,0.0005291791824844726,0.008409594139958388,0.0016501968287663147,-0.004343377958982462
2023-12-11,0.007340457545843519,0.007303457603593931,0.0020573287203594355,0.009725160477008749,0.008785987226692542,0.011018525116393084
2023-12-12,0.0012608600268547308,0.009322269497633573,-0.002494362250106906,0.007791165550261295,-0.006085641092003089,0.0013468774092244954
2023-12-13,0.03215692206816513,0.004961852642584242,0.035400256286219116,0.023145150538535247,0.008146164656683781,0.01810433712730962
2023-12-14,0.0012192089566417474,0.008421168077776328,0.03779588559651,0.008465856171809179,0.005430918785890314,0.010209426489466404
2023-12-15,-0.011932131230654452,-0.00515763529511542,-0.00952498889177989,-0.005801928946621513,-0.008347352114847363,-0.008785934133801082
2023-12-18,0.002775719424706922,-0.00477789483764777,0.0009711346380808517,0.0012738404118254024,0.009047823629866253,0.002944297926499217
2023-12-19,0.006332229496062033,0.004032145170893798,0.013368389963156178,0.008569323700189865,0.008899149263939275,0.005484648307416274
2023-12-20,-0.021244364277068047,-0.020382152824121605,-0.019618448033561983,-0.019419738918180465,-0.012924610659393052,-0.015654100817726134
2023-12-21,0.014222469341021008,0.020656328874703117,0.014475323417168257,0.013578313330365917,0.005976282898123805,0.010135569322503516
2023-12-22,0.003241669991069038,-0.0022684719108628315,0.004096484634587566,0.004516448427919574,0.0016744487014143904,0.004124464484300282
2023-12-26,0.005608656600304659,-0.0032530403257139454,0.00971848633727266,0.005285349620530343,0.0035457390397538755,0.007155021596251808
2023-12-27,0.0001755759672867614,-3.457347544556866e-05,-0.002988244662956176,0.002340923523496245,0.0015108429165463858,0.0014157982253012265
2023-12-28,-0.0022306852781622515,0.0017345842122756788,-0.0023623296049713775,0.0024322886121782494,0.002598373472208164,0.0020448104917233038
2023-12-29,-0.0049221969550012476,0.0006366556079438562,-0.00664610761526947,-0.00551269758682665,0.0015797172831832943,-0.0010333474813788428
2024-01-02,0.0,0.0,0.0,0.0,0.0,0.0
2024-01-03,0.0,0.0,0.0,0.0,0.0,0.0
2024-01-04,-0.0007652827227378337,-0.006340293985692393,-0.005517562889481403,-0.0048920881811463654,0.0012149702654463787,-0.004560061151025276
2024-01-05,-0.0037298152811480485,-0.0003113875242772475,0.001247413400390658,0.04647028963369734,0.0006930973650299613,0.003649517711435622
2024-01-08,0.006766639450800368,0.02416389635039628,0.012240380091820451,0.013769795330869231,0.009999947757915805,0.019486006164055807
2024-01-09,-0.0034206618951949912,-0.0011825549018246438,-0.009912625648819862,-0.008812052516594322,-0.006307291246924561,-0.006888968576895633
2024-01-10,0.008154835867957453,0.007426813764133868,0.003939888570574084,-0.0018874624637540565,0.008934434511532984,-0.003084817293882134
2024-01-11,-0.001144566366601164,-0.003230651768656589,-7.25818871645938e-05,-0.011120458755220598,-0.004958491037161899,-0.0011033736724578537
2024-01-12,0.0008429188760311242,-0.0008350528889338048,-0.004375994819617181,-0.019270212258896052,0.0030237069543956594,-0.005474835842755813
2024-01-16,-0.002988242051375629,2.7182451359278998e-05,-0.009272732862499087,-0.022593805242449288,-0.005450643680268725,-0.005605591746361707
2024-01-17,-0.009112403702863465,-0.00915802250142432,-0.011295783086057398,-0.0184140631559554,-0.010675633038988526,-0.010040346381469159
2024-01-18,0.0004902143304109476,0.008726915707988574,0.005725556653225691,0.01781622930867788,0.003044802851467423,0.004209152718119403
2024-01-19,0.007637312452573398,0.008640244989860475,0.00908905252907825,0.007925640371217256,0.006292645724244192,0.004406867787929409
2024-01-22,0.0076139697753488285,0.01671563547759579,0.0076583028662452445,-0.0025057423895153285,0.012583784298056558,0.012264450111323573
2024-01-23,-0.012314383173443614,0.0010735272077696896,0.003307760222479931,0.00614927396365626,0.0001954673239814023,-0.0013467327673415423
2024-01-24,-0.007680102578383562,-0.004242110505151784,-0.004599498840711553,0.0023280323861486394,-0.005373867790111035,-0.010410724532319003
2024-01-25,0.017781135959369285,0.001285397047378984,0.007958414251182556,0.014996066901091756,0.013432662020643273,0.01535980796840992
2024-01-26,-0.0015315124206046866,0.005613891122393577,0.006055313629096201,-0.0007186649405560142,0.0004508638848375815,0.00503172251440036
2024-01-29,0.00155866318710764,0.011334768222419888,0.0054915220072511775,0.01343859381543444,0.005930209813181932,0.012093861645450687
2024-01-30,0.0029246887754873652,-0.007310963411802032,-0.003318612053071041,-0.009581345685023777,-0.009112695049774466,-0.001932566807679275
2024-01-31,-0.013132343922283338,-0.01984012307537041,-0.011354639006281204,-0.006724031992941937,-0.007210884376381913,-0.01570185599272893
2024-02-01,0.01662790640380479,0.005707605665960919,0.004896571134842138,0.007306260981237888,0.001431186916658306,0.022718260258032513
2024-02-02,-0.008764330065752907,0.0023804083153428158,-0.0003012102617521385,0.006604032484919248,0.00036992679007399453,-0.004639271656542659
2024-02-05,-0.011271221426380124,-0.004761141476873737,-0.00429496180043977,-0.023906375841746284,-0.011055158131837677,-0.009383190857234132
2024-02-06,0.01579539585739746,0.009149676194178096,0.0012858938484585853,0.006313039966070514,0.011292934122050905,0.005851372135794079
2024-02-07,-0.0016137597031547725,0.005334361721920849,0.002372109270401677,0.007888384316557024,0.006188306209129528,-0.004107017776878824
2024-02-08,0.004113266366363414,0.004289780359949537,0.0027831562933161727,-0.0012621280726110506,-0.0022053907514147856,0.008853322372106873
2024-02-09,-0.002817364521929467,0.0038018653498815133,0.007335225575723862,0.009359369235910285,0.007196228942901447,0.0004697094827915832
2024-02-12,0.010487311805393505,0.004171974167478454,0.008678116690655154,0.013342706554874333,0.0026868043610763018,0.007000063136527887
2024-02-13,-0.013361910822846986,-0.013792817426736992,-0.025684370920666652,-0.02207138928391894,-0.012816095278067915,-0.025649211876451288
2024-02-14,0.00815883981490125,0.00535293253443582,0.002008643733448165,0.01495016429876828,0.0027315461580215174,0.007605862443558615
2024-02-15,0.01669531137087326,0.01513546298874515,0.013125834480215091,0.014304301370644286,0.006650361584769973,0.009984805284462947
2024-02-16,-0.0004727691238013245,-0.0071312693236342505,-0.003509975880130651,-0.009957114847336078,-0.001969530900852874,-0.0017592728578737554
2024-02-20,-0.0008629480468511664,-0.002274322633654544,-0.007483012045258538,-0.01288500703673169,-0.008774910685431719,0.00045215685598048896
2024-02-21,0.005447257552559033,0.003478704345103073,0.004872329031341133,-0.002332200348966643,0.0024136830286921487,0.003594266622401358
2024-02-22,-0.0024082527368708946,0.004008459591054059,0.008874375522947254,0.014362716263249602,0.012264281325391103,0.007811675962739748
2024-02-23,-0.0018071670085426446,-0.0007776408133351475,0.004302574014566878,0.002109233306397054,0.0046034745192891436,-0.00022788717574255015
2024-02-26,-0.010493580430567598,-0.00515627392770024,-0.0034327741263208388,-0.001037733323529788,-0.0015783058257677193,-0.006272294706394459
2024-02-27,0.0061537065760527716,0.0021957294370188478,-0.001799632579792007,0.008985696685817475,0.00790641150072838,0.003733851475261222
2024-02-28,0.001144766347992225,-0.00039890305897699607,0.0021519636388164167,-0.005081979033612111,0.0031882818710327644,0.0020111806577151987
2024-02-29,0.004041811713439326,0.012113096401925713,0.00871762494723256,0.014097779107400848,0.00583415390450457,0.004650894668919795
2024-03-01,0.0045595242128257975,0.01505849540435644,0.02046698304866545,0.009370632799670285,0.01821673362667688,0.010695374336395417
2024-03-04,0.005428441027831059,-0.002606865852712615,0.0008355202480053982,-0.004084495493237522,-0.0002104726581338435,0.003255905630756918
2024-03-05,0.0011358871359101114,-0.012206585152291841,-0.02489552624436298,-0.0006909515543053531,0.009099958232874841,-0.013586747787559122
2024-03-06,0.006548116286176183,0.011621767026175636,-0.00017862364036938647,0.015746275548819685,9.463195116295338e-05,0.0066209032284087165
2024-03-07,0.005631527639620796,0.007258305075722771,0.011298502946182367,0.01735016628614822,-0.0009302250509956255,0.014795102424926453
2024-03-08,-0.003103358492167888,-0.006059131346899971,-0.0007953543491826855,-0.012625233308546074,-0.0015809157474010267,-0.003348349001814937
2024-03-11,0.005754590784378481,-0.002567762412228069,-0.0041553559192827084,0.0028404901585437864,0.0018330620780530262,0.0018381005557877627
2024-03-12,-0.0017173828732591238,0.010070827741947178,0.004431287375568975,-0.0012338797066276319,0.0037786696364295225,0.00409153255367912
2024-03-13,0.0003627293107496708,-0.008498485964992019,0.004661354061881856,-0.0010873004988273347,-0.006857804800058156,-0.0028420387644069577
2024-03-14,-0.010307737213962725,-0.012698232813783338,-0.017642840864990468,-0.019127155862662015,-0.01220384843120153,-0.00847362223509564
2024-03-15,0.0016273299666448367,-0.009259784762377505,-0.000818886087008614,0.0005481788200605677,0.0025140836044522216,-0.005103853694347642
2024-03-18,0.003761875577590725,0.010396384579823156,0.0046883627198573636,0.005530298965576887,0.0026521424370725233,0.0007040099002432899
2024-03-19,0.008505562677522564,0.0033167551925070878,0.004417633113892522,-0.001028765983886322,0.007128739803023243,0.005677491482659303
2024-03-20,0.010853350984842811,0.0073840337914237025,0.012918599251271258,0.008980822241910828,0.010125531228807086,0.010131922130347056
2024-03-21,0.004692229576533815,-0.0014045991265268524,0.008652042846096566,0.0028513777405042174,0.022893410232639664,0.009467971329113409
2024-03-22,-0.001922247929120937,-0.004523843805618656,-0.0034850829335606455,0.0006716409387089872,-0.0036050021933245486,-0.007662468923780117
2024-03-25,0.00494570404961435,0.0032869824300922916,-0.00728109266507177,0.005076789609792186,0.005156454224229469,-0.004672232248787953
2024-03-26,-0.0011797753514502381,0.0006825732919189836,-0.004461705343236503,-0.0010661264615932716,0.0067833754264820965,0.0001644281966397392
2024-03-27,0.014750130448841074,0.020745295350367836,0.020680198901456063,0.027624042987798574,0.011005966102971538,0.02062214111576543
2024-03-28,0.008212214550867361,0.005576634454589706,0.010681468363173338,0.0014833355287931973,0.004186734357636004,0.00040203930981796336
2024-04-01,-0.004093244868562676,-0.00585255964181784,0.00030539823971904476,0.0023841420539196284,-0.00869152925440991,-0.005455570688867084
2024-04-02,-0.010524035529496413,-0.017496705924192137,-0.006714350890037825,-0.015722364509157417,-0.011145761451449474,-0.019020454564230842
2024-04-03,-0.00522348409438806,0.006451757596236843,0.004603234343432482,0.011485512993341022,0.00477417520931679,0.002616520352164699
2024-04-04,-0.018677411893056377,-0.012138534543162646,-0.015500608902425468,-0.019360103163796685,-0.00973057577271518,-0.015215570370119605
2024-04-05,0.00716800274494259,-0.003922281817281892,0.005315107261898786,-0.002182736809456585,0.0005556834200512956,0.0074383397811563536
2024-04-08,0.007998936302198107,0.009085322275655179,0.00678438092546171,0.003545577231186658,-0.0027909518432494905,0.00012044462968066041
2024-04-09,0.006859449747026006,0.008855367840743467,0.006392664349140112,0.004598760481416241,0.0011268187124840907,0.010841080374596997
2024-04-10,-0.012034962312518,-0.015395953030064686,-0.020951738109610055,-0.008211317994088193,-0.011389746087291834,-0.020949638781875383
2024-04-11,0.0011219079877471199,0.004460358468692977,0.000768160124424402,0.010915818552163293,0.0033834511947537092,0.004551137760078509
2024-04-12,-0.01883000285158908,-0.020120624848907403,-0.02029321319273548,-0.030012495054332664,-0.021868697271941216,-0.025040063320027457
2024-04-15,-0.005099191022897935,-0.016218300476041315,-0.014285076218648019,-0.016252895441105943,-0.020133584261101147,-0.007747910000794249
2024-04-16,-0.0031755804638428356,-0.005057415013421687,-0.012879573579853554,0.006701207955003529,0.0022315313485650693,-0.003292556887953116
2024-04-17,0.001900336986902997,-0.0025306889472605804,-0.005157482948274911,-0.001275082297465941,-0.0019496185275939485,-0.0035154964749408396
2024-04-18,-0.0009953240847779962,-0.005234981088113934,-0.0072406402495726,-0.0013048183798218696,-0.003939105257859098,-0.007315229833125321
2024-04-19,0.005712618395993966,-0.005764119770733326,0.0037870768292302738,-0.022659463179654518,-0.003995356339825108,-0.009833510533474317
2024-04-22,0.008873034725121767,0.013210660813834735,0.013534117719630454,0.013790820874998671,0.007595131242870177,0.010352572195046216
2024-04-23,-0.003768274003401439,0.01468754399114315,0.01459239040837434,0.03227165654910279,0.014606195506628051,0.014459967107933553
2024-04-24,0.005707520614744863,0.004458254419655884,0.006232294311410997,-0.010839392136637977,-0.0030262454131105166,0.0066756684890207025
2024-04-25,0.006138636667241179,-0.003601779412195073,0.00407159852834208,-0.0011628559510473387,0.004635382014435555,0.0053754473090225
2024-04-26,0.0014695478175927156,-0.00680652739642086,0.0013771322290977385,0.016414966399071602,0.0029513259037999453,0.0028054833105264202
2024-04-29,0.004379973803560814,0.007360867092904287,0.008867515117574675,0.018909792447143917,0.001964655243485799,0.0054097270529355965
2024-04-30,-0.011353735627681,-0.02872688480437864,-0.01863807597047061,-0.02343465382650183,-0.017470711488540912,-0.014308560706851757
2024-05-01,-0.008859098223190776,-0.0056722310522013845,0.0024200532546746452,-0.016708974385463298,-0.010415332041932986,0.0029862074682217576
2024-05-02,0.008821031881385798,0.005661276734445444,0.008372864535558211,0.01323599634152381,0.0028568305700118015,-0.006767232939163174
2024-05-03,0.00615833658062295,0.017841956114892005,0.0015705122331391372,0.011432185520237574,0.011571969045793723,0.023113184275858747
2024-05-06,0.005014748494455914,0.008236059660667127,0.002339643188097478,0.016355443961561113,0.013868797510354797,0.004311122153086058
2024-05-07,0.005378242406739491,-0.0013729427173832045,0.0011331657115291821,-0.0038854863484067137,0.006474889202392141,-0.0016389820766427123
2024-05-08,0.00217610496220094,-0.005185399788218752,-0.0017236838788717806,0.0028613725248279563,-0.00039854601330605233,-0.0022450618872069984
2024-05-09,0.00904534084758137,0.014772756925098454,0.011293670441942988,0.0016586373126546354,0.01421068471012006,0.00839950215782182
2024-05-10,0.0052722172243667605,-0.003726623502312794,0.00032942153627291886,-0.0033723580352990412,0.004902312218405049,0.0010574773055331923
2024-05-13,-0.0034248951903958305,-0.0018144652222269993,-0.00016614688117564075,0.00889538256203054,-0.0013613835931065156,0.00010861503727930231
2024-05-14,0.0018545484865186905,0.0014935983084025154,0.00429894750719931,0.013316487840357542,0.0017249117910160682,0.0031310138491058206
2024-05-15,0.003581522320098537,0.0075183048563045,0.0047729861978343426,0.01637459177544506,0.0018356646121495284,0.009384442047002641
2024-05-16,0.0013142486141420953,-0.002002245048812723,0.004359229608611567,-0.00916929580328732,0.005019592064952243,-0.00921698148020823
2024-05-17,0.004183305611052753,0.004565263429547914,0.008118436446946953,-5.039600846159966e-05,-0.002776231697351596,0.0010139466927545976
2024-05-20,0.002093154393409314,-0.006355908366363701,-0.009862032329716592,0.008135533559340716,-0.005338360519222527,-0.0012494740714025696
2024-05-21,0.001050558826616575,-0.002777803763479427,-0.0039717131623333585,0.00038557661000535124,-5.249554425935238e-05,-0.00797891922624068
2024-05-22,-0.015635544602538312,-0.016734468548660612,3.4060564707927754e-05,-0.004428023273406451,-0.009032486918956693,0.0004867488481423601
2024-05-23,-0.011256252620856723,-0.015964060712857445,-0.013886657507538388,-0.0237060957845354,-0.008074345784832728,-0.014076547954076937
2024-05-24,0.006961321512985135,0.007232950495652689,0.005395833818644255,0.01880327745996833,0.014089165781544986,0.003555245272762972
2024-05-28,-0.006804361611840563,-0.0067556563734196395,-0.00500912622547893,-0.02522273043780123,-0.0002715897472541328,-0.00786016789513011
2024-05-29,-0.015321559690727066,-0.0028766998200745854,-0.016998604218428547,0.004449071686241599,-0.011038231151910747,-0.012548307355342582
2024-05-30,0.004225171406011918,-0.012633032832265195,0.008405219481088962,0.0005657854258210368,0.01022812991151852,0.007078725754761058
2024-05-31,0.01702825744677156,0.01175438000192725,0.01711008516720673,0.0032616874541845048,0.018241044554232772,0.010607643410165363
2024-06-03,-0.00441621064856276,-0.01736494469265048,-0.0054186179463992555,-0.007868120459198066,-0.0015873966010911155,0.0007329865727825687
2024-06-04,0.0009133146371930211,0.004452173629795397,0.00048336374872957064,0.006196514019301017,-0.010675953392924556,-0.007363927351060753
2024-06-05,-0.0021562794334548325,0.007055555041762491,0.0031418595616707233,0.013795298677744336,0.004466431611501633,0.008508021943465456
2024-06-06,0.00019226201448846293,0.0023559813676149867,-0.0032039485220667708,-0.010176565241506808,-0.007321229761170568,-0.0014728833024895758
2024-06-07,-0.00880656328739658,-0.00029864063907302575,-0.005218584785696471,-0.0054085576116098535,-0.004213407284954429,-0.007879032351236505
2024-06-10,0.003985927367344391,0.0026698398040511796,0.004803094943701757,0.0025656383388550476,0.009924309061016044,0.0024891976563806563
2024-06-11,-0.002072121773062116,0.00013460108709265663,-0.004916485653122275,0.007208527236955097,0.00072940118449789,-0.0005766680399221951
2024-06-12,-0.0002029930563268353,0.011619439934712523,0.0039175910388761625,0.003269985077207283,0.0023339820013887954,0.0028641911875923833
2024-06-13,0.0010919619163826469,0.0010480223850317,0.0031561683784927944,7.645038543054229e-05,-0.005422962220102835,-0.0012182334808151128
2024-06-14,-0.006700371178954913,0.002244837988049503,-0.005240750380920313,-0.017545208496844412,-0.0052053037776426565,-0.007105321251946873
2024-06-17,0.00196771121924679,0.008195599741570445,0.00884660913153858,0.0050517077727566286,0.007276000235093595,0.007709798435359616
2024-06-18,0.005187409441914187,0.0028404327331956153,-0.003103101520174041,0.006226925439745268,0.001719246555085841,-0.002560483386634722
2024-06-20,0.006452136420577841,0.012729334212882705,0.005832473424618737,-0.0006369339346027164,0.003171062019244319,0.004286313666133448
2024-06-21,0.0016631227540793662,0.00835592018884225,0.0037448170909651843,-0.006491312842265931,0.00044080058652365027,0.004745414105806598
2024-06-24,0.006467143143307232,-0.00814836876235034,0.0049755393073664545,-0.012042095741361959,0.005200873601466091,0.004331179867843063
2024-06-25,-0.00475635622248466,-0.006207568888282057,-0.012190024203112507,-0.005275785225816995,-0.007707814745815719,-0.004781685764720813
2024-06-26,-0.007406018352225032,-0.006742278975953587,0.0033098871868265777,-0.006985293980748254,-0.007601240646061638,-7.640275070811238e-05
2024-06-27,-0.001240629666670987,0.004545659850186649,-0.005436345783535295,0.01117149190415681,-0.007917701177179515,0.0017849770892447187
2024-06-28,-0.0022329330472563125,-0.008476958290546132,0.005204549311415999,-0.004189159403254781,0.0012971771751350727,0.006399777293606818
