,full,no_csa,no_rpa,single_alpha,gbm,no_agents_all_alphas
2021-01-04,0.0,0.0,0.0,0.0,0.0,0.0
2021-01-05,0.0,0.0,0.0,0.0,0.0,0.0
2021-01-06,0.4999999999999999,0.4999999999999999,0.4999999999999999,0.4999999999999999,0.4999999999999999,0.4999999999999999
2021-01-07,0.23793902023107055,0.390511197578876,0.3133050515596526,0.01305376306053637,0.16310226541183712,0.08786053571759342
2021-01-08,0.15984639412882115,0.3931130007455112,0.31530967790170006,0.00954619799285638,0.15838561512496616,0.08357416268868545
2021-01-11,0.158988331129131,0.38819241104689317,0.3149933657963803,0.008116019006252986,0.15962087666585612,0.16106069628381678
2021-01-12,0.1585699525216174,0.39105023205493783,0.23573801991371485,0.010183020760733658,0.08413474523714978,0.158107159974772
2021-01-13,0.16133652057661474,0.38760248870537495,0.16178101393659902,0.007893267031304517,0.1619141965141431,0.08398247394612783
2021-01-14,0.15475190872250721,0.3880984709270143,0.30868380527738914,0.00753763990453931,0.1580628315415432,0.0818286529588538
2021-01-15,0.16008336544708823,0.38857084949993326,0.16599240757831724,0.004762415661402772,0.16035866328601264,0.083259402433697
2021-01-19,0.23248730079022412,0.3878871817557501,0.23506275978153324,0.08214824718346682,0.3884639205048338,0.08207506533673051
2021-01-20,0.38538756216860415,0.23303096630471312,0.15940582890376156,0.0847440269168658,0.15888167422664304,0.16110514103347223
2021-01-21,0.08150372020677368,0.39423639760709694,0.3149024802628292,0.08376861555584693,0.23783520607374098,0.1587595754470732
2021-01-22,0.15769407313521555,0.38802398590336745,0.23471355493780216,0.08436799181206697,0.15682241959948337,0.15977268581007542
2021-01-25,0.07990804333331944,0.38756507597866063,0.08172785016523537,0.08291280654567702,0.310299967285508,0.08178535048075727
2021-01-26,0.23769724921534915,0.3878094534934272,0.24260593786110984,0.08240232065646677,0.314711720808406,0.1595215064501638
2021-01-27,0.31299062754488266,0.3913025314901246,0.2371292465953617,0.007282229693840334,0.1589208792378528,0.006293673961348056
2021-01-28,0.3961440896385481,0.39315820975462656,0.24311924941248678,0.08471697982201486,0.23911288345220663,0.1684727090014114
2021-01-29,0.38814410339492805,0.3956812526640207,0.3863350286521601,0.010154176187762078,0.31367364628816286,0.2464699235305729
2021-02-01,0.1578412068244597,0.38858922707894283,0.23685163427866246,0.006924271012448198,0.31389534773348654,0.23775785723390438
2021-02-02,0.23672236971626048,0.3907345632846593,0.23853192230740183,0.08212616289407138,0.3875604396154439,0.2363091689445453
2021-02-03,0.3098331982533435,0.39024550567523886,0.23556268327873842,0.0033606464964054325,0.3135335253715465,0.08190446735342105
2021-02-04,0.3908167152431148,0.38854318997715354,0.3892816572441477,0.0060195618460485364,0.3131731052123173,0.08138233763933744
2021-02-05,0.38671370049662546,0.39036094881003175,0.15816851098902016,0.011519744177132196,0.3119559424800493,0.15942608869892508
2021-02-08,0.3901365198885154,0.3869026126266759,0.23543558433702697,0.004927474138240191,0.31295872717468587,0.23554559688068588
2021-02-09,0.24102119636213937,0.16089417862924,0.08246706327477765,0.006312105521204925,0.2394875280891418,0.15977385921798543
2021-02-10,0.16235743044415216,0.38853075832735184,0.08540915219869907,0.005622864634112254,0.23775764665653526,0.15580711047857695
2021-02-11,0.15908532332931027,0.390003756456822,0.3112807929358512,0.0062731951282137335,0.23592292789479913,0.15643747258364538
2021-02-12,0.2377952942602547,0.31261593983369107,0.16564372737257266,0.006442668218616561,0.16125341502005322,0.08392576322763429
2021-02-16,0.1590925142674588,0.38765098399156506,0.23637698113487943,0.006036816456806433,0.15607942171881503,0.08043680020744287
2021-02-17,0.1577160675870041,0.3894046606162277,0.08702914924587775,0.08538370944735105,0.23880111985806518,0.08302274820327235
2021-02-18,0.2344082477627162,0.38740998593525444,0.08066026114245281,0.006800441807008971,0.08294686796088319,0.15765496167443802
2021-02-19,0.23462104096060757,0.3920111091746406,0.23606569448423556,0.003423521291547278,0.08297797771726922,0.0063318565266939075
2021-02-22,0.2343299792493278,0.31563421270681746,0.3882400121520152,0.005601815463530904,0.3137488688204999,0.38663851851205555
2021-02-23,0.2395197629647327,0.39080331741149255,0.31143954417571473,0.0133001911825553,0.31486269807985756,0.3117189493547556
2021-02-24,0.1589868715103458,0.38606228045227303,0.3865576278198113,0.08510409182880058,0.3129384555853998,0.23510225866676612
2021-02-25,0.2382101310208743,0.393428864858018,0.31202946922839553,0.007297223808331352,0.31626236515463213,0.31022140200952775
2021-02-26,0.39376527407432255,0.3918347617571769,0.3136512391415555,0.008595943469291066,0.23844203149379103,0.3135349623137984
2021-03-01,0.38747680744834145,0.38968023178294126,0.23418772536975016,0.008779120485299212,0.16010433797610707,0.3112288481550543
2021-03-02,0.388927718736951,0.3899639572037281,0.39060342817489246,0.08357639761996383,0.3884379545897713,0.15945960335928458
2021-03-03,0.3883623766652611,0.3891065126889512,0.3102780613663589,0.005562624867461563,0.1577053317951818,0.38837015340153835
2021-03-04,0.0907053387110182,0.3896188430893997,0.31872257876556165,0.009771770508719801,0.16024927149959245,0.15737482791881835
2021-03-05,0.39233611366551857,0.3876199578583038,0.313865682582136,0.006940955043941446,0.3122948866476126,0.164776912200445
2021-03-08,0.38911271338104525,0.2392113734717127,0.1573590764438007,0.009143024706559172,0.2360620062533043,0.15869331552938643
2021-03-09,0.3212898635561583,0.16674122331703517,0.2424750713285508,0.08864125563022023,0.23507650376949554,0.09119267286627755
2021-03-10,0.16441021478700524,0.39147152282850617,0.3144963166105947,0.02102982392658044,0.3926810907316899,0.2406295759539412
2021-03-11,0.39302905634550395,0.3890943467567573,0.24095603186061598,0.08150615447555817,0.16146615203060896,0.16310420194890074
2021-03-12,0.16199583497751152,0.3137238602376934,0.3123989248043861,0.08529955215227779,0.1586117234045796,0.08201822993190355
2021-03-15,0.15885278487792132,0.38901936404386184,0.16090942433841393,0.08438696593721637,0.15681404264280485,0.15848179713630883
2021-03-16,0.15750658230894654,0.38826057356023747,0.2372479355552481,0.08189264143173125,0.1590546936341824,0.15849253344646932
2021-03-17,0.23315027889476092,0.3896263738084503,0.389419418513816,0.008419016995011783,0.2363798875739735,0.1601880104820463
2021-03-18,0.38933960150139457,0.3121753907906958,0.2358201885182561,0.08374842826673295,0.15980407382585068,0.23415782327947474
2021-03-19,0.08619443240139035,0.39097983834919114,0.2384085115559987,0.008410559265177857,0.311589103464963,0.16229990586468038
2021-03-22,0.23250255712666063,0.3102307783784127,0.3134712459028718,0.08183694942874771,0.235612240217859,0.2325878215835959
2021-03-23,0.16045955252409907,0.3866171335619888,0.1598911670901324,0.007820841634572945,0.15998546474107606,0.31251930316834176
2021-03-24,0.1625347823026254,0.3873500174648542,0.31196287641822185,0.08433256101194228,0.16120654127361356,0.15731807278660895
2021-03-25,0.31441601862280927,0.38847774839790045,0.2350849101504093,0.005230986230032715,0.1598451254127769,0.23665062003160967
2021-03-26,0.23460482601043794,0.38736850121989985,0.15845670606225343,0.010238577748190474,0.1591362960885404,0.23417192724820152
2021-03-29,0.16165954683451983,0.31231315605807775,0.2354403907972445,0.08237803274647135,0.3113209335249896,0.15935232701035926
2021-03-30,0.2367622193070389,0.1566799648139301,0.31279016189672654,0.00446872816594486,0.23533253616245842,0.31109105455679487
2021-03-31,0.08575243931364071,0.3094941946215569,0.2391181437954222,0.08595004801551831,0.23804952855983227,0.1573395968180658
2021-04-01,0.15857006384892827,0.3899522206078381,0.3101092311721193,0.0864428758568331,0.23381466328896836,0.15761580710746853
2021-04-05,0.09030015585599988,0.38834023965607334,0.4661701278756493,0.2363165610922741,0.1643487160465314,0.16167907131924059
2021-04-06,0.38561273580538324,0.3895274023513898,0.23116163253649288,0.008894999891374912,0.23406809256273722,0.08339043634033064
2021-04-07,0.15645766110873122,0.46307794582502493,0.3867455451705586,0.08250393301000049,0.15728858965009032,0.23491215335026452
2021-04-08,0.08046305081239591,0.38615365324917383,0.38740429154072276,0.08260569951905983,0.15675679296136785,0.08273057618651747
2021-04-09,0.15931520585776984,0.39096424690066645,0.31328800306969296,0.005049394322680131,0.16032471389030017,0.08279437446606758
2021-04-12,0.15669901532323757,0.38602208246871716,0.31225729525843526,0.005285895778812749,0.08417507618891397,0.3132802202696534
2021-04-13,0.15625497039502753,0.38682403417431693,0.309172926807973,0.08203963966743363,0.08364768752846893,0.23432290615427012
2021-04-14,0.15822405073797663,0.3869192877231292,0.3104634583297721,0.08554910684081124,0.15550876981759365,0.15693498791764277
2021-04-15,0.08402875467003332,0.3873277656234375,0.39204088185442787,0.0053355802845862985,0.23597450685648513,0.23366363971521323
2021-04-16,0.07997259092769823,0.3856637878631663,0.31049187837528475,0.006631977647996265,0.08130783016964752,0.23298073557587387
2021-04-19,0.08037733948324799,0.3850724298521133,0.15687497438032297,0.08094409930192692,0.15673972351605683,0.2328667090474142
2021-04-20,0.08484515230648615,0.3853926000372466,0.16149755581129493,0.0071071246705814856,0.15945624820229645,0.15724203715964796
2021-04-21,0.005859317830018307,0.3883383402349339,0.3906566994236837,0.004779594882659638,0.16135384152264529,0.08387254142206971
2021-04-22,0.15713681865081813,0.38838578604774243,0.38952725080277073,0.005665395087728613,0.15808980585555507,0.15717705413563046
2021-04-23,0.16047155171021188,0.3881836846676209,0.15907400357242096,0.08058756522231002,0.08292845735104482,0.08445035124328634
2021-04-26,0.2328521803619656,0.3876684749295941,0.23403830956997201,0.004321127009578728,0.08168176635808731,0.08207063440546855
2021-04-27,0.2358511666589013,0.39223445190955375,0.31022614054918574,0.004838089450952328,0.31013403759204566,0.162723369354144
2021-04-28,0.2330960987780581,0.3891141229068472,0.38607010238572453,0.00641573326694006,0.3863317519982803,0.31114441856725017
2021-04-29,0.08065826918634818,0.3884990211140147,0.3104963393354345,0.011160960748508392,0.1563500408305905,0.15680395691779886
2021-04-30,0.1578212833268865,0.3877494087598814,0.15927160376894162,0.08122732858746544,0.23738445701216504,0.23263778737561253
2021-05-03,0.2382015188698829,0.3868755461604558,0.16117032407665366,0.008662094504124827,0.08226692492064226,0.23721437367192094
2021-05-04,0.2375003374283562,0.38811467808076155,0.1595785993238047,0.08214238524350927,0.3908009576232808,0.23670618419986386
2021-05-05,0.15702148222611784,0.38680300895076736,0.2382537239503299,0.007427208385859828,0.3126639390091941,0.23637561070342072
2021-05-06,0.15722097345903963,0.38609871372576277,0.3115217094028839,0.009540850378975889,0.3129195023012353,0.15946603108060567
2021-05-07,0.15839884797749226,0.3860507686789725,0.23564062952556,0.16124623156812012,0.31467815587228626,0.2343692832037615
2021-05-10,0.0813738359757207,0.3902572044280002,0.38752570022651217,0.08087212999251958,0.39054796919663354,0.31418567593183394
2021-05-11,0.2383028818698012,0.3938934120203224,0.165348337313466,0.008050088974878147,0.3091547316260508,0.1635513472094491
2021-05-12,0.31014560273420416,0.387351171916383,0.387722888189501,0.007610733350186041,0.3860688340618934,0.3118297169997573
2021-05-13,0.3130547984145454,0.38805331360282336,0.1598007627189492,0.08141630547762245,0.3925342818741019,0.16177900541309448
2021-05-14,0.3870362568718928,0.3935732519456257,0.1583561122342601,0.006463870396184075,0.31123577823370624,0.15990228427334807
2021-05-17,0.23338712055516161,0.38748477673435033,0.23309689531219968,0.0045796104766958265,0.15861219717414987,0.16407127680020062
2021-05-18,0.2337003168878109,0.3901021546462631,0.15641579767483116,0.0045281568426984095,0.2342801836473447,0.1607020478400911
2021-05-19,0.08173817829828886,0.38611557961853626,0.23163415251836317,0.08059519413826602,0.38604362892289246,0.160021537186941
2021-05-20,0.31144547934242894,0.39089108547756035,0.3881283076269463,0.007562570706395592,0.30839262766326236,0.23724614054754434
2021-05-21,0.30980764240003356,0.38700601391021716,0.08169204213186629,0.0854672660994667,0.15662145739758285,0.23599794769037213
2021-05-24,0.23330516470352938,0.3890156948171525,0.38780814837763,0.08377471351989796,0.38679761901338744,0.16275012914600484
2021-05-25,0.23308189178401256,0.387622331800768,0.23447776689385202,0.08340640051002587,0.0810359222622093,0.1606628661167426
2021-05-26,0.2329032240808056,0.30948410818325645,0.23347934783904775,0.004733932071000868,0.23453563837714023,0.1598266460055724
2021-05-27,0.31044179734249905,0.30984256392118975,0.3866739900012795,0.0800104810498933,0.31228070207575775,0.08140063746447529
2021-05-28,0.23416259102119802,0.3882168558183482,0.38730722298100934,0.08210634129279426,0.3118012562270541,0.08092187492919078
2021-06-01,0.07933697836498854,0.3860580405026445,0.15738892739851773,0.0824915173128255,0.233105886936844,0.23319731107280978
2021-06-02,0.3093668814813603,0.38703681520474337,0.1585436293259631,0.0067930569731529805,0.38723993153919145,0.15784177200342525
2021-06-03,0.1560893436373416,0.38959778001948675,0.31179679053471854,0.00517910686170122,0.23420124218257726,0.2332439103181595
2021-06-04,0.23630462369531174,0.15946846284708593,0.1602089001859396,0.0052424952853326115,0.3879878098165531,0.23466998420597462
2021-06-07,0.1572945069524879,0.31167653565943443,0.30995952743413446,0.0835552136901824,0.23343352996964087,0.23404016352908877
2021-06-08,0.15570454458674954,0.31001810615934255,0.3862535395773346,0.005472792212652247,0.3088893370982577,0.15740360000191195
2021-06-09,0.31136497306245436,0.38780245407319064,0.23443366262114815,0.004654504955423383,0.3122995561962735,0.2346211019808319
2021-06-10,0.30999774849174366,0.38662155670486004,0.15574951020866457,0.0033281587077641298,0.15667902917724913,0.2345973960572941
2021-06-11,0.3104045199319705,0.3902796640751135,0.3127302147916243,0.0068659397950829384,0.16062881423535905,0.160059274868645
2021-06-14,0.15583709760976966,0.388388370515662,0.1572343661514317,0.0042416106042149,0.23328253695074266,0.23271783079023853
2021-06-15,0.15762255448696222,0.38832265376218467,0.23301353476794434,0.0040513601948297395,0.15642272594011206,0.15777376350167738
2021-06-16,0.3865863583733429,0.38557071396283066,0.31135995599273425,0.003937942569113076,0.15595817763930261,0.15603689423227207
2021-06-17,0.15655096645153493,0.23488531672256452,0.002425817830558369,0.005077122870332594,0.2321872490942062,0.07953985532966462
2021-06-18,0.16025075677232803,0.3942627403705233,0.08841351187404993,0.012338802813208483,0.1566721243698407,0.158139689359002
2021-06-21,0.1581098740959667,0.23212796817535547,0.3864713879443636,0.006413150681703603,0.38771689682302746,0.15846309722066898
2021-06-22,0.23340717409721323,0.3867712171934046,0.3870837864840522,0.007243922603589754,0.3885709888817688,0.15757044250420926
2021-06-23,0.23377848498641143,0.3870863584678693,0.3105126741225049,0.004358807270569531,0.23386920722807034,0.23309970207313097
2021-06-24,0.07957111521070395,0.3114295868472758,0.07933686364138676,0.005328969959374576,0.3110612363292963,0.1572826945713445
2021-06-25,0.0786789831671125,0.23295259970969645,0.23322190571474505,0.005350424976100103,0.07937554620542847,0.07895167499233394
2021-06-28,0.08067035267413376,0.38666193490349254,0.2347351718070067,0.005410495989006496,0.23386182210141288,0.15689253813251966
2021-06-29,0.08207070839329837,0.38577944556102783,0.23897197871439374,0.012194353563464003,0.1587374015655171,0.15898577103271042
2021-06-30,0.15742039650517753,0.38708151840761656,0.3107822895526833,0.003882181211574423,0.23515324377930255,0.23382167978341495
2021-07-01,0.0,0.0,0.0,0.0,0.0,0.0
2021-07-02,0.0,0.0,0.0,0.0,0.0,0.0
2021-07-06,0.4999999999999999,0.4999999999999999,0.4999999999999999,0.4999999999999999,0.4999999999999999,0.4999999999999999
2021-07-07,0.006121879948120711,0.31466450073601393,0.23707926925056128,0.008397290111393008,0.31191288951122076,0.23650373759030896
2021-07-08,0.08372321263667201,0.2403779404977927,0.23567402325765502,0.08502267997055657,0.31496895670672515,0.0823521861024295
2021-07-09,0.002760226158746777,0.15673252527742176,0.38632645593957454,0.006372302920444807,0.23322628888553726,0.07913521705970407
2021-07-12,0.15842216339644,0.23325316573537647,0.3092232758886265,0.16111540224026022,0.3101394056345983,0.08038924590894156
2021-07-13,0.2337095336330763,0.08180293470449015,0.3125001096826422,0.23598638950560938,0.15714218110180328,0.23624000005079276
2021-07-14,0.08329774880521766,0.15985322668093338,0.23667426482556297,0.23693677614076317,0.16014442691264474,0.23543370309172262
2021-07-15,0.15748643351751782,0.2392846797944572,0.23522127549697394,0.16023043532658454,0.15760909877335472,0.15786028228130872
2021-07-16,0.08206908972436039,0.3136100079973028,0.31586923611069234,0.31502526967145306,0.23904918783283707,0.15954630092645072
2021-07-19,0.1608386811581058,0.3923245162397353,0.3912258780129788,0.31135413251283406,0.3159258819869045,0.16103405520277683
2021-07-20,0.16192918077783444,0.23867083473447448,0.31742088674427393,0.08407766142351357,0.23518513558875867,0.08346082378213947
2021-07-21,0.311703202502097,0.23678495343521108,0.39158260101901565,0.012209208976145643,0.3903217668205361,0.08379465818360611
2021-07-22,0.08715539526363579,0.08468959904324687,0.3903312343605255,0.0828550671551359,0.3879906722259936,0.08598463794459425
2021-07-23,0.23380155079685327,0.004511531399443942,0.3118569004289419,0.07943492253065752,0.3113877793041146,0.2335974235823588
2021-07-26,0.08241114228515693,0.23508063536338897,0.3900085855352614,0.006201578065952187,0.3107317573854109,0.15910419827980932
2021-07-27,0.31315964293502074,0.08338663718096798,0.31287278797486096,0.08236171760944608,0.23661033055285277,0.15868683372044667
2021-07-28,0.2371195208305002,0.15901965207680535,0.2349782220771551,0.08170934871188748,0.3881093270641628,0.15812173171411598
2021-07-29,0.23409832733607744,0.31086014767396597,0.3111489210391305,0.08126996544780743,0.3874618794489821,0.15899293790750701
2021-07-30,0.08172034452818992,0.23495661983987376,0.23630344660722377,0.003374821914660951,0.31135952277420265,0.08140265447411485
2021-08-02,0.16453499886157189,0.0854208060626577,0.23948301735957422,0.0060684175918149785,0.161725393686435,0.23666281700824884
2021-08-03,0.0796357134850937,0.1598308155465311,0.3882713033225045,0.0800286092081133,0.23431145739189585,0.07894407861692058
2021-08-04,0.08146541624428741,0.23756503745950205,0.3132048023047276,0.0874127500451258,0.31274956800303777,0.08198381934595345
2021-08-05,0.16235052882896228,0.3101870067556688,0.38961487526108896,0.08270460553650402,0.24008932412555034,0.15675092468147891
2021-08-06,0.1609373444991096,0.31261948362492403,0.23711111783006417,0.011899645769309394,0.15521301497159004,0.23800169078676853
2021-08-09,0.15655273836232336,0.3857297834785983,0.15783118153259337,0.08076880767375261,0.1567517931745166,0.23443830819793565
2021-08-10,0.08012640273309274,0.23551754542086972,0.3128136793332096,0.0813296946755662,0.23279511398869163,0.31196740921423555
2021-08-11,0.08692141594476799,0.2391124197424328,0.23678263907828004,0.1607863032086844,0.16433654510463816,0.23683322254663197
2021-08-12,0.1558335127266424,0.23501658465354053,0.2337296788751633,0.23465472624250744,0.3090062134865865,0.15821681397914703
2021-08-13,0.23781899248000088,0.1614560689042754,0.1633018886744442,0.15676706883393404,0.23995882878871314,0.23339045698583055
2021-08-16,0.08283410745663494,0.2369416737666414,0.1582721890263573,0.15632190878940616,0.38986699197078145,0.004602599238290192
2021-08-17,0.08107644417736226,0.23647485590122097,0.15768419894226438,0.08177428340343716,0.3112919939875182,0.1589636334204043
2021-08-18,0.314853511751542,0.3153175857292033,0.23652442834110807,0.005145619845727693,0.24026165724763182,0.2388591571178115
2021-08-19,0.23487103767792683,0.23597897615729052,0.23433887700004127,0.07971090161712563,0.3874585011527958,0.15801551170475517
2021-08-20,0.15837236036243618,0.23898799716785468,0.23800936021620986,0.08637080644058372,0.1620431881366599,0.08240379192672662
2021-08-23,0.15780434533459017,0.23251188615346363,0.15893458901364407,0.004906869090697333,0.2329010764851827,0.08048164922656871
2021-08-24,0.16017865311158144,0.1601500086225197,0.2342354244663973,0.3110998584928518,0.23287418723761785,0.006252188581710678
2021-08-25,0.16366572349392533,0.16107204461824914,0.3891726742173898,0.08302291208240781,0.16018213980939572,0.08109130475114687
2021-08-26,0.08189405531022365,0.3119539626152478,0.23654517760975877,0.08065463783610638,0.38762304039681567,0.16151523802809614
2021-08-27,0.08231865455607516,0.15835726711222897,0.31240218667020875,0.08048196504174021,0.3127273021464951,0.0815134957459469
2021-08-30,0.08284112823691007,0.3128367247967654,0.23437390254525503,0.08131657962760774,0.159730722402136,0.08165128309692787
2021-08-31,0.2359113217022673,0.3890096256332166,0.2342929544407611,0.08153648171236719,0.15837811609478233,0.08186800848766237
2021-09-01,0.3100150933492772,0.310845955629615,0.23499367783839062,0.08163386765495037,0.3121949434327053,0.1582981971420385
2021-09-02,0.23645293240454712,0.235863152341915,0.39044164985298685,0.08344862780558379,0.15777740262153744,0.15811930739287114
2021-09-03,0.31187416407258667,0.3161094996304134,0.30897019315353735,0.08352983641580469,0.15584639105796433,0.15740803683118748
2021-09-07,0.1609603292196756,0.31442325808881955,0.31431450961564256,0.15747525951142313,0.08292828862974536,0.158078159744937
2021-09-08,0.15972573722591954,0.23425559569395382,0.38843060971061255,0.08155777423408607,0.15821396633057483,0.15931787532527403
2021-09-09,0.2372884148848941,0.23596437026535677,0.3894766973913309,0.1641820535620074,0.3129512469176141,0.23713315176081035
2021-09-10,0.23257867160355422,0.3101048701341339,0.3141477023050179,0.15834379836128354,0.15856356556929613,0.23685790010894556
2021-09-13,0.15768538615862474,0.23330593506782488,0.3112337462620986,0.1592545061505148,0.3102160328443507,0.23519346002686886
2021-09-14,0.16054663622248377,0.23481592886479824,0.31155069008101016,0.1613809147961675,0.23515398022377731,0.08158668837729584
2021-09-15,0.1589424425502327,0.15670749354045785,0.3109340867432499,0.15805090281986361,0.23501606949892417,0.006975411218739985
2021-09-16,0.1568108418266183,0.38658915351519163,0.38659867828843353,0.08239440650571807,0.3123348408130018,0.15828509537003754
2021-09-17,0.2345900796527618,0.15664067576460933,0.3093919826914753,0.15512934824191843,0.15656111548690643,0.07973084808816677
2021-09-20,0.15660510370162542,0.31216292050533045,0.15885668992886795,0.08113932609836384,0.38660167597304557,0.08036217676142954
2021-09-21,0.3876849324793691,0.3878780007611047,0.31230705381115453,0.0818181629717595,0.3874186669683915,0.08152486583972801
2021-09-22,0.3859737498562687,0.2328095968618945,0.3090568942078852,0.08120080495333033,0.3858673385878134,0.15501951425636845
2021-09-23,0.31078880179727764,0.23494945684759752,0.15890813154085667,0.16007871495056458,0.3111692118924907,0.158274450486679
2021-09-24,0.23444502349645208,0.309794456546979,0.3098725541421574,0.15959550565215358,0.388864534963795,0.15875705955061672
2021-09-27,0.15635201461634482,0.3851126646567936,0.15916206157787038,0.08058120151162855,0.38726927583373183,0.15659775526290742
2021-09-28,0.08193991703614174,0.15954729034460288,0.2366615150789124,0.008803967644281083,0.2355698346435563,0.08399651076435932
2021-09-29,0.2365578963372061,0.3129771520635749,0.23621176507481192,0.0053637743714729375,0.23734218215719535,0.23573248788723244
2021-09-30,0.15980092881256697,0.31446725231773487,0.23546124526417742,0.015164810002809136,0.23607327712961304,0.15994151498096576
2021-10-01,0.15678283915971858,0.31007041243191846,0.16003594495608128,0.23481097130978926,0.38636673749133266,0.15643121282353536
2021-10-04,0.23249694771980425,0.3879914977020183,0.15984672506493092,0.01043503844184366,0.386147411370219,0.31285564056727105
2021-10-05,0.23718293464593307,0.2354456450716571,0.1561674381325226,0.15930561980490537,0.23460233848483744,0.23419876496654152
2021-10-06,0.2338085576897457,0.3865099450784949,0.23222791592736133,0.08422950435230385,0.23144307144576695,0.15794516827830984
2021-10-07,0.15666580329796648,0.46344589374739226,0.08187184746822236,0.08424837787613305,0.23439475403518165,0.23154747280517052
2021-10-08,0.15761869527189995,0.31321156472617934,0.15944514604083715,0.16068517510511893,0.3117397149265449,0.1551417652730764
2021-10-11,0.38706455436749354,0.3893634264566955,0.15654562472721492,0.15673107253859012,0.15888365865970816,0.08167474477516401
2021-10-12,0.23430423471510894,0.31083057232897626,0.3097167223612021,0.1598507672532334,0.30956925505799116,0.07891628830759548
2021-10-13,0.15721975514988512,0.3875850091388463,0.15773188792678167,0.08063468517498526,0.23466357057371937,0.15951112344728807
2021-10-14,0.15668203080512516,0.38914460872814,0.1607764943716305,0.23303133189852593,0.3094106636629827,0.2335838453774588
2021-10-15,0.08121083404223654,0.3132957298772747,0.23593038823602192,0.08089564119471612,0.15692074680102025,0.08161225130673336
2021-10-18,0.30930074978629923,0.38658069463247813,0.3120445832914216,0.1568224797279104,0.15839870483038135,0.0787341268650181
2021-10-19,0.08130979327279567,0.3127084154478432,0.006891087380174209,0.08158993338727272,0.3128314391451862,0.2360677189709218
2021-10-20,0.15774633731806775,0.2365317619234503,0.23614357016124132,0.0034642732000461918,0.15886018600270427,0.08181197248797965
2021-10-21,0.08124841045203812,0.15706982755935456,0.3110909469998914,0.08096633997027264,0.1569292457553187,0.07983558264082385
2021-10-22,0.16274273666999112,0.08310938253232172,0.15736577327744528,0.004080020627630895,0.004909454077710491,0.23320036690000318
2021-10-25,0.1560347482669019,0.2345013408926036,0.23356910122369168,0.15944354954667495,0.08033052447155843,0.08320852743287138
2021-10-26,0.23588037928408817,0.08144966009123067,0.15675772403066263,0.08092544406217683,0.15899046483892948,0.08124621274321243
2021-10-27,0.2328027523308894,0.15678388588658457,0.31042521803583145,0.1586705224954561,0.15540030242669461,0.08153800950125642
2021-10-28,0.16142756328201485,0.15792973636819038,0.31233464087534646,0.08046890347103366,0.1622756924369258,0.0810202688236257
2021-10-29,0.23703276259387698,0.39193064035505454,0.38644220752270547,0.0857810387782533,0.08363089199086213,0.2405662206629964
2021-11-01,0.08389850212442701,0.15947500521880048,0.3096014180181519,0.1587945102609249,0.23536410757422158,0.24023621116648738
2021-11-02,0.3099713225459215,0.3121150749639482,0.31067595504796497,0.23803745274996638,0.38712676180972483,0.23498321819193485
2021-11-03,0.15995384862045242,0.23633761335890974,0.3156905466226299,0.08146091138989855,0.30919850965165274,0.08368792650217344
2021-11-04,0.2363421652214872,0.31475807309023174,0.23288782904191604,0.15672011190752694,0.2366339323407168,0.15902161306052137
2021-11-05,0.16112862610785816,0.2365162864180526,0.08707084625926492,0.15533864229404143,0.3146900965903725,0.08261058850121514
2021-11-08,0.2359690994948524,0.39037180664901516,0.23721564230177414,0.08959377158157937,0.31509822783662556,0.23300512737330298
2021-11-09,0.16115613432456447,0.16029006058101317,0.31240213951078466,0.16116060518149,0.3104903025786791,0.08272847359811522
2021-11-10,0.08364902365363032,0.23759438587781861,0.31058870587063625,0.16173093777326944,0.3900175486805846,0.081115787644311
2021-11-11,0.16078246305965105,0.16075576749124454,0.161299955360843,0.08272297751712716,0.23756490569181538,0.3136989423045011
2021-11-12,0.23886492846093577,0.1603021636357165,0.2363906161632559,0.00610014171057182,0.240238333492226,0.08355102702402509
2021-11-15,0.15948517335525933,0.3886588494962352,0.1580557552523645,0.08268059169498829,0.39002941825174464,0.15456904625576076
2021-11-16,0.0812184204265436,0.15714822843230988,0.23429945148020906,0.08279221315936214,0.23423944941025243,0.15862164131245102
2021-11-17,0.1582859573481248,0.23559439516951056,0.3103619792566793,0.08234181338122937,0.3874023771857459,0.15716284046251366
2021-11-18,0.07981371727968817,0.15709215908155433,0.3110225108710668,0.1612902685133759,0.23338580598427927,0.08356010947875209
2021-11-19,0.15752234221683517,0.23608504379893394,0.23466241372154037,0.08395073980337178,0.23462697184333742,0.08089581743570959
2021-11-22,0.15981763303963004,0.2377427722296126,0.1629551160624168,0.08639171311971686,0.24099782627708977,0.23416017096335467
2021-11-23,0.2360909693224737,0.23587909138196778,0.31507619885431826,0.16323309152243662,0.1607642904897069,0.23553443144250402
2021-11-24,0.1566953116604863,0.39272244928637834,0.3136574794792898,0.08293851659443884,0.38804827127933783,0.0893223135376234
2021-11-26,0.30968002238459863,0.15749225111342552,0.3100182700991143,0.08004225857642323,0.31126487305752776,0.08094038659223793
2021-11-29,0.16564038062496983,0.24151634868222718,0.24112663249593744,0.10079352073493214,0.3184577351986852,0.15621666580569474
2021-11-30,0.16076447488586154,0.16116327031464286,0.23539052805580732,0.08855971400377469,0.38699085362187413,0.23836558303610683
2021-12-01,0.15945257423835826,0.2352607075064534,0.23363860459736158,0.160039064938782,0.23723247776693251,0.31024768162366945
2021-12-02,0.2400318208323191,0.3151115984335621,0.3148600201667008,0.16926821255462787,0.31674422830831855,0.31313153441103264
2021-12-03,0.15792655157419158,0.23808499046124887,0.16058082919575017,0.1616436003679713,0.3891983662753233,0.23844130903900415
2021-12-06,0.15840004595465995,0.31170911624020486,0.16183838635418774,0.08464127364032295,0.3115112761979787,0.2332023907103201
2021-12-07,0.0849240738985595,0.23408642266229426,0.16263642304288625,0.09831016735203663,0.38806954270380667,0.08273686310933911
2021-12-08,0.3882827448586097,0.23584885692879023,0.3908600564039558,0.009401412018017308,0.31407224373385867,0.15787846001395245
2021-12-09,0.23411021243349414,0.38742131273424757,0.3889184011349904,0.009373438000062219,0.23513490778200719,0.23420268482818402
2021-12-10,0.23516981015224148,0.15731571966538788,0.23307268578947307,0.004369977105085451,0.23277375452044263,0.08235267732716321
2021-12-13,0.3133179548141845,0.3859953703429658,0.3899221182738626,0.08330008412994566,0.3120919587318496,0.004531158271823731
2021-12-14,0.23799145823641144,0.23958670412477823,0.1637092406830396,0.08746601235346907,0.31253558240302853,0.15913873767397466
2021-12-15,0.15698889484882636,0.2336678513202021,0.23497781221819922,0.1586820899368593,0.23553100021180592,0.1570006015307735
2021-12-16,0.23484660990583597,0.31409149135245296,0.16441544838799452,0.08519380283598695,0.23656437728443414,0.23296434622851553
2021-12-17,0.16105123282542638,0.16011807927105026,0.31577506028515956,0.006246009602084185,0.2383258234702188,0.08573954465842135
2021-12-20,0.2339863512899985,0.23588628512670712,0.08384996968006192,0.007876816814476044,0.15973806510775676,0.15670841976135447
2021-12-21,0.23647823556606076,0.15702200452988838,0.2368073776827454,0.08943401734119173,0.23662173027082953,0.23439125300871622
2021-12-22,0.15927618183798908,0.23466185674044682,0.312790669596254,0.16564947958845733,0.3102154977730705,0.23368167936723808
2021-12-23,0.0035659860607340083,0.08057346645879157,0.16043513440398988,0.16375346636699137,0.15748009230716664,0.15686849652597243
2021-12-27,0.07997107772527093,0.15632917021294926,0.23340099070661208,0.08203143001201596,0.23275496166976628,0.23314953177520245
2021-12-28,0.08212262411994437,0.3863334361680646,0.15871816546688036,0.15928373353503328,0.3119213719979522,0.08113728672643629
2021-12-29,0.23344777411310222,0.3108898037449324,0.07960388402817596,0.005140449398151864,0.23405012447337661,0.15700429225888246
2021-12-30,0.1550990572689085,0.15731632249813834,0.08002432779335633,0.0790211462779806,0.15577167244043624,0.30963811210973197
2021-12-31,0.08071925919221407,0.3106581703304395,0.15809378409027433,0.08075766472260709,0.08099920948926834,0.15719390314120527
2022-01-03,0.0,0.0,0.0,0.0,0.0,0.0
2022-01-04,0.0,0.0,0.0,0.0,0.0,0.0
2022-01-05,0.4999999999999999,0.4999999999999999,0.4999999999999999,0.4999999999999999,0.4999999999999999,0.4999999999999999
2022-01-06,0.39064659986299954,0.390560798904918,0.012001066807012448,0.008779816923378758,0.391403877185325,0.38901627285474055
2022-01-07,0.08224572607248723,0.3885210878198915,0.08556622735905692,0.015390344534632977,0.2372236947064453,0.23477719237912545
2022-01-10,0.1615692676721573,0.3919006376412911,0.24016912459397052,0.0050126150482569035,0.23931756121583098,0.006320860699039393
2022-01-11,0.23465809687119,0.38934343779128944,0.1593248009382409,0.007759780960915723,0.15895488159468013,0.08367723058368656
2022-01-12,0.15851372076350262,0.3870532872576806,0.08080459170538813,0.0037550095892450314,0.08090253433150646,0.23181770956487877
2022-01-13,0.23337634938733925,0.3888742797592567,0.1600063003984658,0.0022116553965986774,0.15712442169093105,0.23411718689808245
2022-01-14,0.1602224780857513,0.3909888358633097,0.15882218663471676,0.004646121351018807,0.16436811667010773,0.23694486979523144
2022-01-18,0.23370671097069645,0.3912937322300198,0.08126883800246437,0.0032612762602185763,0.23723937804770778,0.3103726639693403
2022-01-19,0.23362612847924025,0.23430895713747635,0.08603028776374319,0.003353147237730024,0.1621968144826201,0.3131148071236377
2022-01-20,0.235881241203794,0.3105139566867194,0.08051677143140867,0.005146457003796956,0.23934027763758842,0.314229212597636
2022-01-21,0.23650720161328107,0.387660990027738,0.15743493201773648,0.003808495454502403,0.31204399110142145,0.1571805900041146
2022-01-24,0.08285660026222061,0.3912506693840261,0.007789226134000446,0.005902909459963981,0.24803204097588935,0.15903525333963492
2022-01-25,0.16005518521836418,0.0849129388462179,0.007375309784680338,0.0056611148681539256,0.31387713593901834,0.23594993693169614
2022-01-26,0.16341538710316136,0.31444122176851547,0.23573264796742477,0.0048597201001633825,0.3194844843890912,0.23390212229742138
2022-01-27,0.310684258502642,0.23785574197108272,0.15762215306527594,0.006036966369971718,0.31092014881709995,0.15719141649466306
2022-01-28,0.31352148521258627,0.3942497433904239,0.08426953505120019,0.0839001810915014,0.24393975698968468,0.23884930675761148
2022-01-31,0.39005130650568487,0.23386053745932017,0.15906535641062325,0.007466335536624694,0.2346953541476029,0.38856621948292086
2022-02-01,0.23670923635726993,0.23618045167610588,0.08611765023138507,0.005106989199801355,0.3887705363197445,0.3899136179475918
2022-02-02,0.16022309225094244,0.3125918178380736,0.08234972836703428,0.004940922060565088,0.23915320624553565,0.23550079689507827
2022-02-03,0.38723187486525634,0.3902036675887012,0.011248745570811326,0.005065306807356111,0.16141448348404508,0.3121449335215476
2022-02-04,0.0884910814843552,0.312485138031514,0.08775127176232497,0.005857438138922373,0.3142397672131022,0.39045521552399254
2022-02-07,0.08991884583616902,0.3901666098232509,0.15829254289055372,0.0038515000782070735,0.23535513677703546,0.3094688387361519
2022-02-08,0.23801256951568567,0.3922568489576504,0.08030447295367321,0.0031117957743872077,0.38746794260011497,0.23271989008176944
2022-02-09,0.3143826520471942,0.38976265948236366,0.1590295103738328,0.005374308097583644,0.388605901316713,0.1587179265301051
2022-02-10,0.2364660542666847,0.38912105200777286,0.08162823598037156,0.004456750822859568,0.38541925104453695,0.1600861141261103
2022-02-11,0.31145696432956493,0.38935100229082775,0.004563822237575434,0.08035288085841824,0.3117411538783006,0.1572499409590315
2022-02-14,0.32343928924503385,0.3919492678150617,0.08612208476003799,0.0050219460797256005,0.23992906597639574,0.2334655756321497
2022-02-15,0.23385857408730978,0.38759047273180636,0.0809395322521409,0.00277186769612367,0.3867772645782811,0.2329285635958808
2022-02-16,0.2397899451754888,0.3847745634821956,0.08230650121216776,0.004199535566335635,0.23727421255353676,0.1621264359328682
2022-02-17,0.3864316518408243,0.3873276327603399,0.0818466833419624,0.004849508038867037,0.31080442078047305,0.3120571476399964
2022-02-18,0.31431887314161777,0.30938753303816546,0.08211521621801313,0.0026684701714765266,0.16034201529447356,0.15967899779488748
2022-02-22,0.3879752939289457,0.3154627111377323,0.23419265239986817,0.0020625366553927646,0.3133319453085287,0.3876041262788426
2022-02-23,0.31168250878206427,0.3911311729501009,0.0838464606208528,0.003060467515066133,0.15755571491712345,0.16132406786112763
2022-02-24,0.15797007205456703,0.3880413741925613,0.158829634765618,0.004080908590622198,0.004280282174448584,0.15899082507314946
2022-02-25,0.1645078996696157,0.3887022905741059,0.015490194051977449,0.006246994046519745,0.3916720677439708,0.16283386586698304
2022-02-28,0.23362551185146735,0.38885376864112886,0.08177557489536123,0.08163700075601824,0.38774504514954294,0.38748261459132816
2022-03-01,0.08096716603315982,0.3922564604861071,0.2643529436633989,0.007821620353530082,0.38787686015079426,0.23425859155091294
2022-03-02,0.1657424563197742,0.3883090018745622,0.007833655222832865,0.007781944325530768,0.39443412598156835,0.08404214744765967
2022-03-03,0.08193993341262382,0.39151060686282857,0.1606914977679139,0.006061578065954136,0.3923034245164748,0.23322825237042608
2022-03-04,0.08428149753356776,0.3892492740653598,0.08690395686381922,0.0034165928146115895,0.08408727384360504,0.3137718467799757
2022-03-07,0.1650312529755585,0.3895218646603986,0.08708392047605425,0.008606112198271676,0.09007271052372634,0.23682812954909171
2022-03-08,0.24845739345987017,0.39475483337256123,0.09077223752355665,0.007588652588687808,0.2410076288012104,0.3131916923611334
2022-03-09,0.15982511308350247,0.39124520147512243,0.08466317199091739,0.00780936803468045,0.3110218445072229,0.16469266222549925
2022-03-10,0.23670851108735952,0.31146562422263885,0.08514211092213927,0.005219565843905524,0.39048166328937695,0.3889459699840986
2022-03-11,0.08374535021961835,0.3861411154103168,0.08471011386930014,0.004159072435936405,0.3120101173793407,0.233018603976506
2022-03-14,0.08140961328992063,0.38824264876102554,0.0884664607204445,0.004795233222373456,0.23658830371522932,0.15799500593572208
2022-03-15,0.08613573524970033,0.3916043073789437,0.08955973997788354,0.00588017940711795,0.16057698966456904,0.15942065985694592
2022-03-16,0.08941114669022768,0.3866741292553568,0.08098770335558564,0.0055202024739763045,0.16216451206685178,0.0816786347409684
2022-03-17,0.08611670820365627,0.3896141842237996,0.09118571447392747,0.0034969768464783862,0.23860378544859004,0.16087067663061483
2022-03-18,0.15843457955857365,0.3865338988695177,0.005413676988260931,0.006171252793125123,0.31418523109689955,0.15597738542340678
2022-03-21,0.31229564930708437,0.38788044178965314,0.008096500802045749,0.006275189351873864,0.15823510434463126,0.16069106162179259
2022-03-22,0.311422240158827,0.3862531749519893,0.08213287944707648,0.006164866085212918,0.16201947850332135,0.16030879303120005
2022-03-23,0.3128081026088449,0.3859738947838996,0.1587548449565054,0.005215809829553511,0.23430578363365773,0.08044137531768265
2022-03-24,0.3120963557926199,0.3871792562890589,0.16317969683956587,0.004974015652498838,0.15894975853909576,0.08245607167990143
2022-03-25,0.39554574407407717,0.3876645204821093,0.08566769098468915,0.0028457157782480133,0.16086820311034566,0.15801670338491655
2022-03-28,0.23748791406911202,0.38759190985565883,0.16041504607160806,0.0026214151515577613,0.2355760268616951,0.006467343409542338
2022-03-29,0.15736900546221888,0.3105257388017103,0.08271271100886199,0.005390748075528931,0.23578664925535872,0.15778683083722467
2022-03-30,0.2395731190886225,0.38823596249442016,0.008284199105665448,0.006279376320493142,0.31193490624297693,0.1572483447639861
2022-03-31,0.312582159211528,0.3898440454804448,0.08272077578286338,0.004787419940440324,0.15843220488118348,0.23949289988852157
2022-04-01,0.3162107624287436,0.39048460375313376,0.0824352777367129,0.0029691237253584232,0.15812158837211243,0.2391058020638705
2022-04-04,0.23724063737452572,0.3853798943171914,0.16510082234746104,0.0036175422905891583,0.38927151084578104,0.3103993937076474
2022-04-05,0.23507602306850675,0.38818832921235114,0.1569620741435877,0.0044179392214147226,0.31057347773874044,0.2373791625452462
2022-04-06,0.31251550913549175,0.3911844149665671,0.16341719639396873,0.00702913949868586,0.3921252334309201,0.15851124201548866
2022-04-07,0.3897912531165344,0.38852906190355596,0.23587106413608677,0.009987156063721851,0.08484298722240605,0.31474340829183145
2022-04-08,0.15855734796568569,0.3891405510763727,0.15688510658950633,0.0040372987105235306,0.1587571523589384,0.15689231997696518
2022-04-11,0.2410989823294598,0.3875635708749573,0.08499023567562577,0.0038871982579707157,0.16140564009081448,0.23658256718172685
2022-04-12,0.16100049800675945,0.38894469844283674,0.004281374597629714,0.004602499737012884,0.2420040883848174,0.1597258175255081
2022-04-13,0.23727759613909055,0.3861297891972374,0.08148967440015858,0.005008492909622152,0.15925855644953474,0.23544742897641904
2022-04-14,0.23842635111190183,0.38563076595398726,0.08074312110857595,0.003966285797756389,0.1608525478310663,0.0794857676588653
2022-04-18,0.2381683874111265,0.38806484876943925,0.08208277523381098,0.00287498369593598,0.31150066515324526,0.23352706724731176
2022-04-19,0.23760488338495833,0.3878007082930267,0.08373065178765311,0.003645166453175433,0.3145872737458302,0.31003110379904875
2022-04-20,0.005810279685445244,0.38782291640077515,0.0805474968381548,0.004803912779496586,0.23621505200364568,0.3106728247294836
2022-04-21,0.23531793706491408,0.3846153846153846,0.15934366605281572,0.0037493598198800465,0.17975027231516813,0.3117332997983217
2022-04-22,0.15953067093553053,0.38985946069300087,0.00795029019486479,0.005944840148175021,0.31451311064868437,0.1586454108922319
2022-04-25,0.31019019117461233,0.3870555742955329,0.23395820962151878,0.006565104619718667,0.38831980535773436,0.30940367999153034
2022-04-26,0.15552246712798024,0.3891861383150923,0.15959753975016314,0.0047299228187441394,0.23757342391932423,0.31330635891728303
2022-04-27,0.16312715875710443,0.38750769446682937,0.007302527337107227,0.0038788763107042087,0.23801088521279098,0.16085613946015437
2022-04-28,0.23438500154133945,0.3907976418349355,0.08022617044659258,0.008003378257551118,0.3106849690441086,0.23422461982521675
2022-04-29,0.1617951501134814,0.39220295024068447,0.09462943715346148,0.004914573699939841,0.3921885285711204,0.23994213642681778
2022-05-02,0.16443299255303925,0.38588557674008694,0.15915707834645734,0.012589657082727197,0.15613115595792,0.3100999451785862
2022-05-03,0.3905229062863037,0.38852292132936433,0.16406645266678638,0.004692521386389398,0.23469286386933047,0.3108032194544549
2022-05-04,0.16125656896546617,0.3875805867318901,0.1604624350760905,0.007825623828406146,0.15486125705243955,0.3109452018849629
2022-05-05,0.3910606960925401,0.38932939354177926,0.0902765426387761,0.0068154315150363715,0.1564336336910071,0.23575412186008163
2022-05-06,0.3144276835245427,0.38795133331177145,0.08545927537547411,0.0064367610111106185,0.39084603823878494,0.23953498313215482
2022-05-09,0.30988029072431045,0.39600779248734685,0.15619968400641468,0.00664460365982858,0.31779218108312124,0.4643221106490471
2022-05-10,0.3967508368986019,0.3984685526114038,0.005793893434790476,0.0075918283453037805,0.23408871283325086,0.16290182686972643
2022-05-11,0.3868420093203553,0.38685648460119293,0.08450399626794275,0.011945196995728151,0.39201373756606556,0.15820134222574456
2022-05-12,0.39213236440698473,0.3926215073882581,0.2356471521416002,0.005831394527715805,0.3150416062879796,0.31408764054234073
2022-05-13,0.23867027666180124,0.38744808570652134,0.08185988516022617,0.0045248014611736845,0.39139740394038935,0.1653220181197084
2022-05-16,0.16235766494049914,0.3954319478081112,0.15908373388562233,0.004104171198104696,0.24033787116570007,0.007587308678218288
2022-05-17,0.0802138710460582,0.3922570233363841,0.08235247265390495,0.003543601780920176,0.15937446622450482,0.23676749516199708
2022-05-18,0.1595169271573097,0.39323062715096024,0.08103401730335724,0.005560740885196466,0.16018002760507707,0.31271528464693865
2022-05-19,0.38907708828567433,0.3915622152860656,0.08665876914876253,0.006527918852412315,0.23650246859631865,0.3201217959950136
2022-05-20,0.38966761714488835,0.3892206141481656,0.1598683755023496,0.00632458467108208,0.23563923991935548,0.3175816429350079
2022-05-23,0.23778257869628544,0.3907659767061514,0.16136448271332912,0.005971229964522234,0.3124775387326516,0.23484017571535576
2022-05-24,0.23520389518511128,0.3886079965667722,0.08251516811183712,0.004743548207441758,0.3916814089805948,0.3137601138306113
2022-05-25,0.23816760949491234,0.31794416071762094,0.16177277613832497,0.008313667907782901,0.24328512859256937,0.16372506267099354
2022-05-26,0.3892329009418442,0.38885785070867485,0.08474570630940982,0.006255704106555009,0.23478943195555319,0.2413964422850822
2022-05-27,0.24119440201584785,0.38942465746283605,0.007684568546494665,0.0075229005869900875,0.24342207428592774,0.08558217485193884
2022-05-31,0.3860779783154684,0.3878892668337591,0.16248986918872504,0.0035106887888407337,0.1572545190466464,0.31432022811664273
2022-06-01,0.31171862492473174,0.38781642972304164,0.15662500059410459,0.003939406572370144,0.3115457508817453,0.08207945505928782
2022-06-02,0.38720828987367367,0.4664434001677467,0.23711464851539674,0.003961540735156491,0.23458914584661067,0.23414535187959895
2022-06-03,0.39158725617617757,0.3918038603839422,0.16381811130535073,0.005189732629824521,0.23434060295580067,0.3123251470906567
2022-06-06,0.3123097929244155,0.3901919415305896,0.16136330136746313,0.004478100637236693,0.15926245487698587,0.15671097686525756
2022-06-07,0.30875695630977945,0.38723765033155255,0.08419516723949362,0.006034881697795931,0.1564583480268449,0.15711835830247234
2022-06-08,0.3121504152199829,0.31040162869782,0.08279437587325642,0.0035762732435094674,0.2348105917641909,0.08148810874099563
2022-06-09,0.15756139223315002,0.3864839687885884,0.004192881454918092,0.006295512917586253,0.23695824976643973,0.15810247392334803
2022-06-10,0.3892424956461168,0.38990866227771537,0.15927830021952627,0.0034499758886912396,0.3936345564590734,0.23496581738194577
2022-06-13,0.3951709193110067,0.3918512639753441,0.23796571937847233,0.006485345065505216,0.3150315507098292,0.23724528805159034
2022-06-14,0.242844238747095,0.3885346460484237,0.0827520399063294,0.004007239417226853,0.3183167306553666,0.1578886705476103
2022-06-15,0.08508573913943318,0.3915145442460407,0.0841921716389494,0.007048455609422306,0.16216369011943785,0.15802403653131045
2022-06-16,0.15951260798928898,0.38960093399970275,0.07996158193462369,0.004657551384866079,0.314477944214286,0.31224053651392364
2022-06-17,0.16874163155113736,0.3897910276838067,0.16047889018233924,0.008796048840717337,0.3913781192108743,0.16137866034936046
2022-06-21,0.23955150149160676,0.3873120284290481,0.15875273277077487,0.00861191266022597,0.2384872225967498,0.23484995407815396
2022-06-22,0.23227906483342886,0.38813444144648035,0.1608277423947324,0.00863973869385707,0.23505964602925178,0.2351829377051825
2022-06-23,0.3142899957980152,0.3892738365131273,0.08244862032314325,0.008294229183391011,0.2371769028107472,0.3104659010196928
2022-06-24,0.23850890672483654,0.39472969599634544,0.16530131226531267,0.008283100425903238,0.16227526966843825,0.08555462788265566
2022-06-27,0.23822335502394906,0.3916833138685375,0.16036160485046955,0.006785954588229302,0.31442745674518435,0.23332391705031102
2022-06-28,0.2339724485346,0.39093737339324475,0.15655621956144933,0.006607696145821074,0.15783626109106097,0.08056513836989351
2022-06-29,0.08940199414347368,0.3923120394035234,0.08205587587969292,0.006658694853532217,0.16140735550189667,0.15714036008039547
2022-06-30,0.1665504176522388,0.39300862829472183,0.08389337077950726,0.006462890783127652,0.32162183614182893,0.15938573775046208
2022-07-01,0.0,0.0,0.0,0.0,0.0,0.0
2022-07-05,0.0,0.0,0.0,0.0,0.0,0.0
2022-07-06,0.4999999999999999,0.4999999999999999,0.4999999999999999,0.4999999999999999,0.4999999999999999,0.4999999999999999
2022-07-07,0.15858245153253311,0.23512074394847682,0.24262189842451315,0.2324165961424706,0.15685172641016087,0.23686949970075813
2022-07-08,0.2372265638532608,0.16221355075000993,0.1598312400851724,0.07983732536510241,0.31560357078235535,0.16333656401203608
2022-07-11,0.3099168713742795,0.23367441777333742,0.1568940376706382,0.2332509814421622,0.30937440745868744,0.1557992881669324
2022-07-12,0.15785040162035832,0.23388931972756477,0.23511420996245558,0.0033073950842566827,0.23670165758246903,0.3102271347210741
2022-07-13,0.15539226742058834,0.23600956412380772,0.15927273686827714,0.15689262990415828,0.15561579147453516,0.3119984280050471
2022-07-14,0.1574784139445179,0.1568817700192648,0.23170187833113326,0.15634500346437416,0.3116061504236805,0.23395920323598418
2022-07-15,0.23620102820049352,0.16140078931100438,0.2382822744320074,0.1590644840741407,0.23376536963482347,0.3132701902982795
2022-07-18,0.3848085269534323,0.2341702686657222,0.23315619791948744,0.3115232528359877,0.23200485362015183,0.1557784104704094
2022-07-19,0.2328918402581078,0.15586636578813873,0.3125859965693507,0.07931327297812293,0.23526236608508763,0.23283370746586612
2022-07-20,0.2350260378075477,0.1609578664800106,0.1573528556775641,0.15567749092418948,0.23610851073468966,0.23271921789381508
2022-07-21,0.2341398319328732,0.1609237374500761,0.23582332094458544,0.07888756201940551,0.23313269076839943,0.30957762215487644
2022-07-22,0.15887426052376766,0.31410376254991124,0.2380622828614909,0.15516368682760792,0.30860717518115444,0.23682456341611421
2022-07-25,0.08271200563919023,0.39231732746589576,0.3888315446561903,0.15573083856852174,0.3128753484103602,0.23734519798110953
2022-07-26,0.15661811204347192,0.16409954769777907,0.31199777619294233,0.30865174774577964,0.310714333794845,0.0818367853048704
2022-07-27,0.23829663765429004,0.30950178537838735,0.31297942198954515,0.002128583826742754,0.31544249784420675,0.16342173573557334
2022-07-28,0.23470473180323584,0.3870172361778709,0.15638751379174162,0.07844549565076683,0.1650029579080746,0.23521505570448886
2022-07-29,0.38928194419453516,0.3145627361623019,0.15920746500300512,0.23545925034373563,0.3923709741683794,0.23528200416815687
2022-08-01,0.31251742596763743,0.15855847470668352,0.16108517607222278,0.3912588036774533,0.38821008734604623,0.15934289004269997
2022-08-02,0.15544688170810866,0.08167721886315021,0.2349939016179643,0.23361978026333718,0.38644676547715207,0.2323143754434153
2022-08-03,0.15871334540263976,0.1590077097150956,0.15956506043355909,0.31219633054875984,0.3099266335399902,0.3888250352370269
2022-08-04,0.16276436778238665,0.15826461774796782,0.1583941060989115,0.23418849267389857,0.39011074445642047,0.15854692446774862
2022-08-05,0.30949533023752407,0.3093297947663991,0.16755297823182294,0.23426129807807589,0.38606951753060026,0.08072736650394002
2022-08-08,0.31213496568911814,0.3132035817788337,0.1588612896236634,0.2316795509796207,0.31283209614760643,0.1588223875197337
2022-08-09,0.31313799478329474,0.3110922756430674,0.23411165124013983,0.07846089931345113,0.23538383790063044,0.23399734258823454
2022-08-10,0.31952832996465064,0.23968387593179583,0.24050169992894704,0.0801255918597732,0.1618333034514271,0.23680961525364488
2022-08-11,0.15842803214117218,0.23609056535425604,0.23569205830045525,0.08043101801693284,0.3877559640398746,0.23366663912893115
2022-08-12,0.23626962639549373,0.313024976036842,0.15933966311696077,0.07978555867270443,0.23334302528436604,0.15636101803049332
2022-08-15,0.31173849351073335,0.23355347954746328,0.1604546789383068,0.15708624551351827,0.3109762459735463,0.2344982134697908
2022-08-16,0.2341852458579125,0.23292586765196588,0.23502151820687173,0.23332393919228114,0.23392332183442835,0.08038351943939756
2022-08-17,0.23634246405067844,0.3871415803383674,0.3120353955341284,0.15658179131092087,0.1580524885515379,0.23528441202912181
2022-08-18,0.3875802678031701,0.16040903890558417,0.23250614736870112,0.231251004606075,0.15679617799475187,0.23463216414183394
2022-08-19,0.3857918636484001,0.3088775426618944,0.3095639663650958,0.3082274634811537,0.15865805422072948,0.23615686590953738
2022-08-22,0.38920529881271393,0.2361089182793254,0.08524958083491327,0.23181739393184686,0.2368201686582611,0.23557001776888
2022-08-23,0.46477380316635064,0.15872177067637813,0.15854346454770865,0.2320598860145796,0.3122472326822505,0.3096746633331434
2022-08-24,0.3865583314794687,0.1581064944414055,0.15984565569863257,0.23478216986290845,0.2321149422324567,0.38706743530798005
2022-08-25,0.23285074662468572,0.30955446378603657,0.15852271619912933,0.15481029760362022,0.2323546464736131,0.3103278202736119
2022-08-26,0.23402085071861192,0.08254000356972838,0.23650232449788416,0.15624488094430983,0.3115051429775367,0.31241923427037993
2022-08-29,0.2391138184629664,0.0798877185909872,0.2370515332546668,0.3855979540256237,0.3128860069001511,0.30982826003694464
2022-08-30,0.23444024736444025,0.3100183464924753,0.15886435678067012,0.38508000481793675,0.31052199433499567,0.38805187657811924
2022-08-31,0.31260263598853155,0.23355501236718523,0.38552979161819156,0.07859389178765529,0.3109648785913486,0.23224953422446432
2022-09-01,0.24059577343662472,0.38693277527464925,0.3138161294570526,0.23196668769241863,0.38637187736139456,0.30849787645474486
2022-09-02,0.23512934855993778,0.08299135239565963,0.3106174399497395,0.16067907238916845,0.3918262323698555,0.23296471854436654
2022-09-06,0.3867783041126223,0.3857931282857139,0.31233054990350206,0.30851851998827196,0.38731528140558136,0.2322731809336014
2022-09-07,0.3113931780575967,0.15763703626928666,0.2364624631992287,0.31158572339046464,0.15604449113127464,0.30948895810460264
2022-09-08,0.23500029222553465,0.23482237762858613,0.16117534011869036,0.15633613317687933,0.2345574454000249,0.31196801464037116
2022-09-09,0.31050776024766247,0.15499600545262993,0.23674650704757944,0.3885996835772328,0.15766936058461997,0.31102598353196803
2022-09-12,0.233713420561199,0.08261007901744832,0.23626581268902774,0.1565946371318993,0.15907723950104652,0.15668485048254144
2022-09-13,0.31150933532319336,0.23560712509349377,0.3095563660561758,0.15874192506791218,0.23435343944313333,0.3102749319627697
2022-09-14,0.23588564952702656,0.1587290460610103,0.16277862474665983,0.15727140619923877,0.2336313571798712,0.3134706650501603
2022-09-15,0.3132513048862397,0.23436288375231343,0.239924626745349,0.38867491511782537,0.31779275740229723,0.23361186554237726
2022-09-16,0.15896000309980027,0.3885240397838541,0.3863476950559607,0.23849314941017347,0.1569085942896899,0.15711097816739783
2022-09-19,0.3099700231358697,0.15681151313798805,0.31077243581044334,0.23332054889017656,0.15895115876972837,0.15723923140404897
2022-09-20,0.2335350481425504,0.23451094515785956,0.23483326090272563,0.07883663598385751,0.23433429641624823,0.31101263262796963
2022-09-21,0.31176431679015926,0.08362408135279847,0.3877271024943617,0.15557016521997766,0.23400160226513528,0.2347059903190291
2022-09-22,0.23410895477361549,0.15561018372599314,0.15760451006797147,0.08391864447420339,0.23331918340859684,0.1550198463156673
2022-09-23,0.15881297102516553,0.16055690494186628,0.15766013766365694,0.38804175885920195,0.3115818857148463,0.15818328435751114
2022-09-26,0.15954060947160661,0.387408784150048,0.0870003239594842,0.15647012206251046,0.1589612178273748,0.23351210364348746
2022-09-27,0.23583423329997533,0.38827427620356564,0.15954109073018263,0.15595245675770036,0.23375963665570787,0.31209155572145864
2022-09-28,0.15896205287996665,0.23577285752867694,0.08300581258322698,0.23349472831406082,0.2375463900959398,0.23332966968397198
2022-09-29,0.23261434477347712,0.3120612870407049,0.23885228102825717,0.30921886881259375,0.15658789826608907,0.15639888159461562
2022-09-30,0.3105143010191406,0.31255881577770966,0.31481640174460834,0.07964654487302866,0.15696176772871573,0.16059779338057356
2022-10-03,0.23609686208380795,0.2352405070187115,0.23176032804535018,0.23304785733946026,0.15886725281135455,0.15693661539509732
2022-10-04,0.08346781794003919,0.23509352434046618,0.23552480012728091,0.23431470862159598,0.23678025176778622,0.2336325794541876
2022-10-05,0.1582161308371952,0.23675374689222534,0.1665420739442773,0.15707149132556675,0.3104798616322923,0.15964562319414635
2022-10-06,0.15692932404389284,0.1590563918834822,0.3892962052721728,0.309839101268879,0.15648509232025415,0.1572267491976786
2022-10-07,0.2355189216760625,0.23370441982559792,0.38877983287329576,0.08018838697657096,0.15717750639015726,0.1568633001515249
2022-10-10,0.23686018973458772,0.23357752518746483,0.3094906785696879,0.30866254265578735,0.16091981097715563,0.15873543706265753
2022-10-11,0.2401181292936745,0.3111997567958208,0.3229766476570798,0.08173176050822288,0.16127414212850538,0.08423069697381533
2022-10-12,0.1635784047626012,0.23668215059843664,0.24142085807515473,0.23367912427192897,0.16315528020036194,0.23511498465688477
2022-10-13,0.1595232279105488,0.15971490833295438,0.31676941558534844,0.23324363349122398,0.3130080445011782,0.30929631057480567
2022-10-14,0.31048509970315075,0.0805876879253008,0.23608496632102072,0.07955729196558316,0.15784065012681056,0.23528569100353586
2022-10-17,0.3137745432611315,0.08437959895285224,0.3903677969584415,0.3853579377290182,0.24046084010234633,0.31183244586524805
2022-10-18,0.2368599891926274,0.23511437066183058,0.23588382662715826,0.23409501631602309,0.3884512919798459,0.23625531307259925
2022-10-19,0.3099415358523805,0.08101693015206529,0.1593715377935173,0.07925982762238548,0.30968194816514055,0.38869518819280335
2022-10-20,0.15954065881144805,0.3878054266788651,0.3881833522081034,0.003267805415105289,0.23540263406533093,0.23817073460271826
2022-10-21,0.16160723872250754,0.3099608219932699,0.31334987013915705,0.15670952708564362,0.31495481666166747,0.3142262030577452
2022-10-24,0.31077863876482514,0.1592969906729249,0.3100648552713547,0.08041093793720147,0.2368925493904394,0.23612584218889449
2022-10-25,0.3130480192676406,0.31210205201505137,0.2364283086390383,0.1565551003491226,0.31055429518162114,0.3852080723981498
2022-10-26,0.23486083613234113,0.23871677694994187,0.3127542664388093,0.08085861029905364,0.15890540009985235,0.31214260758490836
2022-10-27,0.2369598742825824,0.1662543989712064,0.3143087429487884,0.15690421700952395,0.31258784523979155,0.31171546534862715
2022-10-28,0.2351857608767015,0.3117551192660187,0.39384067206035056,0.002956427608696327,0.38538457143061644,0.3090011808687484
2022-10-31,0.1627603476924669,0.2350186092418597,0.23614962048298613,0.08130906042463326,0.08268274237612677,0.16343441013670879
2022-11-01,0.1561776884033264,0.30989515684128544,0.2383533409458718,0.23270465106990046,0.23167201478507557,0.15653778533324084
2022-11-02,0.2338098651370242,0.16188799292429604,0.23482182014726463,0.0800518760545699,0.31139028828341125,0.1609426846504158
2022-11-03,0.23427535138863997,0.3112726831451309,0.2328835080796035,0.15730096604907265,0.38822625293850743,0.23336156899378754
2022-11-04,0.23497950014065222,0.31108004333175837,0.31383652438701093,0.232149373663863,0.23541598224953786,0.3127017732838302
2022-11-07,0.16282218762461598,0.38982274772468184,0.3143280129072856,0.08045048685478332,0.23969918759503756,0.16195730463419264
2022-11-08,0.08223583556112236,0.3093563146242483,0.31378258547723825,0.07909355870754287,0.23482707048742302,0.15790012603342482
2022-11-09,0.16086835237270464,0.38829623700677485,0.24027106128957518,0.07944594619307736,0.2356419622978371,0.08071200098504133
2022-11-10,0.23911877302467605,0.30930762948423,0.23672204606482092,0.07904758758492539,0.38497534022147917,0.08425076349344333
2022-11-11,0.3113557704892484,0.1617422804565417,0.15897557390774864,0.007018826982969191,0.16713353936466388,0.1588834315008848
2022-11-14,0.3092829602817446,0.31399491399674107,0.3129906541357931,0.3125728203553765,0.39089683450902796,0.38552853765075934
2022-11-15,0.23750854922976972,0.3125358350866711,0.2414465498362579,0.46456940728487406,0.3881944362521379,0.3142917514245105
2022-11-16,0.08259360571253282,0.23528075686487962,0.23293241331405462,0.08242794441980342,0.38783381545586826,0.15660817234368674
2022-11-17,0.17379355870741173,0.23387045111304258,0.23964707430657572,0.15533908967583177,0.31558823576068945,0.24044564303005583
2022-11-18,0.24114842828526228,0.15890390655223968,0.1664860938457202,0.15623719842159,0.31198171486684173,0.1586321146441074
2022-11-21,0.312226274326574,0.15639111967817051,0.23409668969870057,0.23291248279069252,0.2341170320660629,0.23461627158137344
2022-11-22,0.38725806600020984,0.23393563649377958,0.23513860417984275,0.3105387406657809,0.3869111124688026,0.16120123985552337
2022-11-23,0.3908079467328391,0.15585886634964147,0.2350358386048695,0.23218250596407475,0.1575565932193596,0.23941367837117003
2022-11-25,0.38665965233098215,0.3873816959577956,0.08192874789001228,0.15504905448744594,0.2322715833465114,0.3871652875795884
2022-11-28,0.23416532660946918,0.23237009596921127,0.15679785391846118,0.07835080566876118,0.2338281242209194,0.3864973046973281
2022-11-29,0.23479587832718612,0.15812677188584118,0.15900450452680942,0.0794080875239255,0.3113810916737757,0.23725181360104963
2022-11-30,0.3871098641971356,0.23388725701651092,0.1579106440753793,0.15749978329889908,0.38622209889054365,0.3108525172701907
2022-12-01,0.31366978378491456,0.15900077655552705,0.23883611563032053,0.07830730802633545,0.1590221476769192,0.23689538727585865
2022-12-02,0.3092272819571359,0.3091442422249998,0.3918365253067356,0.23232340257725695,0.23834109577963045,0.23673678528206477
2022-12-05,0.23419167686500275,0.23264979688853882,0.23339802761668052,0.15570157316705827,0.30985992199863754,0.23435385611141765
2022-12-06,0.38672558663168727,0.08233681945377473,0.238748637672241,0.15699988828158784,0.23756483879218596,0.30994774603513314
2022-12-07,0.23307055487326978,0.23424374025622452,0.15837269986169877,0.2321459116135193,0.31024564093308526,0.15771147984617906
2022-12-08,0.3106264230442837,0.2352588068823563,0.38602496553181437,0.07981036625077867,0.15580188007852128,0.15803784884996686
2022-12-09,0.3869368041652935,0.3939935236465846,0.2365936854503113,0.079245464500276,0.31115713838581205,0.31200617039983036
2022-12-12,0.3085898833798119,0.3104663759358226,0.08045098599514966,0.1562940952053744,0.23352958986393926,0.3107944807729408
2022-12-13,0.38637939690033496,0.38610463382634375,0.1584624241543628,0.30852610929645913,0.08068622946751476,0.38602753752441604
2022-12-14,0.23614151178589113,0.3876656851079918,0.15976128914570195,0.2328729012989734,0.2344059411189599,0.15617915112844294
2022-12-15,0.38648157177229236,0.23345477167490683,0.15665050564047686,0.3080505425134107,0.23306684180260925,0.15848937861787205
2022-12-16,0.31173109233488383,0.3141795439780971,0.1632307149745247,0.08015036347185994,0.15993884497686336,0.0837513406101276
2022-12-19,0.3862913870695127,0.31292971832470196,0.15957573162138125,0.08165280852796572,0.3865146890409861,0.08072482088459253
2022-12-20,0.3881496796148619,0.3885943357619855,0.31003835524501666,0.23276398947538599,0.1583387931955706,0.2342391618663736
2022-12-21,0.23386049691195648,0.23259294040392173,0.2353547058374813,0.15666474490670382,0.23291585761952976,0.23264460162482548
2022-12-22,0.15802237828129828,0.23771795717388622,0.23517347225291596,0.15681594659300527,0.23343121466060224,0.23472399855747703
2022-12-23,0.08767298370479386,0.1574678305515104,0.3137089347792944,0.15561925863946247,0.31586544623031076,0.16230754425587363
2022-12-27,0.2331382745547167,0.30924082342757586,0.38619355225731294,0.0781408579130024,0.3089578787503385,0.2330372209012556
2022-12-28,0.31013145138898107,0.08425371726508943,0.23381638532110655,0.07872418806569995,0.15791112014972153,0.15686586020961052
2022-12-29,0.2332875972403881,0.23338598690093723,0.15805509517308217,0.07826014156643099,0.15560386230384612,0.15691931717747132
2022-12-30,0.3881115132774139,0.15861055053833403,0.15825513258446514,0.1547878808581586,0.08328216757807921,0.23567824831999307
2023-01-03,0.0,0.0,0.0,0.0,0.0,0.0
2023-01-04,0.0,0.0,0.0,0.0,0.0,0.0
2023-01-05,0.4999999999999999,0.4999999999999999,0.4999999999999999,0.4999999999999999,0.4999999999999999,0.4999999999999999
2023-01-06,0.08474431411928227,0.31176365802664596,0.15774967967864448,0.005163813780509528,0.3111425375674634,0.2356659033652494
2023-01-09,0.1568179510236609,0.0795923035193183,0.08546892087302835,0.00507208351782696,0.3879385267447862,0.23148441259525865
2023-01-10,0.08404943883645949,0.3105903779796586,0.23629370045027126,0.00920865181039731,0.3143128473285101,0.1566451511796928
2023-01-11,0.16121258985901146,0.1607349344887776,0.004240329668633656,0.0065984480493370135,0.23653752940278336,0.23475702819675837
2023-01-12,0.08737282849842942,0.08356756270306898,0.15701991702766116,0.005213339475586887,0.31318633242920213,0.08152004268244067
2023-01-13,0.16267030973965046,0.2398641519109496,0.08209510545317028,0.009915403277261196,0.3138928128453211,0.23719340456517835
2023-01-17,0.0804222242269278,0.15853007619379425,0.08029076716268968,0.007068055355247807,0.31336530461914425,0.15579808775742718
2023-01-18,0.08321064643599146,0.23321279703103492,0.006325321488943651,0.00927756068005689,0.23435418792539872,0.15576576959089275
2023-01-19,0.08307525597004241,0.1569323898989946,0.004590122684268873,0.006991405540186867,0.15789144410497205,0.08191320885041645
2023-01-20,0.07972466845050952,0.1576438503703878,0.08479948355013461,0.008175535103052224,0.23344096195751907,0.2347113631141853
2023-01-23,0.0821896067926127,0.23395472103397671,0.0814892772176275,0.007888244644398572,0.156898068014295,0.23606910027962513
2023-01-24,0.08147137388313219,0.0811930035993722,0.007830067590666692,0.004734801227174373,0.08429141140492635,0.08185445831499814
2023-01-25,0.15655293305787638,0.23385418146669176,0.08135446620290569,0.004697789806249263,0.23496263706584103,0.1557204184187195
2023-01-26,0.15658104698617276,0.15706004606974786,0.08214714673530953,0.004090842581133146,0.23288082174225516,0.157566526689969
2023-01-27,0.08219378645418732,0.15862189398251575,0.007782212809426578,0.007507007391741059,0.39022050164533145,0.16046842757973187
2023-01-30,0.08513139480252455,0.1577298443629446,0.00806297245812685,0.007944864934118286,0.23809393081363073,0.15575547834473835
2023-01-31,0.23552901404843307,0.08011007335746853,0.08153450867822909,0.08265772543904293,0.3897304273167803,0.1583891026777594
2023-02-01,0.08136107068150507,0.15715132892434566,0.08294971167379589,0.005933243001611785,0.23481360665277262,0.08046184030673967
2023-02-02,0.08280127837815238,0.2341854835069243,0.0072601276752884,0.008484659746287107,0.3146043615539789,0.31336024405189367
2023-02-03,0.1589641265878467,0.1571938639372596,0.08159700159879643,0.011966906352045031,0.2370813035565844,0.31616450472240454
2023-02-06,0.23317807252107842,0.23315617431926178,0.005543364770510421,0.0060662777032994344,0.3871383673746487,0.15605937214978266
2023-02-07,0.3101251942854138,0.23668704424340364,0.008444640744312469,0.00473329881042691,0.31188570854032543,0.16065756316296537
2023-02-08,0.08196575327156043,0.1567135642386305,0.15938164231431087,0.00994035319087716,0.3133496267035485,0.30893664003778415
2023-02-09,0.15822360577316832,0.005178639725641233,0.014083979772429409,0.014833182293018374,0.3105330937152576,0.15972044223852155
2023-02-10,0.23689787175151286,0.007723445657610635,0.005952007080182918,0.009190743186773327,0.3135980707153715,0.08558071396042138
2023-02-13,0.23525980101277685,0.1621098249154487,0.08211487047167901,0.006955518614010059,0.24080266226798222,0.15811123023900092
2023-02-14,0.08011552354498638,0.005819347345007671,0.08050827254614601,0.005621900517802904,0.31144980827294433,0.15727067835377725
2023-02-15,0.08409924465234046,0.08175093747711187,0.08198172859343447,0.005887020668842266,0.31118860447128494,0.23589029966696295
2023-02-16,0.08065523238987315,0.08158196741381801,0.1560246446429502,0.006253529991584371,0.23461609415695348,0.16146685242639125
2023-02-17,0.23481860410273542,0.1617225427821428,0.004589798286636637,0.0810920723703244,0.16150074354803073,0.160447412393961
2023-02-21,0.15587069756683683,0.15733049863285656,0.0819476744382832,0.08255309765497182,0.38731337964915685,0.15680912460766494
2023-02-22,0.15750891324376012,0.310806707848651,0.15910644756931575,0.009046778843463797,0.3118815954327102,0.23830005166807852
2023-02-23,0.3120016603954361,0.3872097562526956,0.15878197943103128,0.08160917421046804,0.38822932812417577,0.15679587314105958
2023-02-24,0.15980874239237852,0.39020751108829627,0.24055144534906128,0.0066030700125671235,0.38715285893547824,0.0831155584576322
2023-02-27,0.1569037826005571,0.2344212520925778,0.15773948298285867,0.08100114036934801,0.3870337357163868,0.309730769976053
2023-02-28,0.00540072198260929,0.1588270783619395,0.15949940928037334,0.08398378856372868,0.3894743309396267,0.23239626158524335
2023-03-01,0.004321887607250559,0.3111629948210043,0.15832658985433473,0.012344070638618691,0.3874295183347333,0.15717375523729438
2023-03-02,0.006066472643320817,0.156869888892331,0.08414977735069948,0.08394996269106743,0.3860963696128198,0.08321263119315755
2023-03-03,0.0827254797522497,0.1595614413544288,0.15763405341408188,0.005726851760432701,0.3865149344038278,0.08062450905900383
2023-03-06,0.08098193351929775,0.3094136063629155,0.0830243298066918,0.006218934216355949,0.38798680243155437,0.1559756637289713
2023-03-07,0.0828160990708105,0.15660987754746658,0.08038165538489475,0.0084975281761639,0.31117082891837977,0.08085583825063308
2023-03-08,0.2383652165417723,0.15759732556861955,0.08196150332160755,0.0047155265897839485,0.1608609566285474,0.08099858183425139
2023-03-09,0.08228837499848782,0.15982874400130048,0.08382727187131411,0.006263317018720703,0.3145914597317732,0.08026715667823489
2023-03-10,0.004694846898421576,0.15948699720462892,0.0052502561392756275,0.008926582722271682,0.3897030183597697,0.15474924985229857
2023-03-13,0.08323638271606626,0.15751808261795008,0.07965220248498749,0.08316011932384756,0.30988984661564667,0.3107596310700628
2023-03-14,0.008050387622123928,0.08278552937980507,0.007604141279763971,0.011177118253905612,0.3907623633860139,0.15959877840843872
2023-03-15,0.07942250679719849,0.1626136336412995,0.15793923920031264,0.006305670293648272,0.3881047261719379,0.3855792864365201
2023-03-16,0.007243224880263709,0.08400981596605711,0.08481156362954043,0.007119137247489284,0.39575799930705097,0.1609759006999883
2023-03-17,0.08682826883688372,0.23499650249071186,0.08421715247499573,0.007991777823478957,0.3910125684165439,0.23211109189433962
2023-03-20,0.2357762929057694,0.07993000722490512,0.23423140973285403,0.008488473335655077,0.3878835468870345,0.08151674785642762
2023-03-21,0.15785363671128638,0.15998094395900125,0.0037835968082831975,0.0049685278709315495,0.38948573009489484,0.15583244759749515
2023-03-22,0.15836654801788802,0.23653878087102828,0.0847068971232447,0.009787900308484816,0.3869891560515647,0.15943347824446305
2023-03-23,0.16074780521518395,0.15942083065823065,0.08079481491826351,0.00701067468079572,0.3887218228318261,0.15792105260468586
2023-03-24,0.2387356043664293,0.009009064143099786,0.08332446558582443,0.006435983002297828,0.38766486128158034,0.1583858243199601
2023-03-27,0.08198638163632,0.0815268479465526,0.08301693655896163,0.006422410325670369,0.3897970037196512,0.386534250914612
2023-03-28,0.00579980653994127,0.15694795892286217,0.1582176037878234,0.007647577088393108,0.38786676986569624,0.3089781342949247
2023-03-29,0.15825603952662984,0.31112660748439913,0.005466085527077474,0.005667297330601506,0.38513420717776536,0.23370608788002634
2023-03-30,0.15928920987679318,0.006263987368468019,0.08383554733332697,0.0064241729604277015,0.1567617615888829,0.15644428448172448
2023-03-31,0.23233625901541388,0.07995751676047633,0.08139539396597414,0.0054624866374646044,0.3101309668865181,0.23290704450277916
2023-04-03,0.15734951579295772,0.08056334627801343,0.07869577577911953,0.005492238604736015,0.15630884935954015,0.2341414233880175
2023-04-04,0.3126676927389296,0.23603903261705828,0.16008225489590872,0.004566285809835133,0.08152821701178453,0.0803977824161071
2023-04-05,0.3104352836082406,0.308653409594173,0.08181266452153069,0.0037510346578927267,0.15734913968251096,0.08493569573594381
2023-04-06,0.16129872960445413,0.2380950763368678,0.0050937398502591755,0.004595467297410408,0.31455529414405525,0.3152511706876421
2023-04-10,0.15648456619929943,0.15759131813368504,0.15971600065649819,0.004367959331914285,0.2314948200801845,0.15850369007285062
2023-04-11,0.07841136103002597,0.15740188292448534,0.1584110721957474,0.004840664849765454,0.08240184090606685,0.3098559615818913
2023-04-12,0.004067799877616976,0.2388679352858249,0.08388922949971113,0.00931169041787918,0.15908969649227536,0.1566858025652816
2023-04-13,0.15671952719271454,0.16350359306225346,0.08146877661428376,0.006692935280168191,0.09096916311731358,0.15605838165291694
2023-04-14,0.1583517032939606,0.2356411970142191,0.15640128491255811,0.0038567975754184303,0.08002372613238078,0.23256916139470335
2023-04-17,0.15739073048318641,0.2354289484654707,0.0039816729650777385,0.08104363265222746,0.23278777927126904,0.15738772950806298
2023-04-18,0.3101147969647695,0.2321859801149858,0.005413975811116627,0.006153781565513161,0.08321622360578138,0.08053490076463887
2023-04-19,0.15764893799709112,0.30950813521650744,0.08154380647815515,0.00416297632907537,0.08081374374551425,0.15580948713156245
2023-04-20,0.15663302205296686,0.15999935017927688,0.08117287434140147,0.005169161097169972,0.08451316511727364,0.23655017538554607
2023-04-21,0.15689582403890018,0.39105004156155027,0.2357468376701483,0.008894402577763173,0.08559172395367082,0.23553210072963737
2023-04-24,0.1545737014498608,0.3098218937937812,0.0812603624254441,0.0022581714727584468,0.1639824739053778,0.16324259857349613
2023-04-25,0.23453939232692364,0.15702156258694572,0.0037125845164766302,0.0025308886366551125,0.15819305723018368,0.2338208678278677
2023-04-26,0.1606347645582506,0.15969398497617449,0.08169706678502234,0.0043463667098249115,0.08283194245142193,0.08547685087648271
2023-04-27,0.15706998836689712,0.310263391856754,0.08089046851988393,0.003755070161686219,0.004388244215630062,0.23591178568020515
2023-04-28,0.0044367665460781774,0.30969943231691044,0.16215565032424775,0.007619796073832369,0.08439044230053848,0.2408133343756769
2023-05-01,0.08346659865270986,0.15757308057129638,0.08325207249614555,0.0062739900570134705,0.2369635110427208,0.2335600653146754
2023-05-02,0.08079846653993167,0.08218327572148053,0.005916127916228635,0.009944272469906576,0.16000994046302006,0.15861255152445577
2023-05-03,0.15836484610187035,0.08218921563649442,0.08782268839946371,0.008331056313584585,0.15661395783976328,0.2355617970317927
2023-05-04,0.15682008169166115,0.15640554999242814,0.08365164196697494,0.005993421741195638,0.15817626904778753,0.2353154993589442
2023-05-05,0.08433360276108967,0.1586749258923618,0.08807392704662592,0.007741682128519264,0.3132366490243177,0.08856616086812916
2023-05-08,0.15752062354446722,0.15877425088430283,0.08357073307785015,0.008156587597892513,0.08103869582885637,0.1564949539709194
2023-05-09,0.15620548182921062,0.23522939388525713,0.08248913756404261,0.008078339779369823,0.23589667075034304,0.23425564791241177
2023-05-10,0.233852518917034,0.23194850915272913,0.005226262846132111,0.004697747991504547,0.23253517443579902,0.08354497153818655
2023-05-11,0.0831391087535378,0.23375658931448962,0.0033999926323033947,0.007190316059915471,0.3125306191168332,0.2347260977764805
2023-05-12,0.08128867357318009,0.15806521748993158,0.08075635921846697,0.0052766069657904785,0.3099042536565688,0.15762525071205957
2023-05-15,0.16077194395202327,0.08384572654655478,0.08003675447778955,0.006388788501515481,0.2364236733233609,0.3876054237806348
2023-05-16,0.08336686913048724,0.15791718061730153,0.08312386818505602,0.007345491516921918,0.23426195456507543,0.31200370122611726
2023-05-17,0.31133943579570644,0.159939205671217,0.08494369958773905,0.005643890271019421,0.30926314814982425,0.23640037404538972
2023-05-18,0.1590807875809509,0.23817175593470385,0.0854313236062677,0.008264796709304266,0.23614045585487395,0.23293520175373789
2023-05-19,0.15903368459757775,0.15985662948783608,0.00701135719159502,0.005644380789264131,0.1614377770062434,0.23546859906505715
2023-05-22,0.08126528212749133,0.1587758388511364,0.08319288234769574,0.006559379039986858,0.2328673261357308,0.23634347201009992
2023-05-23,0.08157276052571871,0.08286750833348555,0.1598885697817371,0.08506155753707342,0.23481949393548177,0.23471382853550546
2023-05-24,0.23423727222772503,0.08064421862212072,0.15936689604799137,0.007285821884323036,0.23458799957910745,0.15872232080986706
2023-05-25,0.2378655906172672,0.0066684517175964325,0.1571285691393499,0.005477169530622557,0.31211808851548617,0.3106374405949162
2023-05-26,0.31669098959396,0.08605201312254947,0.0971179718711347,0.011354963766109241,0.31408165913093017,0.3109341757573886
2023-05-30,0.08460506026726344,0.08654436970504784,0.08580247764927994,0.08675308931080225,0.23855058654636352,0.23470129076673593
2023-05-31,0.08199028549477425,0.08396530701310903,0.3136639566228417,0.0818724442929926,0.2375136981385599,0.15640225027030433
2023-06-01,0.009084955587361762,0.23577776374711282,0.0830029943463271,0.005899878079848445,0.24037844387889223,0.16220205404378762
2023-06-02,0.1600974500960492,0.15888011572639793,0.08428006407351718,0.009387685588815274,0.3119694965853762,0.30918708821459173
2023-06-05,0.1592666857304987,0.23548387217575073,0.16161689933994575,0.00931330878295502,0.31548098207969333,0.23468279364531505
2023-06-06,0.15961138406365422,0.08042742530235217,0.08173849295985258,0.0039699198174667286,0.08245927027101999,0.23314072774562894
2023-06-07,0.2352849228588643,0.08184206906542868,0.0865767509721647,0.08362668451024025,0.2355562021599313,0.2364093707590496
2023-06-08,0.23167173214245768,0.31262626713260916,0.08841101349151692,0.007239926025765911,0.16125731409269298,0.1643418824457993
2023-06-09,0.004965693219996022,0.08245085141980457,0.007613243797977676,0.0066898334733925605,0.23373299678480366,0.08342845037001992
2023-06-12,0.2331957718274571,0.3116527496021813,0.15784429930698057,0.0053537806630800586,0.23666321099085869,0.31031621910714396
2023-06-13,0.2339558589607188,0.08040318486354661,0.08300696247620616,0.011218636431034747,0.08371452371713789,0.1581039371394662
2023-06-14,0.08227844807839219,0.23450236537265942,0.16094507543394648,0.08279864556722913,0.23445623992196366,0.2332245280639046
2023-06-15,0.23627458206308474,0.23669250658564422,0.0848357422019978,0.0042222172267906005,0.3875547896425371,0.23384244807020294
2023-06-16,0.15655012754967768,0.0798585743795093,0.08297642017401649,0.005030080172050713,0.1585972149462077,0.07969040392594313
2023-06-20,0.30932807050986744,0.1580033182973673,0.15812200812969424,0.00242997782710018,0.30840537848769,0.23522792463056572
2023-06-21,0.30936292437933394,0.23477938624320632,0.00655742041678755,0.004893506085381215,0.23242778897901822,0.08046884905971426
2023-06-22,0.15765836336536843,0.15797071566852577,0.08329090863447404,0.005411831047945334,0.3892287247141836,0.157143974650479
2023-06-23,0.15991870360939922,0.23516260181074888,0.08369011784442748,0.004593282581120663,0.2363706694729381,0.0816933736820044
2023-06-26,0.23384788324117703,0.07923502837969146,0.0814541959216197,0.08111297477425364,0.15820213038010827,0.2338170656666229
2023-06-27,0.3113566416030101,0.3870261520912521,0.1592781756050164,0.007629544276520905,0.1569165596013621,0.15769811204233763
2023-06-28,0.23540892668390379,0.2364282781083919,0.08518760857027587,0.010336096481992248,0.31298135119907566,0.23713788345648026
2023-06-29,0.15837487863076388,0.23294886017068098,0.08416672314397614,0.008330977779712402,0.0810135300365187,0.158385219321787
2023-06-30,0.23490742746050142,0.2362019277217411,0.1587803543382913,0.004912824889901954,0.15668933288546272,0.003720284423144468
2023-07-03,0.0,0.0,0.0,0.0,0.0,0.0
2023-07-05,0.0,0.0,0.0,0.0,0.0,0.0
2023-07-06,0.4999999999999999,0.4999999999999999,0.4999999999999999,0.4999999999999999,0.4999999999999999,0.4999999999999999
2023-07-07,0.3088420757802046,0.08121170418103796,0.1580274678120752,0.0022000632236103893,0.15712192256937893,0.23394042077823518
2023-07-10,0.23410690181725838,0.16182130774208475,0.1636130359724406,0.0036882805582639094,0.16323437072853003,0.23311621105457775
2023-07-11,0.3862989282808722,0.005860978965449744,0.15865709469868175,0.005607747902398305,0.005541691068016559,0.23601567686131805
2023-07-12,0.31062782932799193,0.08233601506289101,0.1579365665210209,0.002888604639572856,0.15708974385189473,0.15712194274747135
2023-07-13,0.23421207810120795,0.07942865303028149,0.15814517565182157,0.082694731219829,0.24102541990938525,0.385747843024586
2023-07-14,0.23400634989527075,0.08241569008715582,0.15784656699631927,0.006272408223362044,0.23480519253868293,0.23280074047284946
2023-07-17,0.15950502656870655,0.08363671169490028,0.15868138436733192,0.08153666131345227,0.3117738980165758,0.08104589598458425
2023-07-18,0.38767959276649977,0.004723825065372757,0.1578679954542253,0.00433419568661627,0.3157767989838939,0.15782347717228448
2023-07-19,0.23366357024389878,0.15852343200112612,0.08344354266722855,0.006998035374826107,0.15882216185940584,0.15810678645384865
2023-07-20,0.31067510020395384,0.08041859563951131,0.23416367570540403,0.0045964511293859825,0.31373701479536054,0.08210352763212206
2023-07-21,0.3870364222035908,0.08688615702336017,0.16210574140581716,0.0051337499376069295,0.31325166173070407,0.23621775320016736
2023-07-24,0.15653395707972753,0.004082696860808262,0.15802911604117664,0.00666446482589312,0.15652837701453062,0.1577549787162332
2023-07-25,0.15856075352719984,0.1599420906515126,0.1574003733671643,0.08111448018003226,0.08158840065890827,0.23513996006171575
2023-07-26,0.2365592067689376,0.005754351660522204,0.15944267089450928,0.004001525850753376,0.1645647907620239,0.23378543949383257
2023-07-27,0.31094902842828465,0.15755035986847804,0.08231515234893094,0.07956294423932103,0.2365975861108138,0.15780468174239198
2023-07-28,0.234283627585309,0.014725786197848749,0.07910135819192404,0.015011377263195722,0.16117398943003036,0.31327550546903365
2023-07-31,0.38792718824025735,0.23510204391571912,0.23447948372926622,0.005016502165761251,0.08082080858540619,0.15623623461803707
2023-08-01,0.3105214174306781,0.1561939828001094,0.08121627818102505,0.005047371464868056,0.2330316092507898,0.08135969342490665
2023-08-02,0.3105665859736951,0.08769789013601584,0.08349645306201471,0.0047930334304163505,0.08087643651916034,0.23227266549991854
2023-08-03,0.2339638754092002,0.16284911848152278,0.23590921118569247,0.005642979574317447,0.31017237957666,0.38736570595268255
2023-08-04,0.23727230072665104,0.08613266660810082,0.23801840681427874,0.08407539928220856,0.38605642944895274,0.314495943244947
2023-08-07,0.3121607712820246,0.24859070038984454,0.15672474553695004,0.08050582885846781,0.3896997178166443,0.15814301766022604
2023-08-08,0.23196647071860413,0.15729950375441248,0.15493599073221453,0.07882847323705006,0.3854744627396197,0.23542692273878985
2023-08-09,0.07960818383821092,0.15780468363957376,0.23219336387681921,0.08209378901503697,0.3876138357441332,0.2384138882464687
2023-08-10,0.1585590759615868,0.3107934838115004,0.15827525295326283,0.0051749898011604,0.1577748701093205,0.3102321437954981
2023-08-11,0.07875416678747416,0.16054396433586504,0.07902956624300209,0.0032741532271237037,0.3863059711015646,0.23278025875118424
2023-08-14,0.08095416428158542,0.2344896763974933,0.23352703042882267,0.004299679481065986,0.3129240471929273,0.1576358345416459
2023-08-15,0.08003445246502994,0.0029905760903993356,0.3101485409660839,0.08289825561102657,0.3109538491320306,0.3104496529166899
2023-08-16,0.08020796339254199,0.15810738621609657,0.23537177783877122,0.005163350612037286,0.23333708688200194,0.23329214330437414
2023-08-17,0.08149848471807504,0.004955921028382659,0.1616533866153298,0.002369512283398434,0.23592842178651297,0.38794833006695556
2023-08-18,0.16022752848294666,0.1597301439274456,0.2353020588741175,0.004917233923269107,0.23728488951135832,0.31324062964883337
2023-08-21,0.2336078169893237,0.15772001624657864,0.15666511196851937,0.08065122924904619,0.3877171789701997,0.38562660146357
2023-08-22,0.15748572319433415,0.004264159668481711,0.15811310483978996,0.08255820055215352,0.15810039871922688,0.23366577564039934
2023-08-23,0.23210300917500307,0.15695940856086665,0.23679301862716073,0.003412805969877912,0.30887551817567216,0.15963865163657456
2023-08-24,0.15652621145866036,0.004467083614663768,0.23407616421658659,0.0034822186345712866,0.2335388194937346,0.38718626223566494
2023-08-25,0.23525723015157865,0.08149519445715198,0.15644786633962676,0.003979378190682871,0.23567571066333384,0.3116526253106588
2023-08-28,0.08242056265438906,0.1577342768128333,0.15601872077950457,0.004647268197914126,0.1558749868028596,0.23226303608395588
2023-08-29,0.3094760687760098,0.08151917620366168,0.07925870208396935,0.0036381106390547605,0.08027933635980136,0.15912134253915292
2023-08-30,0.08312801504694337,0.08147289472941316,0.08040538848886061,0.004368894251961936,0.15925594051868092,0.23513292449258114
2023-08-31,0.07978916139475688,0.15874180597509538,0.15561997662076274,0.004103944733068715,0.2342075941010056,0.08046212285561
2023-09-01,0.158095529596179,0.1568983903015533,0.1600433030859968,0.08149856138486476,0.23343187240362706,0.15758888748367078
2023-09-05,0.08227713155511127,0.1597671241356732,0.3096422009025118,0.08097072692817894,0.15832036562173255,0.38791476007415393
2023-09-06,0.23460596980444373,0.08001740537185736,0.15856258787930488,0.08089864088181334,0.3869341506007011,0.3895943888055226
2023-09-07,0.31247276461618023,0.07992395561464677,0.23548630822055996,0.004483826275877782,0.23276315150225954,0.23219054943975206
2023-09-08,0.3112074341119253,0.08312196161346867,0.23874755491494656,0.005553658883973821,0.16157715788312804,0.309855115375944
2023-09-11,0.3876962618368389,0.007057873716974451,0.006790671530850098,0.005354052154286977,0.15970600340210603,0.2325855187350285
2023-09-12,0.23687173117500832,0.08189445358818408,0.15770919348486667,0.003750865672356704,0.1598757111095081,0.3085150678569237
2023-09-13,0.16139479538491736,0.15825021983127363,0.23585452930747347,0.07928707867622475,0.23822271174901088,0.2343055433606382
2023-09-14,0.15620829116181215,0.08223425857562244,0.23460613276827164,0.005941309670538963,0.38533901151258454,0.15719211578754158
2023-09-15,0.23228780035353244,0.08110727619308858,0.15823982114766083,0.003969191442520677,0.31181121906466536,0.38655793011630474
2023-09-18,0.15775608705605487,0.08238529303692507,0.30958444908075217,0.004661277593032573,0.2325779650812717,0.31083602515427594
2023-09-19,0.15824726150781854,0.15957824133095797,0.3102919223229479,0.00485926084675295,0.23496449476790968,0.23394150176093673
2023-09-20,0.2337080692722031,0.1581963810536391,0.23245528153354872,0.003126521892945787,0.23391584228643814,0.15644159693296744
2023-09-21,0.3101212441011475,0.15692531837686513,0.08170737918639132,0.007283191061382373,0.23490453668346725,0.15634831300826874
2023-09-22,0.15788177860917518,0.15814708433385322,0.08349924539168918,0.0055137547126043185,0.23735540630779134,0.1586459687450993
2023-09-25,0.23377413994175156,0.15724129441036075,0.3105508170268666,0.08024906919029232,0.38685824619806275,0.3104200535949229
2023-09-26,0.23360340614278144,0.15622774871948897,0.07937474731483554,0.004068404059565357,0.2337810541626286,0.23401952486656927
2023-09-27,0.08083362401823099,0.08012025599532327,0.15760461715406648,0.0024729379435581844,0.386616250578194,0.15833665509425943
2023-09-28,0.3118042664359001,0.15585474872983301,0.23323990622231783,0.003855033728158201,0.23594838795941192,0.23630707876429158
2023-09-29,0.31069636945539214,0.15775011168611153,0.1586784613080345,0.0029765633067395797,0.2344530022960067,0.23400682768113687
2023-10-02,0.15833508200286978,0.23259201236729443,0.1571012924581028,0.07937093697770944,0.31064974533757966,0.079517008563679
2023-10-03,0.23546469242159762,0.15560490293891727,0.1592463443707015,0.08343690101915963,0.3878687039712808,0.31109537783769703
2023-10-04,0.23318669620189772,0.15888206782417863,0.2358009355658663,0.08297237626484379,0.46407437111984007,0.23599958669003762
2023-10-05,0.15797443989508408,0.08661827272739246,0.23619840744296136,0.004166281232529705,0.1609129561284066,0.3858618201423871
2023-10-06,0.3112010844450166,0.15668030258395776,0.08507778481126385,0.004107945425278356,0.23359783537578413,0.2373649615976548
2023-10-09,0.23467575290239623,0.1557488627407529,0.16194853731369305,0.004969580863110265,0.23574276444289016,0.3888892411244914
2023-10-10,0.15844893671524782,0.004353624997605415,0.23348846680370128,0.0061017062696689245,0.15730931469173132,0.38875028028748604
2023-10-11,0.23434990526257946,0.15830841026781955,0.3886836786910412,0.08008196006245252,0.38771374181389107,0.08057442759726069
2023-10-12,0.23226734823802447,0.2344946870245436,0.15911958183153102,0.004243496858752631,0.2353731950649031,0.23541472000017388
2023-10-13,0.1600611008760541,0.15750263122207672,0.3098446339578041,0.005089199335513363,0.31124422638829613,0.158752693578056
2023-10-16,0.23482484761170222,0.08236112220022662,0.30958311069550437,0.009818234616196096,0.23704278540455978,0.2367126768049327
2023-10-17,0.38703121143886443,0.08149471873578756,0.31106265333455707,0.07858226670062714,0.23407821288275035,0.3098819325568553
2023-10-18,0.23325552004376998,0.07864471011120636,0.23516197621495433,0.08313251142439693,0.15765426789418338,0.3102248829271189
2023-10-19,0.15901622569008173,0.01171633044467657,0.08274981740279772,0.008583245173165124,0.16174363423366,0.3124171438868696
2023-10-20,0.23566152113426858,0.00448925394249719,0.1619974279786442,0.08035039577596054,0.39081809527869815,0.38521340138770355
2023-10-23,0.23554237546909718,0.08158836478227159,0.2362865451586152,0.003287221851033882,0.2350023667541454,0.3115695780977842
2023-10-24,0.15675434169676633,0.08164012994939099,0.3868730775205128,0.007205908037459387,0.3107355868501114,0.08308679239876385
2023-10-25,0.15838506310285744,0.08069066936284022,0.08505906239690093,0.006137271881420624,0.15836109173436885,0.15704482515249985
2023-10-26,0.23737250664499862,0.0055242897613108286,0.16093983636036577,0.008848822641967138,0.31367344308678724,0.31360663680798007
2023-10-27,0.16239059373567863,0.008188511627744033,0.08144095739118351,0.010214735343152946,0.39210127402061795,0.1710184284047238
2023-10-30,0.3106303538994205,0.16005605893512337,0.08232279958872654,0.0044361854558885305,0.3870428362746622,0.3866576265318478
2023-10-31,0.3904694974078908,0.08137368769938907,0.23577348611545937,0.012847816431450464,0.38718944166311375,0.3886000654527536
2023-11-01,0.38938325353632613,0.08120143009651785,0.23387231978925907,0.0815370524286986,0.3130882946425627,0.23334106062201063
2023-11-02,0.3091717518051959,0.15773574352373868,0.07965233122252394,0.08489972029766135,0.23361750612356957,0.23472051888426895
2023-11-03,0.0838634164041703,0.08304462850573195,0.15810494700768904,0.08597139444766112,0.15995827254347314,0.24315719470845723
2023-11-06,0.3889626729619555,0.08295695423871383,0.2403206582203001,0.008270917870294436,0.38875265305718115,0.24196662159555227
2023-11-07,0.3127032648132604,0.08169792897316513,0.08364943693043995,0.004338373265018992,0.38938378863271905,0.15737291393474723
2023-11-08,0.23526697906498079,0.15876179486669734,0.08270579931713151,0.003565701913689996,0.3115255535751793,0.08108771621529938
2023-11-09,0.31187514056147375,0.08429799734931893,0.15968965649825423,0.08150813470709878,0.23549704397479906,0.23389095971573884
2023-11-10,0.15756447058282036,0.15948736043857292,0.31069760930708445,0.00500217013163963,0.3867327068992943,0.3901537010791509
2023-11-13,0.08076990299911835,0.08095169348656171,0.23238742162859352,0.0789657372755278,0.3887512247972339,0.310492355492977
2023-11-14,0.08096573957367498,0.08134877042842822,0.3102982209386709,0.003817269634723508,0.3107510963313629,0.30977067119682156
2023-11-15,0.16229268581079986,0.011985833149171558,0.08768119789895656,0.009008135427101112,0.16228232157200695,0.16192689233852128
2023-11-16,0.15613724251723293,0.08694170255372444,0.08215723652897945,0.003842659817460771,0.31097364767952995,0.15976607419328298
2023-11-17,0.1605068961120458,0.007926546439682346,0.16126514168133033,0.003910415623574373,0.3147187957064431,0.31942947351031914
2023-11-20,0.23299836910819008,0.0050604798059447065,0.15779391078793753,0.003140050469464882,0.0811781954214569,0.2358232322113905
2023-11-21,0.23423028408425056,0.0796143026023543,0.15656544426375646,0.003440663996606398,0.15676340943692013,0.07986850039605112
2023-11-22,0.15682054611993268,0.006441215183542563,0.15885360365352472,0.003861362312423511,0.08200277008459467,0.15822624589080464
2023-11-24,0.3863757375153804,0.0019695503821465163,0.2332294757144227,0.0028750917614042137,0.2328583338624719,0.23299051040414337
2023-11-27,0.23198651328049508,0.0017281205905110564,0.31029898076081647,0.00249849842752696,0.1552958665064113,0.1556149627978341
2023-11-28,0.3112780820344811,0.07914450313197982,0.2382996977393572,0.003789825278100928,0.15668408826840935,0.0801505506377925
2023-11-29,0.2350576080629206,0.003636430556621037,0.15828667229416,0.0031269790726690325,0.15593775157846623,0.0822907803321002
2023-11-30,0.3125684734528481,0.00838981652363472,0.08079453807719092,0.005035785799285514,0.23546157878315302,0.082321263696148
2023-12-01,0.310340559712898,0.08090858922758597,0.08227064837521983,0.00455055578287146,0.2341391527690845,0.08075797656599006
2023-12-04,0.23482543134804476,0.08379253246956721,0.23407011732966745,0.0058720467155063474,0.23795531157623842,0.08288102923760383
2023-12-05,0.23428121871064772,0.0048291483026392315,0.16035371186642083,0.004219173783928699,0.23240568342468138,0.08183946403050521
2023-12-06,0.1551437435874879,0.0824606596642247,0.16046415997506663,0.0045474239315915835,0.08096556251162995,0.005544804465010433
2023-12-07,0.08468623126269119,0.007535814371880313,0.2361787934321193,0.005135214848141549,0.004621392926974464,0.23612199881969984
2023-12-08,0.23647728365649023,0.08102442071451799,0.15774691746913763,0.006288801057847064,0.07942366711790233,0.155779994880075
2023-12-11,0.23382876530195795,0.08027883914378306,0.3103107945167206,0.004841508206042684,0.23186915258595142,0.07922748541740957
2023-12-12,0.2325024012333893,0.08035751097206725,0.15735188323797994,0.0808084833127374,0.23305805222084636,0.1583912408950121
2023-12-13,0.2352390606407253,0.005375764929119557,0.15877284793236807,0.00325738753681791,0.15807396906529925,0.0807274865129512
2023-12-14,0.24023662180402283,0.08094996203192333,0.1632509327082842,0.01006987285410095,0.16475899446363995,0.15669594579722623
2023-12-15,0.3944718850621743,0.16932982532013136,0.3175322032707835,0.010424899005999043,0.24703269799819344,0.24526548636739856
2023-12-18,0.3886745149682137,0.08084961137907778,0.3880317191167424,0.08170889453941199,0.3874989078298695,0.15815382538258793
2023-12-19,0.3855007916279556,0.01100916856584997,0.23582452037824575,0.08089624188682323,0.08128151648933676,0.08147460966885851
2023-12-20,0.3099849771686936,0.07974063989990805,0.15635372506646827,0.08063606275304766,0.2349870905700101,0.23304729010406175
2023-12-21,0.3105982159227568,0.004642699292271298,0.1580087059659795,0.003164029134954581,0.23466801172218188,0.15742580181568255
2023-12-22,0.31041897433733545,0.15866035235093928,0.2335698532503972,0.0032777147483057517,0.23264912170506286,0.15917899911423788
2023-12-26,0.3859885618798987,0.07981885577480449,0.1562734209347277,0.079695388692751,0.15571249269698612,0.15556211288995722
2023-12-27,0.31027389458220206,0.0035998040549362134,0.3098542486654454,0.0016334280036483864,0.15672903364391289,0.15651192291582205
2023-12-28,0.3101231108047393,0.00198593837815305,0.15703994546795186,0.0016948097480256538,0.30853502297080865,0.07846878214729336
2023-12-29,0.30976848897415304,0.0024626378135927315,0.15690633969964246,0.0012203903352627568,0.07987587610372901,0.07876825844982357
2024-01-02,0.0,0.0,0.0,0.0,0.0,0.0
2024-01-03,0.0,0.0,0.0,0.0,0.0,0.0
2024-01-04,0.4999999999999999,0.4999999999999999,0.4999999999999999,0.4999999999999999,0.4999999999999999,0.4999999999999999
2024-01-05,0.07985098863656434,0.23268467498004042,0.38817550551460955,0.08395951027714137,0.2322954860912695,0.3095807093426087
2024-01-08,0.15897514064264895,0.23331832386126808,0.386584087979036,0.18630908771406285,0.15549681020463332,0.23387537753414095
2024-01-09,0.23306239358427,0.15916923010745665,0.3871012619560523,0.08221855038716493,0.23361422085964262,0.2348278640918424
2024-01-10,0.08147654276589451,0.1585059252069451,0.3114026687034388,0.08628751595216974,0.2324417557789322,0.15706096856096846
2024-01-11,0.15721865258335624,0.2328486067316417,0.38648160779726887,0.07961105102595598,0.38609438780443367,0.15700952302832352
2024-01-12,0.08098345893825301,0.31064255558756715,0.3886065906632243,0.08191242429459657,0.3888540861318672,0.23406872537850076
2024-01-16,0.1566352815379729,0.23302977235149308,0.38740537418753007,0.08345544835784825,0.1563859262791328,0.08299924715728182
2024-01-17,0.08062065699694118,0.31218752439841874,0.3871572184889932,0.23764838144366218,0.16043791903608248,0.08072310293392043
2024-01-18,0.15682983773874568,0.3121194371888931,0.3867093814703575,0.3094384212951262,0.23282130215854885,0.08131591473069139
2024-01-19,0.08117339246537546,0.16089227273206574,0.3871511170140169,0.08459688404571714,0.3108638732598825,0.08180413781617366
2024-01-22,0.15570714966519936,0.15969337559438418,0.31214636748211166,0.16113099439769785,0.23447309078571343,0.0816422937799123
2024-01-23,0.23266590403155954,0.08267788729899071,0.23400589296312177,0.23860563058905437,0.3888443730041842,0.08186572157666808
2024-01-24,0.16141509367824383,0.234991012910707,0.31106993555856755,0.16048020046983424,0.23560959120216657,0.1589899483245341
2024-01-25,0.0801373429021952,0.15740857615749634,0.15711936237957616,0.15731330341761204,0.31029530629948004,0.15573868391314677
2024-01-26,0.1575489392428891,0.23391019108848057,0.3861206558805207,0.16672982827893879,0.31185113921669794,0.1572658936509954
2024-01-29,0.07946526344383603,0.309969946358001,0.38692914421795044,0.23562391993631723,0.31109654126371483,0.08295295169341363
2024-01-30,0.15611256010569627,0.31055233331866117,0.38809509575854684,0.16235240065543446,0.23538748139437138,0.1562058746076599
2024-01-31,0.23802819663482597,0.3117166097123448,0.3867632658337415,0.0836210705230853,0.23579532860089128,0.15710319994251074
2024-02-01,0.15765324361968952,0.15787887268437178,0.23509178013946727,0.007184150267479518,0.08071118139997999,0.15853180566555003
2024-02-02,0.23913952542841196,0.38796787034846625,0.39067618880386,0.15662336084846157,0.39740881009903684,0.1568073901655626
2024-02-05,0.2333392613056911,0.15795518981465123,0.3865942200125626,0.1582154661757318,0.1579916816293144,0.23460690623490454
2024-02-06,0.23336677145211396,0.23837622408548478,0.3115525783699196,0.1584343321410966,0.3112293922948942,0.1598246071459997
2024-02-07,0.15815574007099842,0.3106520408308675,0.15888596392719026,0.16521758360741695,0.2349423586249956,0.23636169006019583
2024-02-08,0.3110367254360077,0.3104680073850993,0.15754893231379033,0.16252008822317282,0.15745059667283023,0.3130727590039353
2024-02-09,0.31091423922211403,0.23407576734612837,0.3100225567542228,0.08337472451682938,0.23643959654266838,0.31335377437997547
2024-02-12,0.2333243757627063,0.15768108088486726,0.3097031159038969,0.23555386314282203,0.2344093016100268,0.08115415632318937
2024-02-13,0.23743291993066665,0.2387684347431433,0.2335905995238056,0.0838090629531528,0.31263925925974234,0.15784328431919728
2024-02-14,0.23431892995756776,0.3106181275006713,0.23497015972051058,0.15863410338902734,0.16297449859181545,0.15981178639099
2024-02-15,0.15727151884467822,0.23573058121245893,0.23366592306819506,0.08618685482871885,0.23416740414673637,0.08083057480902361
2024-02-16,0.23399948580991517,0.16279670330042675,0.23556407663583673,0.08206791047555437,0.30912657050369974,0.31207581000948836
2024-02-20,0.003180408796190186,0.3102769358967691,0.38980254898792743,0.08201850685163507,0.31096309035226355,0.31119691261545246
2024-02-21,0.08084649951588607,0.3905313552999687,0.23971678114051784,0.08336068204690145,0.2368271796721927,0.15663971784034394
2024-02-22,0.0802124336624931,0.38578567092557947,0.23384118368651965,0.1582666046500364,0.1572260949227931,0.23372977905042247
2024-02-23,0.15724062206555417,0.23421647320659314,0.15624877756541128,0.08386298644181817,0.16030015370751421,0.1610074675144931
2024-02-26,0.15656207004381067,0.31256727259662354,0.2328572388606707,0.161774015577001,0.3869982625784597,0.1571190439982047
2024-02-27,0.07995674485884419,0.311930500651834,0.15932883569659143,0.00790061888978711,0.3096616525049706,0.2341905510964795
2024-02-28,0.08008566510906195,0.3142475360769784,0.08202726419880008,0.08062177760409728,0.38799394658919256,0.30862551859342774
2024-02-29,0.15752773130076556,0.23524086848681655,0.3120727547964928,0.08101693692922349,0.3881978448450932,0.08137179173014003
2024-03-01,0.23421453390438254,0.23648814170013666,0.15837006897699354,0.08977767721766367,0.3885320963364141,0.16065645460557226
2024-03-04,0.15665778641922393,0.310997118313849,0.08342832013487209,0.16109140601381988,0.3916463727866225,0.08185400878261145
2024-03-05,0.08302733448354957,0.2365429388266764,0.23745394876973455,0.16376252011486017,0.2370438711732262,0.1595466905376862
2024-03-06,0.08060971479723024,0.1602514731023998,0.38483322243004925,0.157610831368494,0.23717990524511048,0.15670892670868122
2024-03-07,0.15602326570820624,0.3895144874658305,0.39045485778439604,0.08735634722908894,0.3169083379599791,0.3138684292011248
2024-03-08,0.08159112045137384,0.15911737111140845,0.3889784426407962,0.08503223772924975,0.07906561078750696,0.16082706669089725
2024-03-11,0.15823713724450703,0.2329306386174127,0.311618485655991,0.16590066318781233,0.23279561715277963,0.3087703352302807
2024-03-12,0.08134180626709467,0.2323365666613425,0.3116969675409273,0.16437635151403507,0.3111576751369893,0.38823058556223816
2024-03-13,0.07936958015301143,0.16393150240011264,0.3125739759920998,0.1582036242471175,0.15876697091699163,0.31137043497326844
2024-03-14,0.156845706190368,0.39074814269171504,0.2387703991231183,0.08357306275277944,0.23472393049775883,0.2343457112268658
2024-03-15,0.08273489891721822,0.38925987139150914,0.23402690258714834,0.00764128356853689,0.23530230765598867,0.1594484360157287
2024-03-18,0.15723822136395382,0.31376231799215226,0.3869288833693816,0.08086116428147683,0.23204256233634216,0.15670749059702654
2024-03-19,0.0808173391828321,0.3868464324157623,0.2356238687827093,0.1573155286679725,0.31018171567481273,0.23318835355170717
2024-03-20,0.15637144132150027,0.23645557156996327,0.2323724713827819,0.008083442778460348,0.15586546161139073,0.15712411779079455
2024-03-21,0.0812777872794701,0.39031895014112306,0.31084118572225694,0.0062077329759492456,0.15759899527894064,0.15770029238099575
2024-03-22,0.08050538899493331,0.3142947633982609,0.23350043076481028,0.15820719917929002,0.08461802719972611,0.23234738609517536
2024-03-25,0.15752683716953844,0.3108489278461198,0.23401901195088864,0.160979026996377,0.23432623044289289,0.2342665386888963
2024-03-26,0.15819743998264496,0.31465479240367217,0.3092075163704009,0.16140813343384194,0.3125921038559477,0.15707643287745504
2024-03-27,0.0812772578898856,0.08105129833788344,0.38646360946116665,0.004391344193872021,0.23599716413935218,0.1600276181768573
2024-03-28,0.08161946003201942,0.24004431036397603,0.3126645842977236,0.1641011890913768,0.15670301486804056,0.15914481462648053
2024-04-01,0.07966362788774317,0.31063628189698117,0.3886751023215123,0.0038951197728302606,0.08135510516456136,0.23315900565441344
2024-04-02,0.08281464677349085,0.23560690357865666,0.3112968517123097,0.23665942087230474,0.23561393689480004,0.23435678959999157
2024-04-03,0.15849276564168516,0.15922344670704566,0.38720337650305103,0.2344907037623762,0.38720616912519357,0.30848582692131027
2024-04-04,0.0813892889503986,0.08197730327869104,0.3119343244488663,0.2373276533241269,0.08394976053893724,0.1559893284378821
2024-04-05,0.08339604278223754,0.23387977187478637,0.2351243050285925,0.08721035364975452,0.23215000298776167,0.15528049306429886
2024-04-08,0.1582075976820973,0.15991786504762548,0.156003882277548,0.0847631800092715,0.1568546549126487,0.15813659510144953
2024-04-09,0.15924735588873684,0.08074513251507853,0.2383195574091331,0.009379648572137828,0.15800375212367673,0.15688861655352554
2024-04-10,0.08212361647256182,0.15982188076261863,0.38909762639229095,0.008318201243037747,0.08431020078686775,0.15885513149848407
2024-04-11,0.08161975624114658,0.004161340129005736,0.3860488155011351,0.004860731262912012,0.08120374660015497,0.23413103646267744
2024-04-12,0.15713091388603478,0.15848635063205316,0.3879089166054078,0.08368550734531069,0.08201186565697277,0.15659930534859504
2024-04-15,0.16044949278614787,0.08517882277031372,0.38917046385067056,0.15927579446224063,0.23562881728591714,0.2342776298159826
2024-04-16,0.08089104765498914,0.23578161833486244,0.3876336803529769,0.1592971640701213,0.08076560701309862,0.2333784089865694
2024-04-17,0.23261154378009416,0.1566794588741025,0.3115852205616869,0.16803408105707843,0.006834056664810767,0.23477123189539018
2024-04-18,0.1568139897792048,0.15852275072102745,0.3874963387505805,0.0866581375633734,0.08501169177728016,0.1560286650340027
2024-04-19,0.15718678709721842,0.15818735275624218,0.16004987941707516,0.16266813550329665,0.1581580334351775,0.3094513219976717
2024-04-22,0.0040763819255090275,0.31373304249404244,0.31196329686643115,0.09581367976207147,0.08249459861995617,0.23585671090071603
2024-04-23,0.07840457835539073,0.1576431628314189,0.31173739607614487,0.08338267237923815,0.08201650478826616,0.08112969674015905
2024-04-24,0.16541706477393414,0.2367489071829838,0.31240505757530884,0.08734934080232984,0.08323139360804802,0.23453719632480058
2024-04-25,0.08120105956174492,0.388397224848521,0.3086500521857736,0.16303289653716072,0.07997603934799632,0.16052315789103566
2024-04-26,0.15833307766249538,0.3879646609225943,0.38716457903501467,0.08406046130490896,0.1572049701945941,0.236185124927725
2024-04-29,0.15703985797258457,0.23820779346946108,0.38714975696232345,0.23860402549040707,0.23424070469868283,0.3129164278717007
2024-04-30,0.0039898402294399615,0.08130874965295953,0.3123586542950629,0.08701925762134025,0.23397983683918153,0.23392964250472092
2024-05-01,0.08268827371930301,0.3944545068872268,0.31509906591125003,0.08264343914327514,0.15655560618318798,0.0818791922657231
2024-05-02,0.08353763144427906,0.23486319950524193,0.23224963730057385,0.08975756308740503,0.08221867348180413,0.23522756529385047
2024-05-03,0.07993602456662158,0.3108390931564845,0.31352819049487557,0.3874833013702669,0.16195595361575654,0.23775832934238117
2024-05-06,0.08401280940276919,0.31156942241831864,0.23633883219038454,0.2368289261819523,0.006029558106209164,0.2396186661986928
2024-05-07,0.08211642393926202,0.23538435194539653,0.15939114976382546,0.011060889635288083,0.16125094695058023,0.3105298141099504
2024-05-08,0.1581629651095809,0.30920716841567986,0.2358471869075968,0.00853332870618765,0.08434742513509301,0.15804583475873063
2024-05-09,0.15815762352338963,0.3124159878165158,0.3110655530329949,0.08328878721066765,0.08042601584910097,0.23215530023444003
2024-05-10,0.15828047185770103,0.23815332738721715,0.15890791508124544,0.009224018417340926,0.1589407873925444,0.23310673462786283
2024-05-13,0.15666431163463235,0.23463566577070452,0.08262177544631052,0.08013734431912817,0.23344390355545278,0.1579431289865444
2024-05-14,0.15667606881173793,0.3123957748818976,0.1571996516807975,0.1606010861583071,0.15930160592907489,0.15636680120841495
2024-05-15,0.15650576433526092,0.31178897892298507,0.23660278361694972,0.08499166653949296,0.08345982548766312,0.310606651111042
2024-05-16,0.15842586711447132,0.31287008175693976,0.15811480278381532,0.011268655213559485,0.007855529458335946,0.3103541995588575
2024-05-17,0.08221586238367382,0.08190156839315893,0.15724169337215496,0.08505586295926086,0.08769520513401943,0.23575689312611334
2024-05-20,0.08055355235067127,0.15645976723205798,0.15807160705830461,0.00494475565768604,0.1574633041918647,0.23271065701343605
2024-05-21,0.0794599032954896,0.006270306543902378,0.1588029833216607,0.08394237767336701,0.08155557284968808,0.15934791899764553
2024-05-22,0.15779034858109028,0.15927172043304008,0.23696477094442991,0.005464833675329572,0.16153428654204366,0.39269405998495976
2024-05-23,0.0840432246475661,0.23557455456661885,0.31027292534289813,0.08548828898617761,0.16123200880602395,0.23487021163961422
2024-05-24,0.08082787219064187,0.3094581918254501,0.3104566032732194,0.08208854826546892,0.08228121953744164,0.2337123465270225
2024-05-28,0.31170125221143613,0.31049340604573655,0.31010961544215654,0.08713349021886957,0.2365759997888165,0.30960433247712027
2024-05-29,0.08448630183558413,0.2360124456991624,0.15836726516208083,0.0889455651216513,0.23694557085412324,0.23276008645525473
2024-05-30,0.23447517334422904,0.2329398538051385,0.23286594116644682,0.09274504388813623,0.08347998551545237,0.23209216234436686
2024-05-31,0.16111370852452309,0.09051359073558152,0.3107715891841667,0.012683320585835156,0.16428657229690072,0.23250106857884528
2024-06-03,0.0835378029861085,0.3109637500472091,0.38665407814981906,0.32025702209709783,0.23893694940629276,0.23319251285315926
2024-06-04,0.23769596285696368,0.3107494232703466,0.38601605082384544,0.08895655136918917,0.16135586431637355,0.31009397712165016
2024-06-05,0.1574071710294837,0.08104681475834971,0.3114712151909233,0.08894549243366233,0.2352032191935586,0.08351590641447029
2024-06-06,0.08253337211611864,0.2359531586339596,0.3893020899689533,0.08902951479222082,0.1588208957447144,0.1611723861978525
2024-06-07,0.08066629944430663,0.15791683601426415,0.30881459912676046,0.08740651987767856,0.23521068617793472,0.309241771932623
2024-06-10,0.07907850177239212,0.15618532770230614,0.2332929598639235,0.08409367679415616,0.23614553377210423,0.07974176913554562
2024-06-11,0.08435454254539682,0.15651602130214365,0.23311562755875648,0.16012063204660118,0.23620854792274537,0.23375792844638885
2024-06-12,0.08030900504837984,0.15730091677357388,0.38873371368308857,0.3155540262546657,0.23408351189862392,0.1579278772179809
2024-06-13,0.1565805075131717,0.16079182647268592,0.23421077267804552,0.08438777365096439,0.15957363101089317,0.08331109179295093
2024-06-14,0.2330987856705509,0.15932816785615023,0.2344819394841412,0.08868899447998338,0.23479490486109245,0.23508425550548365
2024-06-17,0.08075608771712114,0.1574584652956687,0.30885750957039915,0.0877201991326935,0.23613570772130538,0.1568584504876409
2024-06-18,0.15844769035180628,0.15748411095124654,0.31208506003647796,0.24328168745437692,0.31008559318507767,0.08037886017026669
2024-06-20,0.08016320960874457,0.15630278174482304,0.38834323379650826,0.007990608439734072,0.3117477507590848,0.15903313630007446
2024-06-21,0.08015004635123615,0.08086588332734823,0.3134380851698822,0.16396492064747847,0.3130451615281371,0.24001509919186598
2024-06-24,0.08141269163736994,0.23354679395107514,0.2348242422876939,0.08302012020920421,0.30922948271143913,0.08040999520965747
2024-06-25,0.08358246475454548,0.3901570797509409,0.23569932955490078,0.08581606125688751,0.30965178974932106,0.0820488608330377
2024-06-26,0.23513179515590402,0.23561181891572486,0.31264392863889207,0.009804862439328689,0.08307633145127964,0.08151883954221847
2024-06-27,0.15782276906508996,0.23370415554224733,0.3890240568875394,0.15901420374462785,0.3106441728952406,0.15807380256779216
2024-06-28,0.08172503845211462,0.23253492885317079,0.3874380517551217,0.08504203103419244,0.23270434709276494,0.0814354750469542
