,full,no_csa,no_rpa,single_alpha,gbm,no_agents_all_alphas
2021-01-04,0.0,0.0,0.0,0.0,0.0,0.0
2021-01-05,0.0,0.0,0.0,0.0,0.0,0.0
2021-01-06,0.0183598695415393,-0.014676920632520863,0.018783574585848024,0.001466042602660982,0.019358233987620755,0.02141507980709801
2021-01-07,0.009935050994536964,0.010103414341138048,0.010897360176407148,0.030002505299461503,0.010204629066906985,0.01456439219031704
2021-01-08,-0.002049616198031499,0.009850594796093695,0.003751208105399153,0.012495751104401232,-0.001357126571385835,-0.00941978190318144
2021-01-11,0.002781824271663232,-0.0037930773611123915,-0.015366871755594199,-0.012979863953696172,0.005669265429340824,-0.0039035907871177978
2021-01-12,0.006499552566786599,0.00025183386109098104,0.012376566580978608,-0.003905408703476212,0.01453367707573277,0.0019111872109197022
2021-01-13,0.0006433100153812213,0.0021081081873773203,0.0011696804431183387,-0.007123212875656572,0.0008236672339169222,-0.0002828456301793808
2021-01-14,0.0070880425625528334,-0.00031218851261988656,0.02687716735427032,-0.007715174346857834,0.02577243972352873,0.003667435292540211
2021-01-15,-0.001506136525664063,-0.004575776667859825,-0.01252375295355392,-0.01286691810406106,-0.0033616691833726867,-2.555430024389399e-05
2021-01-19,0.0005686208260319975,0.005535581922239633,0.006078827613559832,0.009317770133336107,0.006412115270831332,0.011227223754058716
2021-01-20,0.005066271601876636,0.025701423092063247,0.012831970537869287,0.013034971461513046,0.00886576767431823,0.005629293398904877
2021-01-21,8.035671579987604e-05,-0.001046077932921441,-0.003717035520292721,0.0009060748338455103,-0.011288165338756968,0.010261202124169998
2021-01-22,-0.005791850431346754,-0.00510057457324899,-0.008787018699018793,-0.006300958272141901,-0.0019244054754749339,-0.001224590837785981
2021-01-25,-0.0017064853152100215,-0.0008812617601449313,-0.003323731960064881,-0.0003815077042108256,-0.006102816583185786,0.012411367906245242
2021-01-26,-0.0004973157105951577,-0.004711431577531605,-0.004643014765692476,-0.009533183971330806,-0.01287371626125797,0.006270630325115485
2021-01-27,-0.020798836861830306,-0.014178389642665414,-0.021015356234209005,-0.04183079803789377,-0.007218027579747802,-0.010316397388714782
2021-01-28,0.016538263901144455,0.014624871342503011,0.02286657458125719,0.019481402274551307,0.02669650699499702,-0.015938076025129647
2021-01-29,-0.018393167509373445,-0.021637573983678878,-0.03124974832461915,-0.0188039210581588,-0.02335449337103777,-0.018533172889480757
2021-02-01,0.016465997285258594,0.00917349222784693,0.017986031620320784,0.024458995666316565,0.012256957541920637,0.013894912390038082
2021-02-02,0.022352352160118688,0.00582990131915729,0.022445031977712176,0.027179477215797426,0.02602017187687328,0.01443370518474718
2021-02-03,0.01003633956372065,0.012794610244244425,0.004697789073832193,-0.0012948199592323917,0.02188060445686939,-0.00036645438230433245
2021-02-04,0.01888472811509372,0.010992787993339163,0.021971807470850594,0.02328134019147463,0.01664923274026751,0.016234059698367886
2021-02-05,0.0025561476156698354,-0.003892680341697806,0.0030361673448647823,0.01461546943810013,0.008722420104072894,0.0034637322223637183
2021-02-08,0.009917874568472759,0.01653622753949987,0.00830631197765583,0.0005101830040087099,0.016648231772500088,0.016361974830428283
2021-02-09,-0.004152995419171382,-0.0008883253568422026,-0.0064920285056392175,-0.001391722615923967,-0.009366898861779993,-0.0017588980226500744
2021-02-10,0.005240765307473689,0.005305711779826008,-0.0021367064056012374,-0.006184155199094663,0.005222324512342212,-0.00438528215359019
2021-02-11,-0.0003496994543183711,-0.00036693598673966424,-0.009505255550070143,0.001081885301805342,-0.006705015375391494,0.005935020650492913
2021-02-12,0.0050330777667612165,0.005480027685257468,0.005832430787849452,0.00531824486575067,0.005506098152091893,0.0024348877347788287
2021-02-16,0.007312322982285373,-0.001987519783132592,0.01713202101529427,-0.004406928150594017,0.018969735278549855,-0.003022655269226856
2021-02-17,0.0024559623468086633,-0.002932257285863899,0.007847445270876356,-0.008291865923762897,0.011055730454164218,-0.0012331657434949514
2021-02-18,-0.0006149653706583817,-0.011382053747605397,-0.0014110877700908447,-0.0031374655518659773,-0.0032908934687194604,0.006572133194633516
2021-02-19,0.006179758647814752,0.006127275453850355,0.0024837115730062063,0.012216123273873216,0.009522846625357032,-0.002395826107208727
2021-02-22,-0.005038868932591509,-0.00890892449578398,-0.020392069577600522,-0.022319587574278606,0.010386125178323637,-0.0059747399906217545
2021-02-23,0.0042409779678759165,-0.0019119717433971385,-0.0015930947051261842,-0.005141848425812437,0.0075245305313222,-1.726504508153424e-05
2021-02-24,0.013817481602560935,0.022539405064290575,0.007669029398526454,0.027332414882759185,0.02060080487729046,0.007599997825767592
2021-02-25,-0.017369604167722145,-0.038817627961474935,-0.03146239213475489,-0.040110638503088096,-0.02856018333965432,-0.02399117948238095
2021-02-26,-0.012572260068007176,0.007088950146282979,0.0034773955060521606,-0.0052760416039078824,-0.0019601586833751196,-0.008263026112812533
2021-03-01,0.029879574176928502,0.021473431832655685,0.0286568244827673,0.017877745878639082,0.009486997201506116,0.02637964525612537
2021-03-02,-0.006311855152033766,-0.007520789673463164,-0.0036299704232064097,-0.012610661135591778,-0.00065279339160727,-0.010071816985744775
2021-03-03,-0.010747174929998942,-0.008698139737745726,-0.00598855981929442,-0.034355703329239894,0.00018215686828738388,-0.01163752756660349
2021-03-04,-0.01511198307101482,-0.014629170479212321,-0.010327338281754413,-0.027448828349286563,-0.008490103680491884,-0.022654565405179558
2021-03-05,0.022473045614832134,0.016585896824828337,0.02928690187830965,0.015776348969979134,0.024588850039629382,0.028307215053206422
2021-03-08,-0.0104445294102549,-0.01977988592132924,-0.0015884826950345928,-0.02237421550849294,0.008168505402458975,-0.0010353748903832501
2021-03-09,0.025603008105445902,0.02408130786637078,0.016835263108853287,0.025666045223911988,0.0021886504044919676,0.014145329084922694
2021-03-10,-0.0003012238895581361,0.0009949580811877095,0.007325074768826944,0.001252182567167321,0.026144295567723793,0.011929372235138801
2021-03-11,0.007421336025990224,0.020572744368943074,0.01648102033344833,0.026010148651497856,0.0023974106623493993,0.009776719966869404
2021-03-12,0.005214733622231196,0.0047668146664629945,0.005342689976799952,-0.003846961358861645,0.003860269038403334,0.00355131332831295
2021-03-15,0.013239944986206346,0.0007265735144930969,0.01604525793559813,0.018503542903684975,0.011553318526329725,0.012473830273082149
2021-03-16,0.00022442865870036643,-0.008616801610094784,-0.005888128385814524,-0.022473961812183786,-0.003886328350514655,-0.00444958176950979
2021-03-17,0.003868339833057198,0.0025297028563536516,0.013070499881897723,0.008730548039396777,0.0036268258852805153,0.007780753181254606
2021-03-18,-0.02043910307481825,-0.004635839239482135,-0.008393689632792809,-0.03012377632568816,-0.021575569426020166,-0.012762686418984327
2021-03-19,0.004272941389230536,0.005069914072550505,0.004487764130614128,0.007289761747309852,0.007995475975259635,0.005711690164799717
2021-03-22,0.005129355706741754,0.010850913508843492,-0.004917449608817537,0.008905305466910552,0.0027154327125021344,0.010601098589003172
2021-03-23,-0.016909419627654295,-0.007666144966225265,-0.01879374908766301,-0.015157916273380976,-0.024485319380031206,-0.022949088421520183
2021-03-24,0.00882978103044929,0.00023609041731106163,0.003850274874966988,-0.019798641858388907,-0.0008939298711980058,-0.00039963115702734676
2021-03-25,0.0111960211016441,0.009334551016449378,0.014888799403574751,0.008941418618931368,0.018614453752776216,0.015757777919071507
2021-03-26,0.02486180320390777,0.01340751386474711,0.027401120895969494,0.013959835556516906,0.02074758601231678,0.02620819890482521
2021-03-29,-0.018107279449674222,0.0007329254103549167,-0.013628192562704814,-0.013327415141150092,-0.003320645387712681,-0.013561740258690136
2021-03-30,0.00646558366465451,0.0029497943085039246,0.0016358019639225454,0.0014308664904404838,0.01032782073437484,0.004147443557999257
2021-03-31,0.005103711925605129,0.006391047441386667,0.012164796151130055,0.01864469860415456,-0.001824483951717296,0.005195536585160732
2021-04-01,0.025972155757991146,0.0050905902648271835,0.01808156596500401,0.011270168785973644,0.020464714522012713,0.016678437500271565
2021-04-05,-0.0011780893736752338,0.016038015425453606,0.004703749828333386,0.009402762854463766,0.0015564380686867206,0.016565649432405884
2021-04-06,0.0028755963856106864,0.006554021627986769,0.0011475214167206813,0.010086867063696846,0.003713985382177701,0.002797716589247444
2021-04-07,0.0024736453248663036,-0.003937126328784495,-0.003911557356934023,-0.010296713821976184,0.0003670043819412091,-0.006369901826852778
2021-04-08,-0.007453607628574823,0.008799059935348592,0.002081816904567102,0.013905614751435069,-0.004073801721161913,0.0016657220199833328
2021-04-09,-1.964855536957383e-06,0.010988914654239875,0.006281420249576905,0.003411790422337242,0.004644982874269997,0.006453584372076089
2021-04-12,0.0004428591457065885,0.00523378859829341,-0.0020797153460191567,0.0012866604662718022,-0.005835810182059442,0.0011766545226884468
2021-04-13,0.004416015040889074,0.0014982942739551605,-0.00014696256692807528,0.006379091884450713,-0.002661986255549894,-0.0036216709280938193
2021-04-14,0.007016237229843117,0.0019188159297406791,0.011370060094601245,-0.005888633366676034,0.006648956086842376,0.0034454465611951993
2021-04-15,0.004221193532319116,0.010547435102085225,0.0013211548244056457,0.005058436019485183,-0.002126692667152136,0.0032152464321071337
2021-04-16,0.004159708001657863,0.00524781962962045,0.001394575996985661,0.006335827988375662,0.0038145582969788547,0.008549695918847784
2021-04-19,-0.013018204289132815,-0.006437845464515337,-0.006971470895142428,-0.013923098818651548,-0.00671386451393996,-0.007816746425880048
2021-04-20,-0.008976888972743652,-0.01146149025341474,-0.014708639633132344,-0.011141076357571274,-0.016548871873286373,-0.006843505522833552
2021-04-21,0.01160593976980574,0.01369157825428017,0.018814931960407903,0.02371699167416671,0.020601408862608306,0.017754617674919006
2021-04-22,-0.014430728603310952,-0.007947249054520369,-0.01800291344270318,0.00026791048280941105,-0.00958603979753478,-0.01119229731598858
2021-04-23,0.012441358165407956,0.019133922443970438,0.013949609915070013,0.014182087747701272,0.014838499456089548,0.021109110662647184
2021-04-26,0.011031147459682051,0.014091514408548854,0.009487278490070574,0.0045124684745444415,0.00015200615567213262,0.0120140037059227
2021-04-27,-0.0019209578727715612,0.007072865770333717,-0.004044317086992515,0.0028217665744504094,0.0008885786008643487,0.004649254545118647
2021-04-28,0.002749252373014932,0.0058064909261700695,-0.001096177866058893,-0.008570855320750208,0.0024857177660213654,8.122083367384904e-05
2021-04-29,0.010479250595499924,0.013180145447158132,0.006998537360854669,-0.009434870385162605,0.008872858036545585,0.007870959983255574
2021-04-30,-0.004678087399273924,-0.0007888758806936004,-0.005158652041552303,-0.015815072282311396,-0.0028020126995417735,-0.008383896561331282
2021-05-03,0.009583025851435813,0.005512884678480989,0.0035420830085162343,-0.012129302011291256,0.013100937024715565,0.0071836089689732135
2021-05-04,-0.006102178794620042,-0.004013367465935364,-0.01359281924999551,-0.02106546747938753,-0.010054756735133136,-0.009636576844247355
2021-05-05,-0.0008095462170935898,-0.003357808039258832,-0.00044876984514116957,-0.001415226104500776,0.004838388297524955,0.003988749023389047
2021-05-06,0.008239843167492695,0.008074576487767523,0.008728675228563841,-0.0015249174404766694,0.004427388129810294,0.008083135404475864
2021-05-07,0.00821198683547914,0.01368266253308622,0.013625863989138828,0.009508430447807609,0.016450006502462013,0.018219496843229467
2021-05-10,-0.004485322266045255,-0.017223034012529243,-0.009879182148459661,-0.03064706290164787,-0.0006428336400966428,-0.0062973760981483995
2021-05-11,-0.006364404382558698,0.007225032601381631,-0.011067294827968728,-0.007322323839714113,-0.010864909262025026,-0.01491400936872799
2021-05-12,-0.026045765295878712,-0.029423588048102425,-0.037554060162175995,-0.03467754936025315,-0.02257526749507636,-0.025355197559848372
2021-05-13,0.01559317597923471,0.00034984949216029185,0.016238859284319097,-0.0001354321923086048,0.025328761276297813,0.014358825836460438
2021-05-14,0.012991611524615088,0.02606493946337305,0.01954699457139039,0.03186415864499485,0.011148302833413068,0.03031676833845586
2021-05-17,-0.004262411188938407,0.0046186950500817225,-0.005504018272839161,-0.008450582332682229,-0.0035572031103783177,0.00848477485512389
2021-05-18,-0.015235923211808692,-0.00497982906830622,-0.008007725962978478,-0.002647558699569956,-0.010529914467962392,-0.011151980121037072
2021-05-19,-0.0005359746903112598,-0.0014446427490900208,-0.001636273061569557,-0.006962407618759556,-0.005450169495376253,-0.007329673139128528
2021-05-20,0.01514111366733646,0.01842711662906285,0.013051188442155727,0.019166078183217937,0.009776852156265926,0.007708673621527147
2021-05-21,0.0032491230534508367,0.003272463249771483,0.0011828193940703721,-0.005760430879283607,0.004049256362241968,-0.008255147697486313
2021-05-24,0.0018422532950845404,0.00421282594220178,0.0036895500152270924,0.016908751214253042,0.004378831904321671,0.008781231657462574
2021-05-25,0.00012420804894764715,0.0020940754060346702,-0.007723555377728552,-0.0013637905709762165,-0.007593564865042811,-0.00345108634400831
2021-05-26,0.005817570502049495,-6.130366909214927e-05,0.0021288403392529286,0.011725768858700206,0.010200458342349582,0.009213660520354746
2021-05-27,0.001713011802354016,0.008644009164031347,0.001835953121202558,0.0007998213043229896,0.0038645892641614023,0.005059620810741047
2021-05-28,0.0005220393888902827,0.0020682560074040636,0.0035303544039760296,0.004271491449594352,0.002488034251329597,-0.002503381603098624
2021-06-01,-0.006142122614873995,-0.001212269494005154,-0.005380797316900308,-0.004169974305002458,0.0026510972560386177,0.004606038511343285
2021-06-02,0.0064050373389862225,-0.001596445701821022,0.009420375803221392,-0.0014840867764423465,0.002956687053229473,0.002828005206525871
2021-06-03,0.0021262787582349185,0.0025050919651046907,-0.005605412345879779,-0.016762827516258093,0.002952342854569016,-0.002681645664468534
2021-06-04,0.005117939060713169,0.0059803620921431355,0.005025342615840235,0.01677700267333331,-0.0006848454258046206,0.004087565378806425
2021-06-07,-0.000625433741605243,-0.006008050200433105,-0.0013478659984508942,0.004501747868429784,0.001206721887693005,-0.00016999360473082597
2021-06-08,-0.002394923397335175,0.003924099441257832,0.004024727524769277,0.00589248562302305,0.009220861339036178,-0.0019203525006252008
2021-06-09,-0.002543808301992216,-0.0005149885346350867,0.0006562844513162695,-0.0066344293936488555,-0.009062655182218632,-0.0060519249990336026
2021-06-10,0.004963085893098497,0.012733949631269947,0.00916321864546474,0.01310714740066112,-0.005483332912781819,-0.0021083418230039945
2021-06-11,0.005262312805587277,-0.0010114617362444373,0.008496270875154205,0.007565766330828455,0.006319795307385801,0.0031094515303696354
2021-06-14,-0.001257909744609401,-0.006414799389611751,-0.004498041338604149,0.007128976386906777,-0.010917899579269561,-0.005432973826704738
2021-06-15,-0.0017745958853411753,-0.0004993116382359197,-0.004230374040972374,-0.010569563893544952,0.0019134239633544086,-0.0018576099552465653
2021-06-16,-0.007643586578146456,-0.009528940610253445,-0.009475586346195471,-0.0018144453998696355,-0.008664144310349677,-0.01424849332352149
2021-06-17,0.002650261738657618,-0.010882598019007365,-0.00014440492411448534,0.013997062697765393,-0.011605429284107426,-0.014567830473221218
2021-06-18,-0.019063807826673447,-0.007939795327360888,-0.013169493101280343,-0.002366095550834685,-0.016597557575064634,-0.01989613567450453
2021-06-21,0.013102452965890231,0.025607353929004675,0.011711306115276248,0.01315420137436256,0.0203873343157311,0.01734289350324321
2021-06-22,0.002783434836303218,0.004575533511249688,0.00746110218617255,0.008347936100996559,-0.0018852648958819652,0.005090636435572462
2021-06-23,-0.0037650718507416833,0.005606906641947451,0.0011475317385017526,0.0061110827140605185,-0.0015759923097762904,-0.002666256837656841
2021-06-24,0.007314664364131085,0.007960566985601462,0.011145416251287467,0.009330697380842544,0.00498076341943093,0.006025146517080885
2021-06-25,0.0011787106025614724,0.004455784698099622,0.009593087902277794,0.006209478523453456,0.004574879715077931,0.00785073975358034
2021-06-28,0.0016379253043569224,-0.014879841894350506,0.0037271040712583397,0.008438116600870786,-0.016541102151065287,-0.00042702661453782026
2021-06-29,-0.0033156788079213516,0.0003093431616623801,-0.002250187609072645,-0.0006393492985658112,-0.007712866097751459,-0.00036148528171127306
2021-06-30,0.007244308801833841,0.009091423845679993,-0.0006885479418520758,-0.0016413053756861177,0.005695862357205404,0.0031858715571693266
2021-07-01,0.0,0.0,0.0,0.0,0.0,0.0
2021-07-02,0.0,0.0,0.0,0.0,0.0,0.0
2021-07-06,-0.016740137593856157,-0.022923863016552044,-0.011913977347227775,-0.021633537777135642,-0.0173458510031305,-0.015346829292879493
2021-07-07,-0.004841621896824945,-0.004135532093552323,-0.010661472442247953,0.0014415844248899692,-0.0019936368487264186,0.002168417301252587
2021-07-08,-0.010392649623374607,-0.00816510897979539,-0.010879789555290523,-0.01020153260143804,-0.010317264749690106,-0.010930951534050822
2021-07-09,0.01951967899855485,0.018868232441904362,0.0192189518729581,0.026531619769759086,0.025392261463761837,0.021688749485306587
2021-07-12,0.0026676010013455716,-0.0009736060279973845,0.0010667070276504887,-0.0012317605154452517,-0.00038860802604917093,0.008438396744663538
2021-07-13,-0.012447495784652414,-0.015201312262838145,-0.017717301720796587,-0.02002533511851818,-0.014831433483470699,-0.011407247868881008
2021-07-14,-0.005089308914145163,-0.003570005174790498,-0.003654150996763242,-0.00742946444433443,-0.0035230534975498884,0.003911481933409408
2021-07-15,-0.009363667868975417,-0.014474280929047303,-0.009933297560882503,-0.022335872443895167,-0.005884370520923491,-0.014474626257769527
2021-07-16,-0.015853100426119846,-0.022904551388408814,-0.02646441213727568,-0.030651726965327933,-0.016771341452894092,-0.01622120589256106
2021-07-19,-0.019395532343853515,-0.029918719360100248,-0.019637138956450424,-0.0411062140271774,-0.027566635868167436,-0.022537372974560786
2021-07-20,0.03480972539534353,0.03550244201649233,0.031429822574152624,0.034095175846733924,0.03338341283174912,0.027509962210251003
2021-07-21,0.03243063510203921,0.034341911449043805,0.031740970392003354,0.05008157696067175,0.019438422695614473,0.01597639802479083
2021-07-22,-0.00911674563325932,-0.01119186713767671,-0.006274985939136958,-0.014733667305572412,-0.009146921863710893,-0.009186908577063545
2021-07-23,0.0023683180900671693,0.0011067144873531539,0.0047876129170287066,-0.011797744448004546,0.008357208115560125,0.008624845207092792
2021-07-26,0.011182567962878488,0.015046022955596497,0.01270029726506746,0.03548733377007843,0.016969057911059883,0.01157443730675696
2021-07-27,-0.011194896369305596,-0.005658289483037841,-0.012686602636288095,-0.0144934416085904,-0.011093759741199603,-0.013294291970218834
2021-07-28,0.0055136140370826495,0.002321333523064825,0.005386428119114855,0.012797360369245428,0.0017664873034287315,0.006286050368923508
2021-07-29,0.005119896145546652,0.004636321254601647,0.009280981122822394,-0.0006470366355289655,0.01174424112917271,0.007426450596349807
2021-07-30,-0.0006329359290769395,-0.0036616626543242844,-0.003345607937518514,-0.02421100718721742,-0.00881059040697877,0.0007685294042609246
2021-08-02,-0.0027454706101343214,0.0007144275317012904,-0.0016474325000435624,-0.012798520236524868,-0.0037269415945704845,-0.0009417668623850328
2021-08-03,0.007486009304828969,0.01340975737446946,0.010703311347780867,0.012779466942224838,0.010989105409716898,0.0126637035560848
2021-08-04,-0.016578401255905022,-0.01743573328621746,-0.01588243615001499,-0.04171899670055284,-0.030542362222869313,-0.008604192848394763
2021-08-05,0.02113945643400132,0.019558184140989743,0.015921568405094403,0.03183130326669273,0.013508650064396114,0.014477934973356681
2021-08-06,0.006392318443573472,0.00851915677024884,0.007261709967952151,0.012635902648458512,0.009796706414441005,0.008032436834734731
2021-08-09,-0.013036454425355549,-0.008212262090330606,-0.006949601668905578,-0.01622021374966197,-0.012886765659658806,-0.006288741668391825
2021-08-10,0.0015579946437395218,0.008849867851945192,0.002670280571155781,0.01976388991687877,0.004634929867838174,0.004547659795500646
2021-08-11,0.010422441575894876,0.009184919065362835,0.006656247891835379,0.005397233778780431,0.0075388706478040236,0.00849046418900781
2021-08-12,-0.006143226920368975,-0.00497742640474162,-0.018939878476201773,-0.0034032186047922883,-0.008037485739794289,-0.0024930833305271804
2021-08-13,-0.005115801334822266,-0.0035886772099631256,-0.0017173840175607876,-0.006360130505531234,0.00013846833355871764,-0.004793022334348163
2021-08-16,0.002897427177174347,-0.001441014886223553,0.0009567765696763923,-0.002558306401272867,0.00394261791764209,0.0005654051164447615
2021-08-17,-0.01601386199192036,-0.007211592306296219,-0.012858184758092299,-0.0049269458771711554,-0.014279944176374468,-0.006328749747897399
2021-08-18,-0.008922149342014185,-0.009296056499582917,-0.007955256273246395,-0.009363785700075653,-0.006198171258310818,-0.008023722573727684
2021-08-19,-0.005285470342842469,-0.014017939399946914,-0.0035213881266552734,-0.010155494147407719,-0.005305300543812901,-0.010158816351818692
2021-08-20,0.008363958622759798,0.00738888318604758,0.011405240870306171,0.0031092732547549377,-0.000622275792212967,0.01038780603600731
2021-08-23,0.015830070685614143,0.0220696502513178,0.03192058653847654,0.014765140018846571,0.02388243631485166,0.010302390401336532
2021-08-24,0.010785977309630958,0.018031420967267175,0.010036522391409406,0.012387031913923124,0.012045414895166478,0.005359633291135082
2021-08-25,0.014014204246508311,0.012527995695990819,0.012592768758134917,0.005480433949588773,0.009464434233249087,0.013120357414805191
2021-08-26,-0.012281057000676969,-0.020435107176141755,-0.01692897217150602,-0.013554852727362393,-0.017639745502650503,-0.011511283156602412
2021-08-27,0.014635295226736005,0.02327035745473836,0.019034291867636246,0.01798188832844533,0.01703641542078644,0.013737902134503707
2021-08-30,0.0007143735349130698,-0.006754882509166654,-0.006782970522638509,-0.007295154201649074,-0.008707114867318209,0.0005364526607153112
2021-08-31,0.003082441140074405,0.003883663886996099,0.005561762831642004,0.006682458987030982,0.004160896869301254,0.004651577352535758
2021-09-01,-0.006605024814285846,-0.008459827899927573,-0.0024108253133038157,-0.006482529456180563,-0.004367253864096156,-0.0021245871928029176
2021-09-02,0.010549164245089388,0.019189895360046685,0.009770523352079908,0.0169040148727211,0.004180717490450758,0.0113534804919003
2021-09-03,-0.009139399808120686,-0.00937903779252113,-0.008605718068535665,-0.005155430700326697,-0.007822260883658371,-0.0060376124589484464
2021-09-07,-0.004884179085209985,-3.685264591376386e-05,-0.0038688702235101834,-0.0018824467718405048,0.00021988617420725819,-0.008276823191967977
2021-09-08,-0.009575928023038673,-0.013888167197239381,-0.011452891114507134,-0.006267950373816769,-0.013404962270016427,-0.006636757754122476
2021-09-09,-0.002306313833212525,0.01010695569120987,0.000352050641642778,-0.0025053715401946496,0.00686683497456532,-0.0014324244523356443
2021-09-10,-0.0023694932852383207,-0.0048238635625002906,-0.007442734192740911,-0.002070958927470813,-0.002509604480745399,-0.006484250553347073
2021-09-13,0.012083282929488836,0.012411888405986128,0.017720449205889426,0.016941958131377444,0.011874625651547052,0.009732301123410895
2021-09-14,-0.005237650637340857,-0.011198051729611237,-0.009688441306059333,-0.00605581051569444,-0.003452081743549343,-0.006193488101554282
2021-09-15,0.010770131489986748,0.012252744269129376,0.004596469052705431,0.010478796818747894,0.010680237073071459,0.009965195037763703
2021-09-16,-0.0038499786079444747,-0.006251351397009173,-0.005246039814420896,0.00255501833840786,-0.003112614339857451,-0.001438031830314025
2021-09-17,-0.007649621527574707,-0.006082755238287377,-0.00536524620969457,-0.00524321812662716,-0.0071397104503407955,-0.0017594874931073838
2021-09-20,-0.018388073743240137,-0.017467390237424867,-0.012758646244686225,-0.023248413937807633,-0.016834908696163574,-0.018179313662042
2021-09-21,-0.006147505575651921,-0.0032250181701776273,-0.006580220998568766,-0.007974770859293392,-0.005512012091624629,-0.003912744567031039
2021-09-22,0.01442494300889919,0.01371523764099974,0.010785140239785045,0.008481191252082397,0.011285924512402684,0.013019963025746348
2021-09-23,0.013581720598028023,0.015035481816522553,0.01701090971079663,0.015698204892409594,0.011614370016011108,0.01418555780323529
2021-09-24,0.0016351897639721108,-0.0016042176122519772,0.004098090732055659,-0.0043422489759362025,-0.004702826685770994,-0.0007496883070965921
2021-09-27,0.003829327387728497,-0.00039731634242316034,0.004088282085173986,0.011981169127085151,0.005038209557900234,0.011554244661447288
2021-09-28,-0.017045488453856363,-0.018707565490395088,-0.014340697362802616,-0.011212713027107213,-0.012788218514234334,-0.013709454395510915
2021-09-29,-0.005361810813915727,-0.006259306460942851,-0.00180096414398721,0.01053161592442671,-0.0042822162194420255,-0.0018277172545139331
2021-09-30,-0.009548783951554384,-0.01345623475489323,-0.00759828991449444,-0.008418810572682865,-0.009676116295836569,-0.01886127973606312
2021-10-01,0.0009091227815653993,0.012109733154514104,0.006503963853922617,0.016277616349046658,0.006411884222541917,0.011601186234442737
2021-10-04,-0.012048216702003515,-0.014201520149195797,-0.020557676226660125,-0.01800634209319554,-0.0030380301639602895,-0.009809788658684974
2021-10-05,0.006363981832910204,0.010237613255048246,0.007273460678609813,0.008073887750210604,0.006988179617255756,0.0034359600647649014
2021-10-06,-0.0012956773308422547,-0.00435789576358982,0.001777596869293617,-0.014744631198542045,-0.003267569299114614,-0.0015200935271232258
2021-10-07,0.012447951910809258,0.005946708214772065,0.008394821421255345,0.019057610909933877,0.011003996592030545,0.009118296130860692
2021-10-08,-0.005874426076430791,-0.004813902653674617,-0.015030628795184936,-0.0019549558976482613,-0.0041133023290823405,-0.002076610370258183
2021-10-11,-0.003695581251039953,-0.008005788636881618,-0.007827456610037049,0.00315807879564098,-0.002456918494427435,0.0015471308474839665
2021-10-12,-0.0026772510747576327,-0.0008520217402793956,0.0035913854736364056,0.005786130247026772,0.004543195447876249,-0.0053115319654870345
2021-10-13,-0.0005351188011401852,-0.004441363431065878,-0.00325654533711493,0.007283048570064208,-0.0028144969044811433,0.0024736421841753484
2021-10-14,0.02217940843408165,0.018825585623241086,0.01918930101786616,0.01859919148407264,0.020611855724915515,0.024260918884887413
2021-10-15,0.0016876461410359604,-0.000736301810026596,-0.0037139993934945693,-0.0007666307412851947,-0.0023309109394001877,-0.0007047766341009736
2021-10-18,-0.006506536159954906,-0.00210506964826675,0.0007367713350918501,0.008306339308559098,-0.000584019001225007,-0.00531225501146493
2021-10-19,0.0032933612182333063,-0.00043102360168472873,0.0013961211104839106,0.009319809394668498,-0.0002986299776186137,0.005214728044796169
2021-10-20,0.008042742971022905,0.008175825112180042,0.004125732675209095,0.005936559941320799,0.0034494137727987604,0.006875394021538207
2021-10-21,-0.003164170715257389,0.008359499526509436,0.0016595413864503115,0.009545159181615743,0.009752329693910993,0.006122439499160001
2021-10-22,0.006772565732833144,0.006695479724757737,-0.0031223865755935637,0.00021683213767973862,0.0007912920436550402,0.008565579941081751
2021-10-25,0.00657071421314676,0.0018026467876506819,0.001955637805945594,0.004850630317654365,0.005692924341870708,0.006848992859672177
2021-10-26,-0.00402964752146958,-0.0010847764499855883,0.0018489128889606849,-0.0036779916995267263,-0.0035624780031263937,-0.004754868455074583
2021-10-27,-0.01593060742076128,-0.02125222832090342,-0.0038577302127124156,-0.009922381010298803,-0.019612860429041194,-0.016115209444407076
2021-10-28,0.006541728501705338,0.01597151801576992,0.014662277741100356,0.019946268305904524,0.01147540455710383,0.006208386970563592
2021-10-29,0.0043458325192650814,0.009194467351605406,0.0031674344060154294,-0.0012868350668620444,0.007245289293555842,-0.00651092405319795
2021-11-01,0.015722162303611145,0.02533011941141676,0.008103759997946958,0.02127410284788329,0.015084945931301344,0.014160414313677993
2021-11-02,0.009243565993382582,0.006538356814514091,0.02410883818204081,-0.0014441522832485169,0.0017746140671608993,0.013041666429891883
2021-11-03,0.005731822589151598,0.004583261600190924,0.006052621302664758,0.012084638533107468,0.00944013894886201,0.003018722115172281
2021-11-04,0.005532098976468138,0.003960377325561802,0.011582552641788238,-0.016024750173751087,0.00867922719223793,0.01010131042744036
2021-11-05,0.017995666703443342,0.0231004681358735,0.016273218598680448,0.030883495694343482,0.021107867158832193,0.004564704214021733
2021-11-08,-0.005099065251819315,0.0007317024928223527,0.0028593793695456124,-0.004093772446862264,-0.002495512007927576,0.005156111477319895
2021-11-09,-0.005553848423659051,-0.0027135586033618653,-0.011221701849202768,-0.017976463325956826,-1.0458593510077917e-05,0.0004933324132527609
2021-11-10,-0.007263874784758268,-0.009714641787230967,-0.012794196841610352,-0.007314994878983718,-0.004979464700662752,-0.008202747761120323
2021-11-11,0.004273527514109213,0.0018139143164114671,0.0033324059762577245,-0.006825147527592643,0.014041521322594869,0.01792338497406421
2021-11-12,0.0018521788396468773,-0.005236691340956058,0.0012071764281883328,0.005145834634641782,0.002590724992365473,0.0038475602739030004
2021-11-15,-8.37763106676081e-05,0.001169721632239154,0.001956931742520514,0.0027351152810829965,0.0007807518773153515,-0.0048180887319683174
2021-11-16,-0.0023637000706302914,-0.0020008999503449663,-0.0053512301341143344,-0.00047485709520357893,0.0010291388078493661,0.0017317862034914161
2021-11-17,-0.007482488999599016,-0.007068827802152712,-0.014627014493639595,-0.01019889903059892,-0.003021791834096771,-0.00801462399760504
2021-11-18,-0.006439736339759916,-0.005310121049970641,-0.0030621476652616174,-0.008732397204583178,0.003357132430365506,0.0074681707773465176
2021-11-19,-0.012807004314120431,-0.006165134006079491,-0.015403306089731146,0.00318017121495889,-0.01342633560274724,0.0006182586629803928
2021-11-22,0.0008221020160929131,0.0035055464744917246,-0.0027602385196293655,0.003086866731780082,0.0006466851375201893,0.0030803998268081304
2021-11-23,-0.0017906263789081776,0.012002784193975751,0.009169015607797731,-0.009883818937747379,0.007425250589050182,-0.001926189109473986
2021-11-24,-0.002993694357205961,-0.001563547157806822,0.002786322283044165,0.004409717833321891,-0.0037852424774675363,-0.0027762383914270447
2021-11-26,-0.039254491741582125,-0.032853756389384425,-0.03820711588127228,-0.0236799314965944,-0.04603844086449482,-0.021611591834038445
2021-11-29,0.009551507590750834,0.012441204344341912,0.00833125596932754,0.015152929339326975,0.01172473531646803,0.014459370230898803
2021-11-30,-0.020727824710049695,-0.019072818101585717,-0.023423828511608135,-0.021304846194060867,-0.023877754879435022,-0.02568174480762595
2021-12-01,-0.00988615173344171,-0.013997530439439429,-0.023763368977073446,-0.05201949026958271,-0.014965773678701371,-0.006697995972976217
2021-12-02,0.02108361352637097,0.025948911151135158,0.028756855349677153,0.044068478176389474,0.03047448226481947,0.016755771357452313
2021-12-03,-0.005340031832171433,-0.005093272137557188,-0.013235146435988445,-0.02344693774439596,-0.0026364272271508426,-0.00237063597528312
2021-12-06,0.02358636551351026,0.025838224024185924,0.01787752002247015,0.03782611031353438,0.024219113860226817,0.012398459858830669
2021-12-07,0.013080679438609492,0.014965211514907133,0.017063360484922057,0.009819260312830971,0.01727572983258539,0.018659033886970152
2021-12-08,0.009540791158224688,0.009051828882365682,0.010913106460635428,0.028615272768302256,0.00549359657640148,0.0019949910482922606
2021-12-09,-0.014207047601691697,-0.01366082730253065,-0.017423622495320548,-0.021752832814405296,-0.013190969565336394,-0.012145971353005863
2021-12-10,0.007523232519169678,0.0007663984676149399,0.0026962788302338316,-0.010293724552670457,0.014780263847150135,0.0057182218426635395
2021-12-13,-0.013499742382348362,-0.012714380268752991,-0.019874307630461895,-0.023459216915681678,-0.017392157512225073,-0.016094544757481698
2021-12-14,-0.005882549341840737,-0.005807766405434123,-0.0039611646737713465,-0.00922679999755931,-0.0011712632209127491,-0.004383588702583211
2021-12-15,0.003962286096661375,0.009014667935363293,0.02514811805764529,0.011363168307876785,0.007367112290001575,0.017650591301557644
2021-12-16,-0.007949033810909228,-0.017818616597660025,-0.024779689545616348,-0.026374549033646957,-0.013354857160575112,-0.012469228761791849
2021-12-17,0.009445098323097744,0.004538947287043491,0.010302849619137898,0.027183850402511145,-0.0011044091890940126,-0.0012799496934812883
2021-12-20,-0.014398843223792975,-0.01758600578027578,-0.02140320700454034,-0.013909996844019262,-0.015772573303429738,-0.013929973668663468
2021-12-21,0.029009018212343456,0.023857281753021275,0.03442976173356791,0.03714922893789969,0.03156653963138155,0.02290706206413137
2021-12-22,0.010211735040719545,0.011534062754641606,0.006083313254260456,0.009399395448323588,0.009580242176038622,0.008953488344300072
2021-12-23,0.007685760236162547,0.006478024642172116,0.003855202656876231,0.009481260463173298,0.008359775056126097,0.009813461769942614
2021-12-27,0.01444546554565015,0.021338613812588905,0.013023693353297288,0.014958000989588317,0.0118374505922491,0.02084721361297223
2021-12-28,-2.6242474566763054e-05,-0.0004120319819734135,-0.006505969547707623,-0.008559489992881553,-0.0037603571222432756,0.00034525717113674195
2021-12-29,0.0037225167887031847,0.008849771148216074,-0.0008756165395154178,0.0020844905192721323,0.005911960000225366,0.005252273914740641
2021-12-30,-0.001818503686745658,-0.0047337620087459014,-0.0019644250123301075,0.00151117805466641,-0.004733553977095431,-0.005412481842636993
2021-12-31,-0.001647067298394401,0.0012830870942549277,-0.0018738739486516575,-0.002779823194198578,0.0010523327146927473,-0.00027455669191242755
2022-01-03,0.0,0.0,0.0,0.0,0.0,0.0
2022-01-04,0.0,0.0,0.0,0.0,0.0,0.0
2022-01-05,-0.018747256185135685,-0.04258695923769645,-0.04674027491183326,-0.03030173678411832,-0.02565402414592912,-0.02175967666862391
2022-01-06,0.0005348878450403766,0.0029417312032203025,0.002393312767267704,-0.016282826275258837,0.008082051193029738,0.0005795891032714255
2022-01-07,-0.0004371284397428959,-0.010556945947927786,-0.019842445291540927,-0.007265380488001552,-0.020381014599429825,-0.023202690139591996
2022-01-10,-0.003368243423415334,-0.0001944256766401863,0.007495284418730247,0.0015109166336755558,0.007004262602138487,0.004640694865883639
2022-01-11,0.01005519754072935,0.014155416146850472,0.010379920219552927,0.0006232222646903424,0.012320978124512248,0.01104113766018047
2022-01-12,0.0014904507044029183,0.005626117668475112,-0.0022826647770668456,0.006198319484761914,0.0005230311509769003,0.006778117251528438
2022-01-13,-0.015181152988316335,-0.014611751113274993,-0.03761024956298158,-0.012437124331174847,-0.021660270161634836,-0.02137180875753187
2022-01-14,-0.006847186957212904,0.004666432405348585,-0.006705961031957044,-0.01123857858080826,0.00447926643261516,0.0012078036989891983
2022-01-18,-0.01681520864437441,-0.024316540818249875,-0.028818545101073144,-0.006601439727432341,-0.02761910101399641,-0.022178037653930307
2022-01-19,-0.015083514428136312,-0.0036200406528497705,-2.1612786599459026e-06,-0.008356529217727842,-0.015063645329007764,-0.014975641147240381
2022-01-20,-0.018630724113738804,-0.0070776593830670625,-0.01591709133372122,-0.007879129343001176,-0.017384472179464032,-0.020699987252981774
2022-01-21,-0.02156380920229107,-0.025974885399521915,-0.028034170721379075,-0.006269075008350184,-0.037250113114935764,-0.01642085608108688
2022-01-24,0.004400987726076069,0.01890320225367823,0.018788179738750552,0.0068531945037066605,0.015170904869844506,0.0193250912525777
2022-01-25,-0.002502449964021697,-0.01860279623940215,-0.033376438558577956,-0.006356352300410522,-0.008511730488445002,-0.02738189020364235
2022-01-26,0.003340673208472721,-0.002034528528834379,-0.01440920736009171,-0.009119770053501253,-0.0123032093282716,-0.0032355835883899255
2022-01-27,-0.02125714974462549,-0.02941335171203751,-0.011663753344307089,-0.01147698328861085,-0.011712494865896506,-0.00947385273245468
2022-01-28,0.026790530986328658,0.015778609824721877,0.028825196922668106,0.035136239356874883,0.012178639674946555,0.010404904163004915
2022-01-31,0.034238391320143814,0.04610689713222695,0.04847457790119278,0.008292080469510962,0.029231123212421634,0.02795963733020854
2022-02-01,0.014452736954158777,0.015401878053964948,0.007774216829818673,0.0015315713499078044,0.023888957458921032,0.0026223827385350325
2022-02-02,0.006559650994558063,0.00462005408114505,-0.0018163564763289414,0.017604526642403487,0.006285529325467443,0.012462774303913524
2022-02-03,-0.01299854081263773,-0.020562058035673424,-0.028001991368517366,-0.0069137356946973065,-0.021672512281858184,-0.009433192607823989
2022-02-04,0.013085128713288189,0.014790868328977915,0.002162428212460616,-0.00857037527792512,0.009512500479094937,-0.01516025996340153
2022-02-07,0.01100170919238109,0.005685166081105218,-0.0005631932217579673,-0.00393766078219897,-0.0008090540353146418,-0.00163116134043232
2022-02-08,0.019239913673859608,0.013983551687567913,0.011554067638778823,-0.0022570379669391615,0.009591041825495632,0.009153053370393542
2022-02-09,0.022680827477383682,0.028196109230485565,0.022259753810097233,0.02106504607006183,0.02221399090048492,0.015371000862356866
2022-02-10,-0.020650810532571093,-0.01902816692579681,-0.024128963417149502,-0.024984315265727034,-0.013873926034826898,-0.023162659744245057
2022-02-11,-0.03270526611251167,-0.022869847849782878,-0.01920931224360606,-0.012383962191042578,-0.02754995913429251,-0.008340731339237848
2022-02-14,-0.002212640355790095,-0.0061404734708096695,-0.00846960657980752,-0.009291868311336481,-0.008056491629468575,-0.007974679656463797
2022-02-15,0.027484649834914585,0.011725551720737937,0.025342238387667065,0.004969021715325804,0.027518462684494954,0.016181686923103837
2022-02-16,-0.005439399648672896,0.0030557575270376324,-0.008245442354252227,0.00022478848196847085,-0.004185974499416866,0.004425990845609342
2022-02-17,-0.014269803240666203,-0.02603309298773607,-0.02692382863369212,-0.01562457147566904,-0.027938187188992054,-0.008137266507192946
2022-02-18,-0.005746089794478173,-0.010855988620824333,-0.006079099684655699,-0.005668173705001253,-0.013203494473851713,0.0019179943210048036
2022-02-22,-0.01659881165979623,-0.018385299549964,-0.01882881681837911,-0.00039362606013880144,-0.009336734080764793,-0.010479081115518148
2022-02-23,-0.025957694889840403,-0.021195735810774875,-0.022772103270911098,-0.015429251166031837,-0.02071500394128778,-0.019941908043887256
2022-02-24,0.01931513159734467,0.02763755728104284,0.02645623496948416,0.02558512129384521,0.029456506788822886,0.02295711684537361
2022-02-25,0.020698042278142943,0.017177048700918407,0.019687547028915328,0.025744925822375045,0.020006794926225216,0.02709541465983668
2022-02-28,-0.006951220561542335,0.0002457799417333582,-0.035808716874794345,-0.010372556095778543,-0.01364315651402466,-0.009262047486371418
2022-03-01,-0.030555713709107795,-0.026023835350861956,-0.004629149481219917,-0.002293438699930911,-0.03381793252998312,-0.01716796933218902
2022-03-02,0.014593238396433365,0.035706004866788585,0.028997926464546978,0.018457546146754236,0.025680956218901305,0.02600281491045554
2022-03-03,-0.023542650331564476,-0.022090555662304882,-0.01907059546173027,0.006406610465743389,-0.013927858022572827,0.006743166580676207
2022-03-04,-0.03961375357787798,-0.02801924482390017,-0.013880777084134703,0.008041658587122632,-0.022804029540805567,-0.015726492384660784
2022-03-07,-0.08108878609016854,-0.03456615889416506,-0.04060255080403955,-0.01935009165406811,-0.05697266896574003,-0.034446254361253786
2022-03-08,0.011635817901040103,0.01966227625727929,0.0010089325132637706,-0.007367735945194285,-0.0021799542677881294,-0.004758730964960669
2022-03-09,0.0570615136725399,0.05604220311056485,0.03631132769670002,0.012092596258558136,0.045655073792873625,0.037249370833624486
2022-03-10,-0.0010231180011526747,-0.008155801848816164,-0.016789451696198065,0.003919268883508234,-0.005200072253188124,-0.01827648983378497
2022-03-11,-0.01809213392405739,-0.013046698795190236,-0.015828777002754833,-0.011791951037073518,-0.008671921171723313,-0.01325375329018876
2022-03-14,-0.011275451729790591,-0.01104781259778566,0.003130569440619358,-0.005258209165716092,-0.007185418183625263,0.0003760854026458947
2022-03-15,0.04687747345332577,0.030274235894051215,0.024801484973879982,0.010823643346337095,0.03393364153136401,0.024804477535584152
2022-03-16,0.04501117792009058,0.04134921353060554,0.057111668983724245,0.013853573766408228,0.03876338731847616,0.014731622618259325
2022-03-17,0.005803509967442251,0.013110677471900038,0.013990120896562461,0.017322966452872568,0.005492093552597353,0.010661253812842024
2022-03-18,0.01761926913815666,0.012025917001491982,0.026399159564221838,0.002740430419898679,0.007504421767324305,0.0010846085400794047
2022-03-21,-0.012318661493873841,-0.006218715714312352,-0.01500999003726926,-0.0006210381792083335,-0.007294338442431948,-0.003970275899189678
2022-03-22,0.016153147803266606,0.008228510253576293,0.0199960597176225,0.00017271139130094584,0.008812639076992411,0.0035978187134417805
2022-03-23,-0.016694348491088452,-0.01860663719481451,-0.024840102315609996,-0.00853643352723915,-0.02356413987928427,-0.011314500379081601
2022-03-24,0.011324883320892678,0.007699984272324879,0.013065014327584841,0.008529457963217538,0.018604613166099203,0.008858094729586463
2022-03-25,-0.01032398838378787,-0.0010596562946657139,-0.006189829999317011,0.01170956215582877,0.003707755548410237,0.008697112146411565
2022-03-28,0.009438555570799945,0.0071880422269448374,0.015471974668518755,0.006817221289728307,0.013447740036717271,0.0073346452157326755
2022-03-29,0.033812605433410504,0.028257248205814083,0.02988799199083735,0.02129550779013162,0.027130555596500378,0.01507478372256269
2022-03-30,-0.019053750489309428,-0.012822367368014181,-0.02284691587652876,-0.0057339612106094805,-0.010874481478721696,-0.006060901342639753
2022-03-31,-0.01746976279905253,-0.02425519624623634,-0.015401374841813307,-0.007970717183354344,-0.014802951763855429,-0.013927132342499681
2022-04-01,-0.005928706852823702,0.000420202697694272,-0.008134209775895749,0.016991339441183834,-0.004245675736540667,-0.0008715318448305585
2022-04-04,0.00923301753140352,0.001990889594790691,0.008686624039986265,-0.0034470694241379636,0.007752093468673399,0.007396014172239588
2022-04-05,-0.022069813537823654,-0.020907776391954565,-0.024105113958907336,-0.0008692361061510918,-0.021088377872544313,-0.015915339491618073
2022-04-06,-0.01800929267475085,-0.002008008771015249,-0.019327340716106634,0.00658740931867002,-0.005414201175265425,-0.008430444972665242
2022-04-07,0.004471489332660744,-0.0011447311315392096,0.009926802752176542,-0.00272513969237041,0.002329370681074365,0.00562637379380246
2022-04-08,0.005397783644116378,-0.00039666310222059723,-0.006107389169092832,0.004074846298827911,0.0009795376843700914,-0.0009183820795121399
2022-04-11,-0.013561133734548751,-0.015866859446726708,-0.015714407654843825,-0.01680492828119153,-0.0013585888176793964,-0.004448905363363834
2022-04-12,-0.0035112594380156343,-0.009648235899433045,-0.007679748468771595,-0.001234731543378857,-0.0026758362101584592,-0.0039470518886077785
2022-04-13,0.033017177366214547,0.014792044046369255,0.015655828599595245,0.006861057756097867,0.020587077704229906,0.012906293080134006
2022-04-14,-0.023596905169819153,-0.015684256132878032,-0.01899194022989325,-0.0014287037021763873,-0.014728293864383424,-0.019963996623444
2022-04-18,0.0034099237462221947,0.00045750642512904297,0.0007816341081876396,-0.0009304472180059397,0.004630000684397281,-0.003675517046342861
2022-04-19,0.022058328164848966,0.023511021626831118,0.026140538743197064,0.01822336350085666,0.02496858256466514,0.017691991744049278
2022-04-20,-0.00926671674346869,-0.019866552440243473,0.0018052981269415323,0.01795416285190329,-0.02173028622912984,0.01558657558511621
2022-04-21,-0.0225821342978524,-0.013097047290346239,-0.022199790939518363,-0.012917967549214808,-0.010909579907254784,-0.009024309163309216
2022-04-22,-0.02708538389046261,-0.02427729338979971,-0.022137977544974353,-0.026941321839244293,-0.026127784734650435,-0.028836176880280222
2022-04-25,0.004182370622532521,0.003883443140811904,0.012959658348980918,-0.005998843084930108,0.0028323860613620297,0.010778298738782291
2022-04-26,-0.03310917167616367,-0.03746661266049212,-0.03845750046679919,-0.020955135250055573,-0.03754134750470909,-0.025822109665267257
2022-04-27,-0.005809098726367428,0.001691706898272941,-0.0016079762641537224,0.00728461617507217,-0.015217596973434286,0.003355464925314561
2022-04-28,0.036796074982707115,0.021921302894846964,0.001212529376413412,0.022620282923926902,0.025183691564727457,0.006471142896746825
2022-04-29,-0.04469522844862076,-0.03852635711943464,-0.03544084341263333,-0.05006888645667905,-0.03906476942699685,-0.025467207160096483
2022-05-02,0.026454364668831724,0.016678324247944996,0.01382544481652868,-0.023635940028372285,0.01712981376384115,0.0031844621215109297
2022-05-03,0.02134724962348699,0.008651231594301916,0.005181144799843168,0.015934255916052832,0.008155057745438465,0.0054827349703905
2022-05-04,0.040314337304309014,0.02977672557614022,0.03060706295645225,0.019764652645236722,0.031421503892759696,0.028306393677463643
2022-05-05,-0.04888213226948847,-0.03750553524658297,-0.03700310172102355,-0.03313923722816478,-0.029135129491656264,-0.021306949804264116
2022-05-06,-0.011352957971919077,-0.021654056995999406,-0.02498193035887586,-0.009195623295876277,-0.005076715867980258,-0.009243733086739384
2022-05-09,-0.050163504664781686,-0.023557250107641384,-0.03633596635854206,-0.048712434548584996,-0.04376130399893804,-0.025427567877635386
2022-05-10,0.007564035303981345,0.003502713692446659,0.004192910217554089,-0.008838782570778303,0.0005894418421377263,0.005014717641056517
2022-05-11,-0.02494960960756511,-0.03096083877519079,-0.016446674682715223,-0.004375903850888708,-0.022399440609075057,-0.02715731605482097
2022-05-12,-0.013722539171180393,0.014946966834916782,0.011007404332689173,0.004838047157991357,-0.005160471076880172,0.023072374969375094
2022-05-13,0.04693342753065842,0.049569193180163895,0.03869473005055309,0.026120297146896104,0.035563177011593866,0.03471804046808868
2022-05-16,-0.007637934283158313,-0.015609990420813503,-0.013202564077105022,-0.009651164226830503,-0.010758979175197237,-0.007165289088949877
2022-05-17,0.05516437454611209,0.033580589662317605,0.02289311118107705,0.011935308554163113,0.03825150282197344,0.012981321808659947
2022-05-18,-0.0541920105800516,-0.04179447567640294,-0.04087784474444497,-0.033732992191462405,-0.05036083014985447,-0.05532488674126575
2022-05-19,0.0004311047008452606,0.0126113390993233,0.007757414479067612,0.001260110213514431,0.0014661464713426717,-0.011738918484882073
2022-05-20,-0.010381369157251392,-0.0008119727116762464,0.0020003318556636777,0.009108460835319698,-0.0021488828343835605,-0.0018043656803325557
2022-05-23,0.01730873689032323,0.006809260410423974,0.014954039638899432,0.018938756349317472,0.020763534714278047,0.01515828402914128
2022-05-24,-0.013835811191792106,-0.0201607888547788,-0.00776719980187977,0.004737311508421887,-0.025285857808035585,-0.0039030907770916286
2022-05-25,0.024591565903496395,0.02274512841995337,0.026371823284762223,0.008183946554004083,0.030007247567336918,0.027921344775423268
2022-05-26,0.06784150190178385,0.033889529357231295,0.035710062908580864,0.008171864065055571,0.05258662480333267,0.034809365645060784
2022-05-27,0.03802574812639635,0.03756019010137362,0.03808512503332813,0.02837955193478849,0.03310593168974374,0.027880717118886827
2022-05-31,0.0005473409028094926,-0.007629014191969392,-0.01802181142800595,-0.01114491260833095,-0.009125095218693537,-0.013768386854182323
2022-06-01,-0.019118252908438403,-0.011192886343627875,-0.022109771246328656,-0.00898995875979757,-0.022199470485878364,-0.01584467078624172
2022-06-02,0.022440277796545886,0.038060898281514155,0.02960387931576355,0.016319860491164715,0.016901406272560655,0.00913437088987343
2022-06-03,-0.016125041875464645,-0.020528759229489612,-0.021614081380757055,-0.008723137084200559,-0.02443506847650149,-0.016065739242362785
2022-06-06,0.0026682061178869587,0.0016337440098007383,-0.0030594075774281063,-0.002081882784215224,0.0019155247030455936,0.002574102643455589
2022-06-07,0.00785453546863652,0.012571516991160669,0.006041876312485241,0.014747392721147369,0.011688113964521758,0.009126022978392396
2022-06-08,-0.013274342324304751,-0.016122370367444093,-0.009712703884155512,-0.015579466727654558,-0.018470456837811504,-0.007277854168263431
2022-06-09,-0.024699922921311863,-0.02613635283624413,-0.030439131404910103,-0.02102719917562789,-0.03309243647027135,-0.01642774056499515
2022-06-10,-0.02801715313460946,-0.018100632578120574,-0.034039861628328956,-0.02620955492049988,-0.03654874296346282,-0.027319138802086463
2022-06-13,-0.05940098368420652,-0.04320015400669763,-0.04030443928517066,-0.048331080986339585,-0.06627831660177404,-0.032037613161620876
2022-06-14,-0.01051424020456482,-0.0023628759258006622,-0.0018718102457011558,-0.008756321637583017,-0.01724781516282008,-0.004045284805542441
2022-06-15,0.02349021620969862,0.021984721524633856,0.021060067989684593,0.015664175674055043,0.02109573782995004,0.01403269616546393
2022-06-16,-0.04667851704975689,-0.03928095943785744,-0.041616397296364065,-0.03432046786954205,-0.048552602863032444,-0.03725221588309208
2022-06-17,0.014440363630049441,0.007018684277094596,0.005903943606339945,-0.003415923626831483,0.012655367660346015,0.0006314624223148379
2022-06-21,0.01930413396126544,0.02094208111295335,0.015192458252994031,0.027012370248595815,0.0023541481702537854,0.018324285806007132
2022-06-22,-0.0018474931887330326,-0.004003036509758682,-0.005016264522197979,0.005336077244606122,-0.0015766216271612286,-0.002014223525381438
2022-06-23,0.011958636187780303,0.009033386906960454,0.025559648542151852,0.015007488125721254,-0.007735413483380806,0.012167574134257678
2022-06-24,0.03846549739097063,0.026713736117762128,0.031126995618586877,0.022287949591069195,0.03720858023943334,0.03368079547972516
2022-06-27,-0.009953637355788776,0.01528560690206553,-0.007020285408969221,0.003541417490749715,-0.0055709352924752185,-0.0057282229149616
2022-06-28,-0.017905032222914726,0.005813975024026715,-0.0174433567887269,-0.010988389391808956,-0.018664352482175982,-0.020239406269671724
2022-06-29,-0.021960130848218663,-0.03448607330023893,-0.009350724269443392,-0.004876867087999462,-0.030854692512727572,-0.007369783343355013
2022-06-30,-0.0159965803764952,-0.014265321435066246,-0.00703518647556058,-0.0018094805282869828,-0.010967306955312775,-0.01094142117806052
2022-07-01,0.0,0.0,0.0,0.0,0.0,0.0
2022-07-05,0.0,0.0,0.0,0.0,0.0,0.0
2022-07-06,0.001219596445446516,-0.006962645586972042,-0.014878381508601001,0.004920644975134841,-0.00017123896621466903,0.0033542210281920087
2022-07-07,0.03169858844098345,0.024154266293445987,0.037302442736869716,0.004024882225195002,0.01951814972545761,0.022570364757507698
2022-07-08,-0.004234607584849145,-0.0032307342855517622,-0.005420277049162267,0.0034759967713970594,-0.0011577876313529827,0.0009497976470520705
2022-07-11,-0.013230636025482094,-0.009377472577030296,-0.02343205755787551,-0.002421165614584438,-0.009727962398773903,-0.007913440102768135
2022-07-12,0.006483508759103964,-0.00014382716411297822,0.007853476283843516,-0.0009131233516449771,-0.0002831818423066216,-0.008004329611036145
2022-07-13,-0.0006121609871796011,-0.0017399512616909857,0.0011820279975112064,-0.0007596816648079132,-0.0063759532750382085,0.003559119698597858
2022-07-14,-0.0031848634165037287,-0.01721391200804461,-0.014385577301473712,-0.006785418750579364,-0.00410705690173895,0.001880328774057765
2022-07-15,0.017678042250623083,0.013700552868956013,0.028426031830871883,0.013092995974932665,0.018746039948922783,0.0150087897976291
2022-07-18,-0.00633566339834347,-0.00990634233508087,0.0019722945032555686,-0.011837497687685716,-0.00543564284387247,-0.00768706342804867
2022-07-19,0.04592569459940854,0.03370319573268484,0.04265582814823159,0.014014420256275887,0.03406170527548031,0.02709031978550053
2022-07-20,0.022815748660361564,0.0043635076188092495,0.022978478659662235,-0.00699438575556372,0.012281186539086943,0.009502749665370784
2022-07-21,0.01714434555503299,0.007320566231361661,0.0032565233951659623,-0.0002872346479550778,0.009413594004353718,0.009658789996006967
2022-07-22,-0.023736911634601916,-0.01268982354227641,-0.02161761603717685,0.0039599569619636924,-0.004112659733473823,-0.013739244345862236
2022-07-25,-0.001791626100711485,-0.007029792319238946,-5.8617902488698964e-05,0.003971522662428711,0.0012540924092966537,0.0021929814777818394
2022-07-26,-0.013132606663283683,-0.009489916609464317,-0.02391344940865315,0.00483163565428745,-0.008457453770514321,-0.012550179215287355
2022-07-27,0.021100377805992738,0.017781369273009662,0.03827731035116847,0.002087076850920261,0.008099920385646272,0.02691754236443949
2022-07-28,0.01803070093856913,0.010481377133620228,0.02886855604743067,0.02080336296295123,0.007030422823306877,0.017802335397921292
2022-07-29,0.012965747632223414,0.005951400954492229,0.01691800771291281,-0.006374915098799983,0.005411512125609557,0.010036572251454738
2022-08-01,0.002371154608626282,0.002106998962443673,-0.0029775727791671483,-0.0012400134436130537,0.0036306224312036865,0.0003493665715112917
2022-08-02,-0.0058588332215757394,-0.011006134199791975,-0.005364826216778465,-0.006233487646752937,-0.0021038475332255326,-0.011007060490662015
2022-08-03,0.012041045010116524,0.013938748407528121,0.032332945577566274,0.0041409144677554835,0.012345118057387352,0.0008443084217327564
2022-08-04,-0.005583467002507798,-0.002627238928308577,-0.01544087019971492,-0.0017508668799289717,-0.0034859908216788088,0.0021931867610024665
2022-08-05,0.003505075195263911,0.008645335482785796,0.0005712942284882708,-0.0006634096525063901,0.0034691692282740735,0.005542920798672254
2022-08-08,0.003160194196614286,0.005160294837024421,0.007966001412125402,0.0014643112417993373,0.0025544446998725465,0.0012335109942264932
2022-08-09,-0.020729746795343493,-0.008190975054347535,-0.029046124363632315,0.0072864951223816565,-0.011203284641038036,-0.006089783123305702
2022-08-10,0.027934224121657105,0.012506216262394815,0.03850634512117523,0.007954008864609131,0.020524084005022654,0.02182655962369025
2022-08-11,0.01023599792426977,0.0031460468039587928,0.012125418465240605,-0.0024221378286099966,0.0026069148627696067,0.003345270739800228
2022-08-12,0.01704967790557621,0.013013161415919981,0.022358854604821638,0.00819967557916899,0.015214916268255893,0.0156773857698558
2022-08-15,0.004390828701657959,0.0005569670325771185,-0.0035127111902236896,0.008437119302202154,0.005378710155938272,0.005467634203496104
2022-08-16,0.004463437242636596,0.0022935545718777515,0.0011983934093024752,0.0018009920636514825,-0.002504599378701818,0.005148494741015676
2022-08-17,-0.014291534319402529,-0.004080583111146034,-0.017278065996756735,-0.0027215941556811415,-0.010650487611284424,-0.015608057332056384
2022-08-18,0.0051271029339597166,0.006111639418126185,0.008876576230456287,0.002229789495662463,0.000706564755580149,0.007109255012773955
2022-08-19,-0.02130526590039867,-0.015200916947908278,-0.020360020729527178,-0.0018219140188257673,-0.012828341085509632,-0.016889188706294692
2022-08-22,-0.026852910471326784,-0.02770726919474492,-0.03496786920445913,-0.012833933773527142,-0.022919320975613184,-0.02905356676353987
2022-08-23,0.00222101681063762,-0.004083472642345048,0.013074128762176432,-0.006816426135627949,-0.00266769935530928,-0.005088021543880003
2022-08-24,0.001284384239679991,0.0034291023166497666,0.006986873112012917,0.0018278770774185539,0.0013160878806499118,0.00021038852281656933
2022-08-25,0.016447171790099135,0.020589401685270747,0.02866880880235781,0.004096897611862246,0.023267812791578944,0.023240044954549444
2022-08-26,-0.03551656469197312,-0.04142533195241485,-0.042646994466699846,-0.0184877103111973,-0.036039963675805406,-0.04220565116928485
2022-08-29,-0.009940671067979032,-0.010072769719475915,-0.009066326148379041,0.0009077756786442219,-0.011197705794758069,-0.007799299548879377
2022-08-30,-0.013719258170312387,-0.007778877758418492,-0.010280996364571419,-0.01244172223249582,-0.006834098775223408,-0.009233916739789998
2022-08-31,-0.027203932136383138,-0.010162389714497335,-0.027444678081584992,-0.006145175554654633,-0.00425040258799601,-0.006897192678105994
2022-09-01,-0.004401920303759924,0.007456709001131431,-0.003735479497568643,0.0016470988406633255,-0.004595053371272024,-0.0013241462837638462
2022-09-02,-0.009767983513099696,-0.011990872251687806,-0.003003931354016238,-0.010524448156816687,-0.007481085382746927,-0.012229593014213704
2022-09-06,-0.004652552695453018,-0.001750820524072255,-0.009066670964319321,-0.008263803160936148,-0.003879072429292641,-0.007883310182035305
2022-09-07,0.0207124260958665,0.01767316824039787,0.021019862983460046,0.024684978194920174,0.023285671225255603,0.019112446083810512
2022-09-08,0.015869730130243596,0.0006437798125661616,0.013673514151792139,-0.007086989712510659,0.015866061490022523,0.004756490717479053
2022-09-09,0.023058215422323322,0.021848003419201865,0.019776409688233552,0.005443700170329879,0.02266289066745971,0.0130380014528005
2022-09-12,0.003998549668794769,0.0026494954251828993,0.0077647717587767595,0.0018973821838654638,0.004246669490601323,0.008652687694304741
2022-09-13,-0.05102502150866717,-0.04197942618135726,-0.04891043222429831,-0.029648542479410497,-0.044857017778063744,-0.04311605077885873
2022-09-14,-0.005003452981590739,-0.0025819453746594324,0.0015141024419780091,0.002587726401920365,-0.008848199859253275,0.0018361139472778357
2022-09-15,-0.01622459477150436,-0.003037536321921838,-0.016765987470545328,-0.002487315489451213,-0.01290807006017062,-0.011913356595141197
2022-09-16,-0.003750702882239367,-0.00031880756646519403,-0.005481652728557419,0.002051975820278777,-0.004957125547025347,-0.002679516972101636
2022-09-19,0.0018460986013300728,0.007846640961856286,0.009280025409362049,0.007284808734195773,0.004401006304397412,0.004099649649251632
2022-09-20,-0.021163852703237347,-0.021176077317103317,-0.02175101452660506,-0.008441488646151898,-0.01777085224901031,-0.017021834070177672
2022-09-21,-0.013326818500641897,-0.00983905892557676,-0.01671647580110844,-0.005073437730472546,-0.01699889540778392,-0.017589285313564466
2022-09-22,-0.014889558491252345,-0.010690300125214753,-0.021085163401442723,0.0003705800806443636,-0.017009674451828175,-0.011386156722371268
2022-09-23,-0.02280430792389035,-0.009522911583631338,-0.026427228524538878,-0.01000849141844954,-0.012849554069274658,-0.010809326994328437
2022-09-26,-0.020280492494017806,-0.017376716130811865,-0.02416495176036959,-0.008436581136362383,-0.01074548210683603,-0.01246062391812432
2022-09-27,0.003995790658641095,-0.004850116300609651,0.009175833670511464,-0.01621378761631066,-0.002618873378929726,0.00012623334975324886
2022-09-28,0.021789593366916465,0.020932209981982718,0.02177023100692741,0.011533791366507708,0.014340854622818883,0.018425686695519635
2022-09-29,-0.021806630212069043,-0.020977161155417777,-0.030871513126033947,-0.014449234849705277,-0.01768027270047421,-0.022793994091133217
2022-09-30,-0.00393394987455174,-0.012992250967506695,-0.029607971702750105,-0.014110087795281216,-0.014015543911812249,-0.023215269210995204
2022-10-03,0.035664681031861725,0.024706801294816786,0.026670847271516293,0.022123575982290533,0.026919525161308317,0.02206690169349018
2022-10-04,0.03866536505024597,0.036568092566615674,0.05849279675942103,0.0161538505501202,0.025178243775206784,0.030806285871843437
2022-10-05,-0.0016874483937906388,-0.006771617342257252,0.00037684706203103117,-0.0035409726030088116,-0.002998338928843671,0.0005382379147799665
2022-10-06,-0.0066093880552152455,-0.018030289859108765,-0.006204039982943585,-0.019769289294492953,-0.009161043490397173,-0.01575500720340349
2022-10-07,-0.02722789379312311,-0.016560133598185412,-0.042362125728495965,-0.013667581538060582,-0.0261965008746867,-0.026314570467528713
2022-10-10,-0.012121800733147538,-0.0030212329301247355,-0.019398709819592328,0.008532423252679246,-0.008450137524323793,-0.002814786495612637
2022-10-11,-0.013572396189273101,0.006605829624948916,-0.015190757559825244,0.00668091076862107,-0.004479762030660549,0.0005956201210855106
2022-10-12,-0.007474145645987884,-0.006662096488433095,0.011260074615052913,-0.0026771343039875195,-0.012551068034735057,-0.002073745300314414
2022-10-13,0.028433408957300794,0.025956561390477036,0.01704188237135037,0.022165619519943353,0.02182611707301821,0.02708649519754068
2022-10-14,-0.03313361404402786,-0.021045830214252905,-0.032758635952522826,-0.014379825972591033,-0.01941972480890853,-0.022164437139671634
2022-10-17,0.013093512610580943,0.015646966320984126,0.012958486244329074,0.016219579306316432,0.01750698026889544,0.01804347516379763
2022-10-18,0.011337455082525559,0.01030904524517778,0.013896714338253669,0.007463578782557153,0.01589793768998091,0.014860033479999977
2022-10-19,-0.008792275151338376,-0.0114330538500837,-0.009870024507989317,-0.009253197950553998,-0.010952742302251023,-0.005747187920380383
2022-10-20,0.006846331477679411,-0.007907006003324024,0.0056685233266083376,-0.004330695716062431,-0.0005242673668453765,-0.002208782817565664
2022-10-21,0.03842215395808771,0.014612300175292369,0.032265072397332624,0.0196560544961973,0.03453832446968006,0.02313171419727306
2022-10-24,0.00680476282410588,0.01154885740724462,0.004468721268313598,0.01504435016795061,0.014768187519438218,0.008238736152269213
2022-10-25,0.027762413040166373,0.022517737127874606,0.021924348089302707,0.012070729366499394,0.030097517583325538,0.026450573641739885
2022-10-26,-0.0019216299855221014,-0.007758076541217399,-0.0038210947778826495,0.005898679291666654,0.0015460823454718474,0.007416030975611483
2022-10-27,-0.005390182016283846,0.004957048578450133,0.0013810804394254787,0.005806210881436752,-0.011370251430994606,-0.006742630571903052
2022-10-28,0.024674431533934654,0.02025134841686422,0.039504987391786,0.024335946729313315,0.017024423332706037,0.032606696375591986
2022-10-31,-0.016756754155158052,-0.00874201685484699,-0.019571451409373032,-0.003437535726977436,-0.015114128381498795,-0.011612307020784566
2022-11-01,0.013004699572646454,0.005987961971241287,0.014631801676146295,-0.00769120910406581,0.012994667546020473,0.0026703708598182236
2022-11-02,-0.032736636398913145,-0.020450147001638,-0.03193150773833316,-0.0037669542334258527,-0.027727939852474223,-0.030833033095862807
2022-11-03,-0.003894324103990138,-0.002732239926793654,0.0019011438363273942,-0.007372179390245799,-0.008523006633015778,-0.010054099651848114
2022-11-04,0.03330133367482383,0.024437357632199216,0.04334522233058741,0.0018185757393013398,0.03296632285788537,0.020381682109902596
2022-11-07,0.02271400404238708,0.008669520678767199,0.02009041461077511,0.006876485520201028,0.01995158010310764,0.009791220397034908
2022-11-08,0.012413924235499025,0.010982341653727032,0.008033994515217052,0.005790959316454346,0.008333474744160657,0.004845820503174597
2022-11-09,-0.03389436338451032,-0.01750748782996071,-0.03359026355704524,-0.007630954859229173,-0.022671310734366096,-0.025031487952922492
2022-11-10,0.0801535060124822,0.05630372977840052,0.09313792211507896,0.00692723739149793,0.06532584280024585,0.06709592008528215
2022-11-11,0.028027914624764592,-0.00036909395969488413,0.035163145638846725,-0.020207489248401832,0.014422816808540354,0.02350890466608922
2022-11-14,-0.023425398106197762,-0.0009350945808517931,-0.022699297212338543,-0.0031733933520043437,-0.013712630903142755,-0.017969910845563167
2022-11-15,0.011474216675054593,0.00795660085516972,0.013007994651951505,0.004811511518345016,0.011081466761745741,0.006303140150827849
2022-11-16,-0.030822661768918947,-0.005097939814037969,-0.044911377950061705,0.006015621605779995,-0.013388798697407066,-0.020642510747995575
2022-11-17,0.019177533920380765,-0.0034346253972859305,0.019157147751765177,-0.0011721349946005172,-0.0023161239724558413,0.006732750976649016
2022-11-18,0.007233163293763787,0.014605434765350122,0.0028360798099737513,0.010961822833731772,0.008906664518924608,0.008711155301603534
2022-11-21,-0.006264446069220533,0.00303817214996216,-0.012903298529499164,0.00750469004454083,0.0017939358872657639,9.944206228770104e-05
2022-11-22,0.014676783891763131,0.011139986561131097,0.01957138496948782,0.006845153442764408,0.015387597165124927,0.023929010021313084
2022-11-23,0.006131950675890221,0.006491426965685935,0.009295690775964404,0.0032147612951541377,0.009470720642799892,0.0070648154115206165
2022-11-25,-0.004248304391972632,0.00225015051590047,-0.0016487907252949682,0.0025978434857864947,-0.003091113046219802,0.0031024247885842373
2022-11-28,-0.016689238681616907,-0.012669031000344017,-0.01936164302375132,-0.010278508278819445,-0.01868636794003923,-0.012422685154079714
2022-11-29,-4.136347150299847e-05,0.0002442244576241415,0.002805722356476854,-0.00018303803150316223,-0.0032815578618086323,0.001492714636192126
2022-11-30,0.036259349151256434,0.02666865818798176,0.030342079048610363,0.014843994792800769,0.04204243698318063,0.0333497831147825
2022-12-01,-0.004214320675819847,-0.0022917266482465914,0.008311842275435527,0.002342337138387129,-0.0034197737038491175,0.014248276163487202
2022-12-02,-0.0029413965376124873,-0.002226463178690634,-0.007445999533326442,0.0019188464699633969,-0.0019418045341210205,0.0018541767413747627
2022-12-05,-0.012396666843427972,-0.01812608874308365,-0.024387172192564577,-0.009025527690774523,-0.02242079417078513,-0.023678024308630308
2022-12-06,-0.014235834227587094,-0.009142829428174248,-0.011923301386514993,-0.0028000774542142892,-0.015374148642233344,-0.009419243822262209
2022-12-07,0.0034786085960977035,2.2517252325236986e-05,-0.002794481661457204,-0.0005926642316515307,0.0035095488039942426,0.00431938647609707
2022-12-08,0.012053726547824082,0.003149093182485583,0.0135548534454097,0.002848428650014932,0.018202212764711297,0.015003032441809564
2022-12-09,-0.00902564296165621,-0.007849216522914882,-0.0014052450645530075,-0.008119581677915695,-0.008586557054346753,-0.008495250442953697
2022-12-12,0.014881997229116574,0.009993804160290592,0.016478640718685877,0.009404877964463449,0.015010443617907075,0.016483678987052386
2022-12-13,0.0115445738208291,0.00441362688345342,0.00948799569004605,0.004368459825031012,0.01116635262975673,0.005336055322672947
2022-12-14,-0.011886341924356216,-0.01183840382306601,-0.014793468452152587,-5.8725540349486216e-05,-0.011677479985530936,-0.008375667540760518
2022-12-15,-0.033652611388156686,-0.03457325488105267,-0.031079922525645544,-0.01644753908822325,-0.020163139489781372,-0.02321401219781988
2022-12-16,-0.009261982965586328,-0.01653577084173417,-0.012061655307752495,-0.012231158539999601,-0.010827223706656147,-0.010889126541364997
2022-12-19,-0.010083060051941194,-0.007845221214783689,-0.011212078330364032,-0.0037683250838003593,-0.008427578044496967,-0.009132866707601401
2022-12-20,0.0008332433328269806,0.0018750142117591143,-0.0059814672712109876,0.0029139665716677934,-0.0007916993094905234,-0.0013204789512771137
2022-12-21,0.016488043672540753,0.006884304211625346,0.010469506854451752,0.013619989871854737,0.015594114416099474,0.01808170089334211
2022-12-22,-0.020907371803749915,-0.007002990739681847,-0.02205676562981515,-0.0032481975532508383,-0.01362533152939754,-0.012789019742178404
2022-12-23,0.0075155601339660025,0.006707610970047479,0.006065738622606927,0.004555543668722847,0.006529535090965544,0.007374677590782494
2022-12-27,-0.0005682344411033038,-0.004271043143362471,-0.0006436759007369356,0.003933732135636576,-0.0007466581406333152,0.001584261425385694
2022-12-28,-0.014872366471731215,-0.011392624245336705,-0.018498992741458064,-0.009660973902820547,-0.011244303298213944,-0.017021213930285006
2022-12-29,0.01798827329917356,0.017823261971787213,0.030823504589423453,0.0036966751871189483,0.019139160459869374,0.02260368468736757
2022-12-30,-0.0036849701108280916,-0.0037196684298980583,-0.0015790342317123164,-0.004593043242727921,-0.0029691210452231012,-0.0021674188930635913
2023-01-03,0.0,0.0,0.0,0.0,0.0,0.0
2023-01-04,0.0,0.0,0.0,0.0,0.0,0.0
2023-01-05,-0.00306200714984353,0.00639283638923046,-0.00422465006879808,0.004525448746140565,0.006869520478233996,-0.0048631120870589115
2023-01-06,0.019804361900147307,0.01793835818071486,0.027211870813305887,0.021329363188709618,0.02199469502884911,0.012022863632627306
2023-01-09,-0.0005650263010053347,0.003687318265840499,-0.0009028552797048036,0.00892958176882794,0.005917788060189654,-0.005800202422478345
2023-01-10,0.010758782205395577,0.016092335716524686,0.011674405326486056,0.014156873815602449,0.003918019185779626,0.005037064348595829
2023-01-11,0.01315856110933611,0.006857781672169824,0.007207439874198738,0.010523247502223998,0.012440898844849658,0.008017211431417376
2023-01-12,0.01429049612200231,0.015483563473243894,-0.0006320213299864097,0.01858418307890889,0.01844109903483686,-0.001212988269265328
2023-01-13,-0.003890202966051266,-0.0034722110703563607,0.00133188291233471,0.010735486950480697,-0.008898106811266402,0.0025829993423454474
2023-01-17,-0.0028009367326330844,0.0006683085248977089,-0.004571166049879069,0.00017670361961266506,0.0014155256451726151,0.000341118547869514
2023-01-18,-0.013377815352477543,-0.022133443032613876,-0.012681612869473457,-0.02300677228369389,-0.014117287226043329,-0.022131309847505512
2023-01-19,-0.015583191822219022,-0.014990977485636775,-0.012217941453969372,-0.02141610755784417,-0.006843362088661935,-0.008929600861145248
2023-01-20,0.014403819907959513,0.018739118062106274,0.021244492077843746,0.02673504652874374,0.021131483247584668,0.01786052986249825
2023-01-23,0.005060626323450313,0.013591101467524977,0.014722477713749314,0.01419741635360923,0.022018313470911537,0.01136553477933464
2023-01-24,0.002049884182504428,-0.0032502001930613516,-0.0016480690257833633,0.001276191749652723,0.0035993981327847938,6.0053531867434876e-05
2023-01-25,0.00572003137673667,0.004743411695421439,0.005507002266604747,0.0021753302048199362,0.004558014517399686,0.005298948675935696
2023-01-26,0.006905465770785664,0.010909061922457056,0.01356224705694465,0.001839601675760617,0.009262618645659974,0.007811301705878241
2023-01-27,0.0028059169837389994,0.0063559434937760905,-0.0024277502004974665,0.0077955047807639795,-0.0018540283139810627,-0.002246203773063709
2023-01-30,-0.01070776410867481,-0.009727848560158566,-0.009330600675829932,-0.010786321295296775,-0.016082907112241387,-0.0046402110160921675
2023-01-31,0.01633554715082501,0.015507540583187913,0.020501331940565307,0.019233850790467487,0.019899518859821427,0.014911902398362896
2023-02-01,0.009930612238953607,0.01798135878458001,0.017127409595657315,0.027325582224665277,0.008197435321179612,0.004012353388105726
2023-02-02,0.013065205519537536,0.007312824076849976,0.009059767892687339,0.023298891822059947,0.004611713421560731,0.001197965493314258
2023-02-03,-0.014934254006494969,-0.010770343265345341,-0.012416842574541643,-0.01443665662465911,-0.00673025988698317,-0.0058976771340640485
2023-02-06,-0.008028045086124579,-0.0041899698203239875,-0.009785964422595448,-0.0015367550430719274,-0.0036670210240038726,-0.0046701272037419795
2023-02-07,0.006708169879795082,0.0025749648468663074,0.008743022639835788,0.012858363743767306,0.014753969749846928,0.004561328468503972
2023-02-08,-0.003366995313890347,-0.009261181062359045,-0.031001095116558644,-0.026347568633922732,-0.004494770239783183,-0.00867050131443696
2023-02-09,-0.011623380678928574,-0.003394371855218464,0.002418094692913815,-0.003828582766835073,-0.00684698871092796,-0.01097664993310457
2023-02-10,0.0006482505142287615,-0.0007093863363222601,-0.003108918703110655,-0.011365523960085857,0.0031448356156052503,0.014730636543653912
2023-02-13,0.011999575935762698,0.01664606411367945,0.014582446708338538,0.02424831044849665,0.014077564077866568,0.0048183630048975485
2023-02-14,-0.00524283405125129,0.006709513791248922,0.002530001757904103,0.006400553134732902,-0.0019744204496566433,-0.009031528658465921
2023-02-15,0.006430480601584056,0.01013493790785675,0.005015729458581771,0.008099902189212013,-0.000349779380157037,0.008484158474266389
2023-02-16,-0.013978196467923653,-0.01374544492414726,-0.012433003621429167,-0.015043219990758456,-0.002378213243615851,0.0026023644009815785
2023-02-17,-0.002794284160001168,-0.003060412840793742,-0.0019960298264069566,-0.006243120696048479,-0.014844179409607132,0.0008247852512653244
2023-02-21,-0.017375076074812566,-0.020050798406766296,-0.02257099391517254,-0.03450890171391541,-0.01701808674297895,-0.0058572597541082586
2023-02-22,-0.00809481238770441,-0.003047251093709061,-0.0007527656659548612,-0.003509673168430377,-0.003475857036080887,-0.005470578513876787
2023-02-23,0.008272114624946779,0.007792332093564379,0.016824574597457034,0.0011358989357671552,0.017271548559396586,0.007516640994137196
2023-02-24,-0.0062079047384015875,-0.007220962097228497,-0.006180801456465277,-0.011615367184640676,-0.0050809582323327555,-0.0013398022943444002
2023-02-27,-0.004069503391331916,0.0018297360677904323,0.003174704483885734,0.00036977226048276305,-0.0015393249273305887,-0.002239186063285684
2023-02-28,-0.005352493626195294,0.0053961269103886145,-0.002623160797501527,-0.006221780680562221,-0.001675474583701952,-0.006532292521660835
2023-03-01,-0.008977590298191495,0.0033779745758306403,-0.006727201520360437,-0.005325888659075309,0.001745124044831249,-0.00040237014539486193
2023-03-02,0.0072253579646827625,0.008984796215652964,0.007315423814007994,0.005159431078679223,0.009105386301094025,0.004637377370329594
2023-03-03,0.007208349282663076,0.011068432296383249,0.015464226273321158,0.021276944191314127,0.018166483488134065,0.003756957619495486
2023-03-06,-0.0005196416947414329,-0.003986907018302032,-0.01126875589413472,-0.008925558485702662,-0.004156373151482342,-0.002457994985891507
2023-03-07,-0.023510757007160883,-0.0021785151144699815,-0.01786641208917644,-0.018087376321232765,-0.01720656028896276,-0.013340011656331816
2023-03-08,0.0033611362030832627,0.0015558273351757943,0.0024977214100695587,-0.003455246764111558,0.002560792969247971,0.00048475347186892846
2023-03-09,-0.021755536381870718,-0.01926747081569083,-0.02121905229969647,-0.03498139672406465,-0.03138477240751094,-0.009730553066155292
2023-03-10,-0.028532344072529345,-0.014766115835457585,-0.01914761013455968,-0.028089931612579527,-0.028418087703664406,-0.005555429421346835
2023-03-13,-0.009669587760265864,-0.022574419792437878,-0.009028166578159165,-0.027295652024802147,-0.008455269692596579,0.0024332516179909757
2023-03-14,0.01108717214687474,-1.5558266727986637e-05,0.016387339675682504,0.012465175543465021,0.005053940964916259,0.00880458125457625
2023-03-15,-0.011133533274311588,-0.01781957925474257,-0.010183438086298402,-0.020989293788707362,-0.022277673901358624,-0.020217641097080304
2023-03-16,0.007809254155248232,0.01056617813918759,0.02662885122885485,0.010519546701706397,0.02079624292360034,0.006676500018788313
2023-03-17,-0.014200732718913355,-0.011616095024979598,-0.012675955619817254,-0.028717447351617673,-0.014287251229666153,-0.012672178503279338
2023-03-20,0.014743148673146609,0.012040241322936688,0.01583164744687635,0.013163473959129621,0.0115332645827524,0.014474756347286183
2023-03-21,0.004350972762312606,0.017352313272924566,0.015895059518139368,0.021690443626364925,0.012953412888371093,0.017543856344702957
2023-03-22,-0.023850509391628194,-0.019606491495988154,-0.015413825553671398,-0.023585772258930417,-0.0292831804048589,-0.01562056998402111
2023-03-23,0.004017078892105018,0.0018434403732102197,0.00360344671630058,-0.004417415518887585,-0.007413266652375482,-0.007509687102774373
2023-03-24,0.010784505901428798,0.010858803753132163,-0.003867678051120521,-0.0021048178799768836,0.006346433927178366,0.011124827264711519
2023-03-27,0.009085166978217877,0.007749332624886291,0.002639016404815974,0.007269249489832678,0.009600498507540524,0.0075107424391782735
2023-03-28,-0.0013233074588094521,5.4384006468084084e-05,0.001674953489538996,0.00554596609392794,0.0035513283733819953,0.0006186881609079318
2023-03-29,0.022402425402367893,0.017082315359479818,0.018255326203597565,0.021691528119400966,0.013009930901843915,0.01014027245714164
2023-03-30,0.010003914459300054,0.009731734084979909,0.007698810591136487,0.008850341586047488,0.008090879505474081,0.0021277624146194022
2023-03-31,0.01619819930159411,0.011911981437425462,0.011931034255454552,0.02108561030874223,0.018571505592910955,0.009712108967022886
2023-04-03,-0.004783681952143344,0.0003591417297257319,0.009881152200548204,-0.0016614871152894526,-0.005472259694482003,-0.00045611011840217795
2023-04-04,-0.0012689837070954178,-0.013904435750282655,-0.00907988623756974,-0.017178210110543213,-0.014609445692575742,-0.009911000083291445
2023-04-05,0.00893850787449347,-0.0007710493430990684,-0.006585034019631799,-0.016011119304307646,-0.007807133364113863,0.009021436753732143
2023-04-06,0.004470475376870329,0.0033412315574987777,-0.006573960614466545,0.0018280140310319522,-0.00029033540446921926,-0.006199790743837542
2023-04-10,0.006203419481948076,0.007221972938902641,0.010790800973028494,0.012024873651778383,0.017636650054623917,0.0054667477494858485
2023-04-11,0.001322378783207546,0.01628878414976363,0.009853813610140295,0.012955874471906059,0.00757074587180419,0.012519584917409352
2023-04-12,-0.004888621532284071,-0.023208897818444256,-0.011074330181423744,-0.016087022947901382,-0.02427209335028978,-0.005066665425017651
2023-04-13,0.004739171697503794,0.011786479556028169,0.01287241871146946,0.012931427880603506,0.005544387525237073,0.0060335383504228615
2023-04-14,-0.01267223304604798,-0.0013361874021953729,0.0008161203992626325,0.004636879391994335,-0.007567388126676985,-0.005061208527777941
2023-04-17,0.008011181506867544,0.010702125372975846,0.00402532294151083,0.011693197431092461,0.010890775675018942,0.0013902638699295415
2023-04-18,0.00047162298846451596,0.0041594761376426365,0.0046214983089673065,0.0033678428465528,0.0020793131586767785,-0.0016381577766028876
2023-04-19,-0.004411769650344306,0.004194966739182806,-0.004527791785960138,-0.0015192205765557694,0.0016609173692240843,-0.004003649719109466
2023-04-20,-0.003619292755106512,0.0007648214372665278,-0.002365320984379401,-0.005561557331798614,-0.027450109780595366,-0.011158418357240555
2023-04-21,-0.001146667200037088,0.002329004767582226,-0.0020709383657564985,8.050908644674504e-05,-0.008528297456528567,-0.006907556403004326
2023-04-24,0.0037834243782655682,0.005233240219237108,0.006703969142593175,-0.00016211854870444667,0.0019673723064377747,0.008582159017386801
2023-04-25,-0.01147578565640416,-0.019289137880828994,-0.02123865338370156,-0.02351264914785851,-0.0249804109111241,-0.014571920901398822
2023-04-26,-0.01539912981309015,-0.015240557415411768,-0.005541461098334047,-0.008099324894210691,-0.004771612554222708,-0.006728195997844244
2023-04-27,0.022013454747334786,0.018470591029231598,0.012427133388333133,0.022346015669920366,0.014700448233683116,0.011526101920649299
2023-04-28,0.01522033110862513,0.013915093239419855,0.0152310306781047,0.019192278506192484,0.01844007769447267,0.007299997667826817
2023-05-01,-0.0012388799884289758,0.0025584155749477622,0.003753933863458408,-0.006687875503226251,0.008842282085228935,-0.00033387919338917087
2023-05-02,-0.0084921873001734,-0.007816749688473705,-0.009415471046895132,-0.020843747707906424,-0.01993771007444627,-0.00844055485577092
2023-05-03,0.00032314992392094974,-0.005843922896228739,-0.012075284838363946,-0.008994399337823833,-0.0118774621153295,-0.005031604353652071
2023-05-04,-0.015169884323191048,-0.019424448886742017,-0.027510449989410414,-0.013874380897350387,-0.0041276729966274435,-0.009111251069140227
2023-05-05,0.018381191983748053,0.01448413036037689,0.019439537699920392,0.023657132861516793,0.02907023643448604,0.020411473127699115
2023-05-08,-0.001123373699915049,0.005191473128709088,-0.0009376653884069367,0.008836479277562799,0.010481296081334515,-0.0013849296301764037
2023-05-09,-0.006516957765439335,0.0001452322887885054,-0.0028949903855392325,-0.006851464618606145,0.0026120335129309093,-0.0036388696770271413
2023-05-10,-0.004581621871662522,0.0019087497191231113,0.0055950296715521295,-0.006954709451543871,-0.005310218017537522,0.0030108978490732
2023-05-11,-0.007303184038804224,-0.010897736379681562,-0.0036036210666321625,-0.005791327534240267,-0.00813093013778204,0.0009356727044578153
2023-05-12,-0.0006933269694813653,-0.003573534837384856,-0.00498773372219348,-0.01176607269414441,-0.002785080919783407,-0.0016070202374244367
2023-05-15,0.008588935460285626,0.011110641216655939,0.01136881812203179,0.014863668336482587,0.012329913109904458,0.00724226295886591
2023-05-16,-0.015684354010871256,-0.011026681986715442,-0.01102335094004034,-0.0098823488172783,-0.014296541034918476,-0.011711813948119161
2023-05-17,0.019729071927513674,0.02167241228491199,0.015038661870186843,0.03509758883722884,0.025206261557988392,0.012405042454763022
2023-05-18,0.0017998314810726557,0.007006196984513394,0.01866701313397028,0.017031409903489902,0.025724969677640614,0.005502655048163838
2023-05-19,-0.0027510786434371804,-0.010127528304873836,-0.003700919741584263,-0.00980952042846438,-0.00962430534129869,-0.00511134337828661
2023-05-22,0.005184553573307673,-0.00363765371087943,0.0007684815744886364,0.004089447893141464,-0.0023830573038126934,0.0002346384435245679
2023-05-23,-0.010362821999490476,-0.011497816659663165,-0.012018226499131373,-0.007149349297398898,-0.007373363860365228,0.0022495455817188167
2023-05-24,-0.0060067575494201254,-0.0013794884379536064,-0.0045587148799828715,-0.01607492771883665,-0.008443031663439422,-0.00487238922811968
2023-05-25,0.0037273991707315645,0.001301748497072806,0.025446475366400375,0.009804892598110177,0.011380664660995616,-0.010184204658990862
2023-05-26,0.016566412938458227,0.005653194813330222,0.014678019878073507,0.022907564307125032,0.013988573284770118,0.004030178827123575
2023-05-30,0.002907037023213284,-0.0008843030580859385,-0.0022798565443662606,-0.004774491222422769,-0.0017025256010360175,-0.008220655119617825
2023-05-31,-0.0179979481891501,-0.013017656268353137,-0.023708031769803392,-0.02203968631770397,-0.013713131897344364,-0.012242132527620487
2023-06-01,-0.0013671257002629148,0.0019357906798327298,0.005149665032940335,0.013136286366249894,0.011123835444054327,0.0031580527372023857
2023-06-02,0.03099514215449652,0.025021025233648197,0.020377771713148748,0.0337748262317868,0.020007027848594396,0.020602592915379556
2023-06-05,-0.010640054802395648,-0.00019326148604083629,-0.005717105735560535,-0.0010309699133076787,-0.01283414594443071,-0.005538481229795516
2023-06-06,0.013538765205085424,0.006316018214523588,0.01361558940837071,0.02310706249194558,0.00980335056683847,0.0006142437835173163
2023-06-07,0.020447640878118935,0.00985477666749117,0.010548763626317346,0.014139835621409304,0.012958475026654379,0.00902092131526925
2023-06-08,-0.010404048601235928,-0.007920089287042183,-0.001206225094060202,-0.0008598573525148827,-0.00011362398280127079,0.0007271320923004815
2023-06-09,-0.0021421469498408368,-0.0010811890917552867,-0.002361567404597604,-0.005129184407957442,-0.00358202290664647,-0.0021789596336167804
2023-06-12,0.007494937920574763,0.0054692861976637025,0.011924086882840471,0.019945076527431764,0.015517853378713371,0.0031917344342689176
2023-06-13,0.006991498329283885,0.012761249667334437,0.014771032965566068,0.013691939996914435,0.022351693350557696,0.010507126131853716
2023-06-14,-0.006123139519659313,-0.006872940311629286,0.0023988986081778883,-0.00481102824103154,0.008598011966221761,-0.0033525292681855475
2023-06-15,0.010466895950181968,0.01438294465551014,0.011464370821884645,0.01463491973086272,0.013750078094229227,0.014344806922557247
2023-06-16,-0.004347749802026022,-0.001645098121209712,-0.0024418117279952746,-0.008002131273335312,-0.008779331256017018,0.0018984840905737362
2023-06-20,-0.006508608325342724,-0.010130635219092469,-0.00477891653319563,-0.004410281457651749,-0.011883678364022598,-0.00557445691778941
2023-06-21,0.00231431037482306,0.004060744525384621,0.004794010638203813,-0.005636164088157797,-0.00030388395729579896,0.0022264915297745764
2023-06-22,-0.0011332463816193373,0.0011825266111559808,-0.006868595529708148,-0.009050283045703194,0.0017895939473241414,-0.002517504600622125
2023-06-23,-0.009042514076786749,-0.006893979710302812,-0.011306084578858223,-0.010346308427830738,-0.007927948600125322,-0.007991622745699492
2023-06-26,0.0162592477141547,0.012325606758640223,0.005726057972435528,0.004529869466136503,0.012643082975769037,0.005188125616472587
2023-06-27,0.019313085588077976,0.01991851928466579,0.019233803351225837,0.028330555309298053,0.021134875158415323,0.013951818548937235
2023-06-28,0.0009090348767141467,0.000361721160251819,-0.004371175988356594,0.002057168282760685,-0.0008225788248981724,-0.0069852667792449875
2023-06-29,0.009595671675662783,-0.00013186578275750432,0.006683952956681305,0.00799486933766703,0.009754854251076516,0.005209548218330682
2023-06-30,0.005557183729875835,0.009040004767282797,0.01183331338286896,0.009781318500592375,0.010630789113299717,0.008191677513573407
2023-07-03,0.0,0.0,0.0,0.0,0.0,0.0
2023-07-05,0.0,0.0,0.0,0.0,0.0,0.0
2023-07-06,-0.010553666607215488,-0.011064076836351758,-0.013139921079554365,-0.008434585769480266,-0.009637921602142805,0.0011613214539623305
2023-07-07,0.0025600649638733227,0.009751259727544785,0.01996997901964887,0.004469714898539995,0.013211586112608566,-0.003382674098179375
2023-07-10,0.006489118307108078,0.011701001047578301,0.0015051079775806162,0.01359641867965955,0.012202817340561518,0.0005372659983988648
2023-07-11,0.014252026549811118,0.005078090543094075,0.018115314620743426,0.008976914345460578,0.014542203373886694,0.012425256435346355
2023-07-12,0.0013767257114202754,-0.006728332414209595,0.009061784019769613,0.005146807183369625,0.012552166248505766,0.00013794485565181536
2023-07-13,0.0002951352067462119,0.0043061363075160165,0.00406786892167305,0.011436137138052367,0.005275527438649598,0.002627790746531932
2023-07-14,-0.006597662297208398,-0.00435528283260408,-0.012539972770465814,-0.00486001653196485,-0.004882939298122011,-0.0012169991951969618
2023-07-17,-0.00055921420573463,0.007876759171550533,0.003549441800000949,0.0026022981548437392,-0.0017225741261073242,-0.0020914179298783
2023-07-18,0.010162985938734754,0.005783991079879608,0.003080728404639662,0.0034920613065549926,0.006762756872523009,0.004255131005896798
2023-07-19,0.003959743367757311,0.0012241976388216533,0.013944963640517621,0.0033525452439061576,0.0031278677750398937,0.006804158484003177
2023-07-20,0.0070560280523437845,-0.0024208729454542758,0.017025701618325517,-0.00241378620681752,0.013839257124529006,0.003400116798009411
2023-07-21,0.003532481836337297,0.004724615095155512,0.0010949007243512294,0.002836982742927635,0.0006241999165928105,0.0003326788242111571
2023-07-24,0.004281451878522366,0.005194675555199155,0.0077468604669780426,0.002545517190698724,0.004190655081934921,-0.000994284358123808
2023-07-25,0.009895811666045336,-0.004190298136107265,-0.003006039116451613,0.001792760510468906,0.019899206196201315,-0.004280244682762353
2023-07-26,-0.0008356062085089766,-0.0012369194408137813,0.014256238179990041,0.0022333359637333352,-9.328642701653063e-06,0.0007321199765944946
2023-07-27,-0.0033696447573281236,0.014764670746692925,-0.009868442271146874,0.0027509951164181616,0.001951095363965614,0.002781921443285202
2023-07-28,0.004682682094828489,0.005081750253370389,0.010485166140952996,0.0030380191299768868,0.007873821359749525,0.007494100297662501
2023-07-31,0.001087620870359424,0.0036388840349613166,0.005330451946572078,0.002618905049999766,0.0073041633831131434,-0.0028458647787908717
2023-08-01,-0.00415762567708984,-0.011086605381243808,-0.00967329919807974,-0.005542988537765872,-0.0065893033103276485,-0.0024349464610772596
2023-08-02,-0.0017632040923358538,-0.0075850537392056884,-0.01176900951320959,-0.00854395491709703,-0.01168103359143503,0.001333710695379037
2023-08-03,0.004151082837691218,0.01193058713063375,0.014146720423398212,-0.004347988051168086,0.003658159698821167,-0.0036038469280200124
2023-08-04,-0.0032007754899477424,-0.028084307186206418,-0.005259772271170462,0.0006181571202596053,-0.003457310832983498,-0.005953184363151407
2023-08-07,0.00751882811094006,0.006623737998332543,0.005896384365459329,0.009377924105262144,0.0057742096910421686,0.0001970742387704756
2023-08-08,-0.00571771490244067,0.002212632495204562,-0.010947897633601003,0.001428470789374743,-0.006461721101940781,-0.008336511273681659
2023-08-09,-0.0023967207284809784,-0.002937968293959017,0.0015364804601070662,-0.009279401402560375,0.0007729545078092912,0.00024202895808760993
2023-08-10,0.0007897289284409376,-0.004414676054240892,0.0009199022167064329,-0.0001969264953220264,0.0037115482297948718,-0.0016149628219023389
2023-08-11,0.002591592878171977,0.00023689943322746654,0.004647351046031739,-0.008558917442638344,0.005346467264493539,0.0019444906297744632
2023-08-14,-0.0010058446381141508,0.004379191659061123,-0.007541936524536812,0.00786420903602339,0.000485750278600009,0.0012329964236750513
2023-08-15,-0.014437107899934814,-0.014671533765370054,-0.011574323631565289,-0.012993393742784796,-0.012782436246727088,-0.010077045364853227
2023-08-16,-0.009148606969450388,-0.010073227931134385,-0.006801139380977442,-0.00845794864060757,-0.012431771035887775,-0.012329248572250978
2023-08-17,-0.007000213608664557,-0.011948984158140035,-0.009557976090206416,-0.007438589058446017,-0.007860710025814035,-0.007352141654923979
2023-08-18,0.0018348722668647395,0.00657355326553952,0.007433191627243652,-0.000643741153288323,0.004160194988312446,0.0011755175038168449
2023-08-21,-0.003799972005254393,0.001989087553679018,-0.004230349389993099,0.008941716407880749,0.0025824868779091175,-0.005602512863819145
2023-08-22,-0.011916214810812772,-0.0030361329879345584,-0.0031736795889133816,-0.00036129942254679533,-0.013890113784284558,-0.0007384566358747196
2023-08-23,0.002244040133153559,0.0009286495910708881,0.005031629637985296,0.014820836855530126,0.009953729581023724,0.007526058741250828
2023-08-24,-0.011471906408310147,-0.007641299715722746,-0.006793922637612855,-0.012090507533576017,-0.014875027187540297,-0.00786568094403722
2023-08-25,0.001317795545034571,0.005371290015920396,0.0027415838474616444,0.0008921356208237291,0.004658097741645,0.004030038033668944
2023-08-28,0.013765613198969788,0.0026173019106839122,0.0050063826372378495,0.017403130839600323,0.01081260107014594,0.012412929776369817
2023-08-29,0.016149194853588233,0.00804501312162853,0.010515082579637233,0.014307716895489249,0.01374877998813975,0.011181862072966682
2023-08-30,0.0028742593354299955,0.0005703978134805778,0.006522486676354389,0.0022624422388612866,-0.0003299963147096293,0.0012858202391079234
2023-08-31,-0.005974206016953635,-0.005850020859965785,-0.010494489864765925,0.0009695116320724672,-0.003373218006606171,-0.0036410330969451135
2023-09-01,0.00644914444550902,0.0033532994328301716,0.002056831309770336,0.004185628082605825,0.012010802390779222,0.0013428014167811224
2023-09-05,-0.008014567517921076,-0.013906460961330165,-0.013160615809342281,-0.017154993403697485,-0.004683518963453598,-0.01548949646514462
2023-09-06,-0.008343123689912864,0.003626181707014521,-0.008940023524005487,-0.003959579746874408,-0.0038233521550285095,-0.0012956363222207134
2023-09-07,-0.010604221599402193,0.00923238191916555,-0.006248444821667617,-0.005049636226164389,0.001496194660280733,-0.006316378522109722
2023-09-08,0.0013459893755438659,0.010551462309739646,0.0014258497998657427,-0.010927164799263162,0.008498736763152517,2.6409662158072918e-05
2023-09-11,-0.006723607205208201,-0.00012103181203870718,-0.0030507330498718696,-0.0021645655985802225,-3.049853123698236e-06,0.0017062714918460072
2023-09-12,0.0016440928496216458,0.0012749474193419507,0.0015650109924447968,-0.004605803893081534,-0.005154304861457557,-0.00016915787143134702
2023-09-13,-0.002869588435999467,-0.006134705547012949,-0.006143934168245572,-0.0015088113310821256,-0.007237556209598427,-0.0026743406418910593
2023-09-14,0.01609516371071605,0.008613079877141789,0.013432878239788613,0.0063971647604304654,0.012884972788410713,0.0072234652352204986
2023-09-15,-0.009805726544405107,-0.006078633041569655,-0.0027445975163131312,-0.005823165262612772,-0.004817473939855365,-0.006750240379379308
2023-09-18,-0.00010014732210381354,-0.006498551022271225,-0.012400760182859474,-0.004339499093324242,-0.004441699849024385,-0.0018003171909456868
2023-09-19,-0.004122754584101436,0.0042162355996995665,-0.0023917542636775653,-0.0042995212572993005,0.0012625700823754625,-0.003602455949999929
2023-09-20,-0.0055660180256362855,-0.0008783629485945321,-0.006534772201493548,-0.0028543873826785823,-0.0016704928392694465,-0.0009712310077596858
2023-09-21,-0.027409876370408717,-0.01590944931878222,-0.0199416720291744,-0.02717179362858815,-0.013151663479979545,-0.0184440725350459
2023-09-22,-0.0035275645470880337,0.0007005439432661381,-0.005889400830605083,-0.0010107421686805784,-0.00220867261034721,-0.005379345808743398
2023-09-25,0.004410075009417429,0.0037551304571840087,0.003629824915259846,0.001849419402119092,0.005218386478837955,-0.001962820234719233
2023-09-26,-0.012469760530466077,-0.016169650441535854,-0.014109366718285506,-0.011147013405267138,-0.01548086601266821,-0.01469398593179886
2023-09-27,0.004966768506597378,-0.00020211176303584465,-0.005147661724276506,0.003455649215619617,0.008182555315506946,-0.003423277224529603
2023-09-28,0.00864758947681393,0.010452588376501402,0.014662063069435925,0.007993930970218815,0.007189525099665358,0.006500621326709477
2023-09-29,-0.002892276946237462,-0.007976368433819573,7.816976797031094e-05,-0.002065871733118093,-0.0059546853914764514,-0.0015240214718182338
2023-10-02,-0.01753224739681373,-0.0062343907584979825,-0.01935437345805112,-0.011672183368024083,-0.015512474982820447,-0.01715421121323214
2023-10-03,-0.0043758207105874655,-0.014580078718177613,-0.015636897949832272,-0.016123440498475018,-0.015250136072296068,-0.01260540220856053
2023-10-04,0.0070464444200457775,0.0014066434334575155,0.0074489787808658114,0.010216163344749295,-0.0027959125172745897,0.008551676584176061
2023-10-05,0.0003744459079475683,-0.0011205950240649448,-0.005950191441048972,-0.0009023082659774121,-0.004890483481693605,-0.013736852441840334
2023-10-06,0.010618905121330348,-0.0019248525661950465,0.00216512009076744,0.015494531700940242,0.011128635048716463,0.00566097658103227
2023-10-09,0.009674433076086422,0.010238647266211966,0.009207974022486,0.0007901562204223498,0.00900739739705767,-0.001372529404457364
2023-10-10,0.007273016839715964,0.017363332367834796,0.01496934836865337,0.008172558822157531,0.008382706345349263,0.00804226784870744
2023-10-11,-0.004063072021389166,0.000165175440153572,0.0031393344299633485,0.006390065027790783,0.0036812147904877325,0.0003411513767411945
2023-10-12,-0.014365273521584641,-0.0070151652091214635,-0.01278914986882407,-0.013368244298948997,-0.01458253259426504,-0.019471599816871524
2023-10-13,0.006413449179705818,0.00235087198828233,-0.0004974769787591168,-0.004642893792341773,0.0023123103211633023,-0.0008289660604523177
2023-10-16,0.01510064159599706,0.008848634930570786,0.015860899881607975,0.012222837035896892,0.01426535546371242,0.013893849828342885
2023-10-17,0.0016768809371717507,0.005990992897573211,0.007628174714987216,-0.0030353646291457074,0.0036440449317592855,0.007476264678038926
2023-10-18,-0.008151150213703547,-0.0078111810042854266,-0.007928998442420145,-0.02497974148919449,-0.0016195584583182665,-0.007865727355822269
2023-10-19,-0.012857570342627654,-0.010599191535578372,-0.012672346153404096,-0.009010528573368686,-0.006503312630623535,-0.008721521639289872
2023-10-20,-0.015243492268805298,-0.009637981256693821,-0.009078221762299948,-0.012514969405967465,-0.010808953228490105,-0.002108658878123111
2023-10-23,-0.004823368430320411,-0.006374092830234481,-0.001630976969525991,0.0031994606355766264,-0.005435590050147197,-0.004955334553432737
2023-10-24,0.005605150693109346,-0.005215194702375595,0.013413861671538399,0.008589654697890239,0.00903830426132937,0.004857291317445184
2023-10-25,-0.01357823609358426,-0.0073529662980557145,-0.004165876362889803,-0.020597926972980463,-0.006380032324919111,-0.01487338959524013
2023-10-26,-0.0012616067424530404,-0.0023636869614977003,0.008234169344337672,-0.010111245904758401,0.005544344821606219,-0.018417207331084328
2023-10-27,-0.006787899631441766,-0.012220419608724942,-0.011226812795303123,-0.01692402194808864,-0.010941875494477431,-0.012092436212039816
2023-10-30,0.003440236683401142,0.012200884390555914,0.002103960024909612,0.0006053069083885153,0.007418184295565102,0.009550502234123827
2023-10-31,0.009138575396920194,0.010696079658833997,0.01515016443215372,0.006891202201559324,0.013657908117682614,0.01104187049929886
2023-11-01,-0.0017304504161509077,0.003771327927178356,-0.005005265320012134,0.0024306675992939756,0.006941318788459212,0.0006814442115647458
2023-11-02,0.017768523454862937,0.012164241251319968,0.0242891195873523,0.030472353962996617,0.022269531036131857,0.01158071847533294
2023-11-03,0.018703291214034305,0.024121482158301094,0.012659204135191143,0.012565475874399053,0.015225049931190518,0.00990640347908249
2023-11-06,-0.00028946891497938477,-0.005001789746971954,-0.01058694738727196,0.0028068537430970984,-0.0006116099375055222,-0.0033716783725381734
2023-11-07,-0.0024517134352336914,0.000977989979734016,-0.010880276395414498,0.0008215209400255734,-0.008122136137510064,1.0532415657234055e-05
2023-11-08,-0.00148477333590385,-0.003610104267310754,-0.008123380567390532,0.008993433120991896,0.0011507119662579248,0.0036828249204982574
2023-11-09,-0.0026903245424798094,-0.012709129076780977,-0.017251089880444413,-0.011416076960007116,-0.007303120451362815,-0.0032444329756162495
2023-11-10,0.006910118757223395,0.010052081958729147,0.010947832164538087,0.015470046411259904,0.014425625193973562,0.010110133048340162
2023-11-13,0.0023334866207090315,-0.003214337794267121,-0.0015840167839735997,-0.002075917837630811,0.0016986486908294914,-0.004239111698478263
2023-11-14,0.01682580946514976,0.02696580796751521,0.038207957812534235,0.026883650148679956,0.01347052538086527,0.031125211650426705
2023-11-15,0.0023003876454935454,0.016635612485912114,0.012759962725505255,0.0015801062022159195,0.0033117533736121483,0.011320007906197412
2023-11-16,-0.002954741528625866,-0.01305493424928619,-0.024605711961326233,0.0008614629948015926,-0.008651444046802813,-0.019420008857200466
2023-11-17,0.0005408614786881567,0.005951003763370808,0.011310960359992376,0.0005542463231786607,0.004874792624596251,0.0016596402475700291
2023-11-20,0.010885629173197294,0.005491455633852287,0.0003001658876394126,0.012497585987436523,0.003536745282330219,0.004060766587196879
2023-11-21,0.004641037228711059,-0.007092506590767947,-0.005820701131263268,-4.589099892819974e-06,-0.003483131162797287,0.0011564420112167085
2023-11-22,0.004196131926421953,0.006886918331922445,0.006364853015080727,0.0013530462935812055,0.007247554193492264,0.006073362555633126
2023-11-24,0.007477667190865247,0.0025098038062325834,0.00485794160873728,0.0009622893888256135,0.003350268351327824,0.003938714135751078
2023-11-27,-0.002466553968136502,-0.002154498999398168,-0.004911957594702635,-0.001504225237907668,0.002048477320656025,-0.0018099926641200917
2023-11-28,0.002012060222106845,0.0006706792258724264,0.0012438423097403094,-0.006715195111437453,-0.0019377937513655084,-0.0004829422874690353
2023-11-29,0.0031291487157552294,0.006738023996988187,0.004011593191707314,0.003045768976254577,0.004465650981829769,-0.001486096800585569
2023-11-30,0.007227840419116197,0.009372730008867923,0.01004330269484741,0.006997827588032212,0.010469424449951248,0.008890128860554122
2023-12-01,0.005746742514159622,0.019377003471075814,0.016180509295636015,0.012002152800862932,0.005334009835358077,0.014552648789039486
2023-12-04,0.00046271147286927383,0.008078943381761277,0.003730935525146344,-0.002254837934303264,0.0017395694491577555,0.0034535409471862033
2023-12-05,-0.01006249715827663,-0.011305896027625259,-0.01598625367851122,-0.008752585582529756,-0.007615310185919152,-0.010197654395993908
2023-12-06,-0.011720511137099302,0.005463695872866821,0.00820043108720275,0.004276998394669158,-0.0010763744637198017,0.007862871889344855
2023-12-07,0.0026995200800584537,0.0017131456923574165,0.0112148837650402,0.007041863048993568,0.0008442274009598901,0.006729775736946374
2023-12-08,0.00380715956298173,0.0011095829226661549,0.0008446730174227478,0.008422171742074082,0.0018090441630021193,-0.004031817969222312
2023-12-11,0.007808115076447434,0.007464015281881497,0.002677950309392877,0.009734843493420834,0.009249725531864445,0.011176980087227903
2023-12-12,0.0017258648293215094,0.009482984519577707,-0.002179658483630946,0.00795278251688677,-0.005619524987561396,0.0016636598910145196
2023-12-13,0.032627400189446584,0.004972604172442481,0.03571780198208385,0.023151665313608884,0.00846231259481438,0.01826579210033552
2023-12-14,0.001699682200249793,0.008583068001840175,0.038122387461926574,0.008485995917517381,0.005760436774817594,0.010522818381060856
2023-12-15,-0.011143187460530104,-0.004818975644475157,-0.008889924485238322,-0.005781079148609515,-0.007853286718850976,-0.008295403161066285
2023-12-18,0.0035530684546433494,-0.004616195614889615,0.0017471980763143365,0.0014372582009042263,0.009822821445525992,0.0032606055772643927
2023-12-19,0.0071032310793179435,0.004054163508025498,0.013840039003912669,0.008731116183963512,0.009061712296917948,0.005647597526753991
2023-12-20,-0.02062439432273066,-0.02022267154432179,-0.019305740583429046,-0.01925846679267437,-0.012454636478253032,-0.015188006237518011
2023-12-21,0.014843665772866521,0.02066561427328766,0.014791340829100216,0.013584641388635826,0.006445618921568168,0.01045042092613488
2023-12-22,0.003862507939743709,-0.0019511512061609528,0.00456362434108836,0.004523003857416185,0.002139746944824516,0.004442822482528757
2023-12-26,0.006380633724064457,-0.0030934026141643364,0.010031033179142114,0.005444740397915845,0.003857164025147848,0.007466145822031722
2023-12-27,0.0007961237564511655,-2.7373867335696235e-05,-0.0023685361656252853,0.0023441903795035418,0.0018243009838342114,0.0017288220711328705
2023-12-28,-0.001610439056552773,0.001738556089031985,-0.002048249714035474,0.0024356782316743006,0.003215443518149781,0.0022017480560178903
2023-12-29,-0.0043026599770529415,0.0006415808835710417,-0.006332294935870185,-0.005510256806156124,0.0017394690353907524,-0.0008758109644791957
2024-01-02,0.0,0.0,0.0,0.0,0.0,0.0
2024-01-03,0.0,0.0,0.0,0.0,0.0,0.0
2024-01-04,0.00023471727726216614,-0.005340293985692393,-0.004517562889481403,-0.003892088181146366,0.0022149702654463786,-0.0035600611510252767
2024-01-05,-0.0035701133038749198,0.00015398182568283339,0.0020237644114198773,0.046638208654251626,0.0011576883372125004,0.0042686791301208395
2024-01-08,0.007084589732085666,0.024630532998118813,0.013013548267778523,0.014142413506297356,0.010310941378325071,0.01995375691912409
2024-01-09,-0.002954537108026451,-0.0008642164416097305,-0.009138423124907757,-0.008647615415819992,-0.005840062805205276,-0.006419312848711949
2024-01-10,0.008317788953489242,0.007743825614547758,0.004562693907980962,-0.001714887431849717,0.009399318023090849,-0.002770695356760197
2024-01-11,-0.0008301290614344516,-0.0027649545551933054,0.0007003813284299439,-0.010961236653168685,-0.004186302261553032,-0.0007893546264012067
2024-01-12,0.0010048857939076302,-0.00021376777775867052,-0.003598781638290732,-0.01910638741030686,0.0038014151266593937,-0.005006698391998811
2024-01-16,-0.002674971488299683,0.0004932419960622652,-0.008497922114124026,-0.02242689434573359,-0.005137871827710459,-0.005439593252047143
2024-01-17,-0.008951162388869583,-0.008533647452627482,-0.01052146864907941,-0.017938766393068076,-0.01035475720091636,-0.009878900175601318
2024-01-18,0.0008038740058884389,0.00935115458236636,0.006498975416166406,0.018435106151268133,0.003510445455784521,0.004371784547580786
2024-01-19,0.00779965923750415,0.008962029535324606,0.009863354763106284,0.00809483413930869,0.006914373470763957,0.004570476063561757
2024-01-22,0.007925384074679227,0.017035022228784558,0.008282595601209468,-0.0021834804007199327,0.013052730479627985,0.012427734698883398
2024-01-23,-0.011849051365380494,0.0012388829823676711,0.003775772008406175,0.006626485224834369,0.0009731560699897707,-0.0011830013241882062
2024-01-24,-0.007357272391027074,-0.0037721284793303693,-0.003977358969594418,0.002648992787088308,-0.004902648607706702,-0.010092744635669934
2024-01-25,0.017941410645173676,0.0016002141996939766,0.008272652975941708,0.01531069350792698,0.014053252633242233,0.015671285336236213
2024-01-26,-0.0012164145421189084,0.006081711504570538,0.006827554940857242,-0.00038520528399813665,0.0010745661632709774,0.0053462543017023505
2024-01-29,0.001717593713995312,0.01195470811513589,0.006265380295687078,0.013909841655307073,0.006552402895709361,0.012259767548837515
2024-01-30,0.003236913895698758,-0.006689858745164709,-0.0025424218615539475,-0.009256640883712908,-0.008641920086985723,-0.001620155058463955
2024-01-31,-0.012656287529013686,-0.01921668985594572,-0.010581112474613722,-0.006556789851895766,-0.006739293719180131,-0.01538764959284391
2024-02-01,0.016943212891044168,0.0060233634113296625,0.005366754695121072,0.007320629281772847,0.001592609279458266,0.023035323869363612
2024-02-02,-0.008286051014896084,0.0031563440560397485,0.00048014211585558156,0.006917279206616171,0.0011647444102720682,-0.004325656876211534
2024-02-05,-0.01080454290376874,-0.004445231097244434,-0.0035217733604146445,-0.02358994490939482,-0.010739174768579048,-0.008913977044764322
2024-02-06,0.016262129400301688,0.009626428642349066,0.0019089990051984244,0.006629908630352707,0.011915392906640693,0.006171021350086078
2024-02-07,-0.0012974482230127757,0.005955665803582584,0.0026898811982560577,0.008218819483771858,0.0066581909263795196,-0.003634294396758433
2024-02-08,0.004735339817235429,0.004910716374719736,0.0030982541579437535,-0.0009370878961647049,-0.0018904895580691252,0.009479467890114744
2024-02-09,-0.002195536043485239,0.00427001688457377,0.007955270689232307,0.009526118684943944,0.0076691081359867835,0.001096417031551534
2024-02-12,0.010953960556918918,0.004487336329248188,0.009297522922462947,0.013813814281159978,0.0031556229642963553,0.007162371449174266
2024-02-13,-0.012887044982985653,-0.013315280557250704,-0.02521718972161904,-0.021903771158012637,-0.012190816759548431,-0.025333525307812892
2024-02-14,0.008627477674816385,0.0059741687894371625,0.0024785840528891863,0.015267432505546335,0.003057495155205148,0.007925486016340594
2024-02-15,0.017009854408562616,0.015606924151170069,0.01359316632635148,0.014476675080301723,0.007118696393063446,0.010146466434080995
2024-02-16,-4.770152181494155e-06,-0.006805675917033397,-0.0030388477268589774,-0.009792979026384969,-0.0013512777598454744,-0.0011351212378547786
2024-02-20,-0.000856587229258786,-0.0016537687618610056,-0.006703406947282683,-0.01272097002302842,-0.008152984504727191,0.0010745506812113938
2024-02-21,0.005608950551590805,0.00425976705570301,0.005351762593622168,-0.00216547898487284,0.002887337388036534,0.003907546058082046
2024-02-22,-0.0022478278695459084,0.004780030932905218,0.009342057890320292,0.014679249472549675,0.01257873351523669,0.008279135520840593
2024-02-23,-0.0014926857644115363,-0.00030920786692196123,0.004615071569697701,0.00227695927928069,0.004924074826704172,9.412775928643608e-05
2024-02-26,-0.010180456290479976,-0.004531139382506993,-0.002967059648599497,-0.0007141852923757859,-0.0008043093006108,-0.0059580566183980496
2024-02-27,0.00631362006577046,0.0028195904383225157,-0.0014809749083988242,0.00900149792359705,0.00852573480573832,0.004202232577454181
2024-02-28,0.001304937678210349,0.00022959201317696072,0.002316018167214017,-0.004920735478403916,0.0039642697642111495,0.002628431694902054
2024-02-29,0.004356867176040857,0.012583578138899347,0.009341770456825545,0.014259812981259294,0.006610549594194756,0.004813638252380075
2024-03-01,0.005027953280634562,0.015531471687756714,0.02078372318661944,0.009550188154105613,0.018993797819349706,0.011016687245606562
2024-03-04,0.005741756600669506,-0.001984871616084917,0.0010023768882751424,-0.003762312681209882,0.0005728200874394016,0.003419613648322141
2024-03-05,0.0013019418048772105,-0.011733499274638489,-0.02442061834682351,-0.00036342651407563284,0.009574045975221294,-0.01326765440648375
2024-03-06,0.006709335715770644,0.011942269972380435,0.0005910428044907121,0.016061497211556672,0.0005689917616531744,0.006934321081826079
2024-03-07,0.005943574171037209,0.008037334050654432,0.012079412661751159,0.0175248789806064,-0.0002964083750756673,0.015422839283328701
2024-03-08,-0.0029401762512651403,-0.005740896604677154,-1.7397463901093154e-05,-0.012455168833087574,-0.0014227845258260128,-0.0030266948684331426
2024-03-11,0.006071065058867495,-0.0021019011349932433,-0.003532118947970726,0.003172291484919411,0.0022986533123585855,0.002455641226248324
2024-03-12,-0.0015546992607249346,0.010535500875269863,0.00505468131065083,-0.0009051270035995618,0.004400984986703501,0.004867993724803597
2024-03-13,0.0005214684710556937,-0.008170622960191793,0.005286502013866055,-0.0007708932503330997,-0.006540270858224173,-0.002219297894460421
2024-03-14,-0.009994045801581988,-0.011916736528399908,-0.017165300066744233,-0.018960009737156457,-0.011734400570206013,-0.008004930812641907
2024-03-15,0.0017927997644792732,-0.008481265019594487,-0.0003508322818343173,0.0005634613871976415,0.002984688219764199,-0.004784956822316185
2024-03-18,0.004076352020318632,0.01102390921580746,0.0054622204865961265,0.00569202129413984,0.0031162275617452077,0.0010174248814373429
2024-03-19,0.008667197355888228,0.004090448057338612,0.004888880851457941,-0.0007141349265503772,0.007749103234372869,0.006143868189762717
2024-03-20,0.01116609386748581,0.007856944934563629,0.013383344194036821,0.008996989127467749,0.010437262152029867,0.010446170365928644
2024-03-21,0.004854785151092755,-0.0006239612262446063,0.00927372521754108,0.002863793206456116,0.023208608223197546,0.0097833719138754
2024-03-22,-0.0017612371511310705,-0.003895254278822134,-0.003018082072031025,0.0009880553370675673,-0.0034357661389250965,-0.0071977741515897664
2024-03-25,0.005260757723953427,0.003908680285784531,-0.006813054641169993,0.00539874766378494,0.005625106685115255,-0.00420369917141016
2024-03-26,-0.0008633804714849483,0.001311882876726328,-0.0038432903104957013,-0.0007433101947255877,0.007408559634193992,0.00047858106239464924
2024-03-27,0.014912684964620846,0.020907397947043604,0.021453126120378398,0.02763282567618632,0.011477960431250243,0.020942196352119143
2024-03-28,0.0083754534709314,0.0060567230753176575,0.011306797531768786,0.001811537906975951,0.0045001403873720855,0.0007203289390709244
2024-04-01,-0.003933917612787189,-0.005231287078023878,0.0010827484443620694,0.002391932293465289,-0.008528819044080788,-0.004989252677558257
2024-04-02,-0.01035840623594943,-0.017025492117034823,-0.0060917571866132055,-0.015249045667412807,-0.010674533577659873,-0.01855174098503086
2024-04-03,-0.00490649856310469,0.006770204489650934,0.005377641096438584,0.011954494400865774,0.005548587547567177,0.0032334920060073193
2024-04-04,-0.01851463331515558,-0.011974579936605265,-0.014876740253527736,-0.018885447857148432,-0.009562676251637306,-0.01490359171324384
2024-04-05,0.007334794830507065,-0.003454522273532319,0.005785355871955971,-0.0020083161021570758,0.001019983426026819,0.007748900767284951
2024-04-08,0.0083153514975623,0.00940515800575043,0.007096388690016806,0.003715103591205201,-0.002477242533424193,0.00043671781988355947
2024-04-09,0.00717794445880348,0.009016858105773625,0.006869303463958378,0.004617519778560517,0.0014428262167314443,0.011154857607704047
2024-04-10,-0.011870715079572876,-0.015076309268539449,-0.020173542856825474,-0.008194681591602117,-0.011221125685718099,-0.020631928518878417
2024-04-11,0.001285147500229413,0.004468681148950988,0.0015402577554266723,0.010925540014689117,0.003545858687954019,0.005019399833003864
2024-04-12,-0.01851574102381701,-0.019803652147643295,-0.019517395359524667,-0.029845124039642044,-0.02170467354062727,-0.024726864709330266
2024-04-15,-0.004778292037325639,-0.016047942830500688,-0.013506735290946677,-0.01593434385218146,-0.019662326626529312,-0.007279354741162284
2024-04-16,-0.0030137983685328573,-0.004585851776751962,-0.0121043062191476,0.007019802283143772,0.0023930625625912666,-0.002825800069979977
2024-04-17,0.0023655600744631852,-0.0022173300295123756,-0.004534312507151537,-0.0009390141353517842,-0.001935950414264327,-0.003045954011150059
2024-04-18,-0.0006816961052195866,-0.0049179355866718795,-0.006465647572071439,-0.0011315021046951227,-0.0037690818743045377,-0.007003172503057316
2024-04-19,0.0060269919701884025,-0.005447745065220841,0.004107176588064424,-0.022334126908647924,-0.003679040272954753,-0.009214607889478973
2024-04-22,0.008881187488972785,0.01383812689882282,0.014158044313363316,0.013982448234522814,0.0077601204401100896,0.010824285616847649
2024-04-23,-0.0036114648466906577,0.015002830316805988,0.01521586520052663,0.032438421893861265,0.014770228516204584,0.01462222650141387
2024-04-24,0.006038354744292732,0.0049317522340218516,0.006857104426561614,-0.010664693455033318,-0.0028597826258944204,0.0071447428816703035
2024-04-25,0.006301038786364669,-0.002824984962498031,0.0046888986327136275,-0.0008367901579730173,0.004795334093131548,0.005696493624804571
2024-04-26,0.0017862139729177063,-0.006030598074575672,0.002151461387167768,0.01658308732168142,0.0032657358441891336,0.00327785356038187
2024-04-29,0.004694053519505983,0.007837282679843209,0.009641814631499322,0.01938700049812473,0.0024331366528831644,0.006035559908678998
2024-04-30,-0.01134575594722212,-0.02856426730507272,-0.018013358661880485,-0.02326061531125915,-0.01700275181486255,-0.013840701421842315
2024-05-01,-0.00869372167575217,-0.004883322038426931,0.0030502513864971454,-0.016543687507176746,-0.01010222082956661,0.003149965852753204
2024-05-02,0.008988107144274355,0.006131003133455928,0.008837363810159359,0.013415511467698621,0.00302126791697541,-0.006296777808575473
2024-05-03,0.006318208629756193,0.018463634301204974,0.0021975686141288884,0.012207152122978107,0.011895880953025236,0.02358870093454351
2024-05-06,0.0051827741132614525,0.008859198505503764,0.002812320852478247,0.016829101813925017,0.013880856626567215,0.0047903594854834435
2024-05-07,0.005542475254618015,-0.0009021740134924115,0.001451948011056833,-0.0038633645691361377,0.006797391096293302,-0.0010179224484228116
2024-05-08,0.0024924308924201017,-0.004566985451387392,-0.001251989505056587,0.0028784391822403318,-0.00022985116303586632,-0.0019289702176895373
2024-05-09,0.00936165609462815,0.015397588900731486,0.011915801548008977,0.0018252148870759708,0.014371536741818262,0.0088638127582907
2024-05-10,0.005588778168082163,-0.00325031684753836,0.0006472373664354097,-0.0033539099984643593,0.005220193793190138,0.001523690774788918
2024-05-13,-0.003111566567126566,-0.0013451938906855901,-9.033302830196988e-07,0.009055657250668796,-0.0008944957859956099,0.0004245012952523911
2024-05-14,0.0021679006241421663,0.0021183898581663106,0.004613346810560906,0.013637690012674156,0.002043515002874218,0.0034437474515226505
2024-05-15,0.003894533848769059,0.00814188281415047,0.005246191765068242,0.016544575108524046,0.0020025842631248548,0.010005655349224724
2024-05-16,0.001631100348371038,-0.0013765048852988435,0.004675459214179197,-0.0091467584928602,0.005035303123868915,-0.008596273081090514
2024-05-17,0.0043477373358201,0.004729066566334232,0.008432919833691262,0.00011971571745692205,-0.002600841287083557,0.0014854604790068243
2024-05-20,0.0022542614981106565,-0.006042988831899585,-0.009545889115599983,0.00814542307065609,-0.0050234339108387975,-0.0007840527573756977
2024-05-21,0.001209478633207554,-0.0027652631503916223,-0.0036541071956900373,0.0005534613653520853,0.00011061560144002376,-0.007660223388245389
2024-05-22,-0.015319963905376132,-0.01641592510779453,0.0005079901065967877,-0.004417093606055792,-0.008709418345872605,0.0012721369681122797
2024-05-23,-0.011088166171561591,-0.01549291160372421,-0.013266111656852592,-0.023535119206563045,-0.007751881767220681,-0.013606807530797708
2024-05-24,0.007122977257366419,0.007851866879303589,0.0060167470251906935,0.01896745455649927,0.014253728220619868,0.004022669965817017
2024-05-28,-0.00618095910741769,-0.006134669561328167,-0.0043889069945946164,-0.02504846345736349,0.00020156225232350017,-0.007240959230175869
2024-05-29,-0.015152587087055898,-0.0024046749286762608,-0.016681869688104384,0.0046269628164849015,-0.0105643400102025,-0.012082787182432072
2024-05-30,0.004694121752700377,-0.012167153124654918,0.008870951363421855,0.0007512755135973092,0.010395089882549424,0.007542910079449791
2024-05-31,0.017350484863820605,0.011935407183398413,0.017731628345575064,0.003287054095356175,0.018569617698826573,0.011072645547323054
2024-06-03,-0.004249135042590543,-0.01674301719255606,-0.004645309790099617,-0.007227606415003871,-0.00110952270227853,0.0011993715984888872
2024-06-04,0.0013887065629069485,0.00507367247633609,0.0012553958503772615,0.006374427122039395,-0.010353241664291808,-0.0067437393968174525
2024-06-05,-0.0018414650913958649,0.00721764867127919,0.0037648019920525698,0.01397318966261166,0.00493683804988875,0.008675053756294397
2024-06-06,0.0003573287587207002,0.002827887684882906,-0.002425344342128864,-0.009998506211922366,-0.007003587969681139,-0.0011505385300938707
2024-06-07,-0.008645230688507968,1.7193032955502567e-05,-0.00460095558744295,-0.005233744571854496,-0.003742985912598559,-0.007260548807371258
2024-06-10,0.004144084370889175,0.002982210459455792,0.005269680863429604,0.00273382569244336,0.010396600128560252,0.0026486811946517474
2024-06-11,-0.0019034126879713224,0.00044763312969694396,-0.004450254398004762,0.007528768501048299,0.0012018182803433808,-0.00010915218302941752
2024-06-12,-4.2375046230075635e-05,0.01193404176825967,0.00469505846624234,0.0039010931297166146,0.0028021490251860432,0.0031800469420283453
2024-06-13,0.0014051229314089903,0.0013696060379770718,0.0036245899238488855,0.0002452259327324711,-0.0051038149580810484,-0.001051611297229211
2024-06-14,-0.006234173607613811,0.0025634943237618033,-0.004771786501952031,-0.017367830507884447,-0.004735713967920472,-0.006635152740935906
2024-06-17,0.002129223394681032,0.008510516672161782,0.009464324150679378,0.005227148171022015,0.007748271650536206,0.008023515336334898
2024-06-18,0.0055043048226178,0.0031554009550981083,-0.0024789314001010853,0.006713488814654022,0.0023394177414559963,-0.0023997256662941888
2024-06-20,0.00661246283979533,0.01304193977637235,0.006609159892211754,-0.0006209527177232483,0.0037945575207624883,0.0046043799387335965
2024-06-21,0.0018234228467818385,0.008517651955496947,0.0043716932613049484,-0.006163383000970975,0.0010668909095799244,0.005225444304190329
2024-06-24,0.0066299685265819724,-0.007681275174448191,0.005445187791941843,-0.01187605550094355,0.00581933256688897,0.004491999858262378
2024-06-25,-0.0045891912929755686,-0.005427254728780175,-0.011718625544002706,-0.00510415310330322,-0.007088511166317077,-0.0046175880430547375
2024-06-26,-0.006935754761913223,-0.006271055338122137,0.003935175044104362,-0.006965684255869597,-0.007435087983159078,8.663492837632457e-05
2024-06-27,-0.000924984128540807,0.005013068161271144,-0.0046582976697602165,0.011489520311646066,-0.0072964128313890335,0.002101124694380303
2024-06-28,-0.002069482970352083,-0.00801188843283979,0.005979425414926243,-0.0040190753411863955,0.0017625858693206026,0.006562648243700727
